Timestamp,Accelerometer_X_g,Accelerometer_Y_g,Accelerometer_Z_g,Gyroscope_X_deg_s,Gyroscope_Y_deg_s,Gyroscope_Z_deg_s,label,Event_ID,Label_Source
2026-07-28 10:38:34.663,0.01,-0.02,1.0,0.12,-0.06,0.06,NO_FALL,,
2026-07-28 10:38:34.664,0.01,-0.02,1.0,0.12,-0.06,0.06,NO_FALL,,
2026-07-28 10:38:34.722,0.01,-0.01,1.0,0.12,-0.06,0.06,NO_FALL,,
2026-07-28 10:38:34.722,0.01,-0.01,1.0,0.12,-0.06,0.06,NO_FALL,,
2026-07-28 10:38:34.723,0.01,-0.01,1.0,0.12,-0.06,0.06,NO_FALL,,
2026-07-28 10:38:34.781,0.01,-0.01,1.0,0.12,-0.06,0.06,NO_FALL,,
2026-07-28 10:38:34.782,0.01,-0.01,1.0,0.12,-0.06,0.06,NO_FALL,,
2026-07-28 10:38:34.783,0.01,-0.01,1.0,0.12,0.0,0.06,NO_FALL,,
2026-07-28 10:38:34.841,0.01,-0.01,1.0,0.12,0.0,0.06,NO_FALL,,
2026-07-28 10:38:34.842,0.01,-0.02,1.0,0.12,-0.06,0.06,NO_FALL,,
2026-07-28 10:38:34.843,0.01,-0.02,1.0,0.12,-0.06,0.06,NO_FALL,,
2026-07-28 10:38:34.901,0.01,-0.02,1.0,0.06,-0.06,0.06,NO_FALL,,
2026-07-28 10:38:34.902,0.01,-0.02,1.0,0.06,-0.06,0.06,NO_FALL,,
2026-07-28 10:38:34.961,0.01,-0.02,1.0,0.06,-0.06,0.06,NO_FALL,,
2026-07-28 10:38:34.962,0.01,-0.02,1.0,0.06,-0.06,0.06,NO_FALL,,
2026-07-28 10:38:34.963,0.01,-0.02,1.0,0.06,-0.06,0.06,NO_FALL,,
2026-07-28 10:38:35.021,0.01,-0.02,1.0,0.12,-0.06,0.06,NO_FALL,,
2026-07-28 10:38:35.022,0.01,-0.02,1.0,0.12,-0.06,0.06,NO_FALL,,
2026-07-28 10:38:35.023,0.01,-0.02,1.0,0.12,-0.06,0.12,NO_FALL,,
2026-07-28 10:38:35.082,0.01,-0.02,1.0,0.12,-0.06,0.12,NO_FALL,,
2026-07-28 10:38:35.082,0.01,-0.01,1.0,0.12,-0.06,0.06,NO_FALL,,
2026-07-28 10:38:35.083,0.01,-0.01,1.0,0.12,-0.06,0.06,NO_FALL,,
2026-07-28 10:38:35.141,0.01,-0.01,1.0,0.12,-0.06,0.06,NO_FALL,,
2026-07-28 10:38:35.142,0.01,-0.01,1.0,0.12,-0.06,0.06,NO_FALL,,
2026-07-28 10:38:35.202,0.01,-0.01,1.0,0.12,-0.06,0.06,NO_FALL,,
2026-07-28 10:38:35.202,0.01,-0.01,1.0,0.06,-0.06,0.06,NO_FALL,,
2026-07-28 10:38:35.203,0.01,-0.01,1.0,0.06,-0.06,0.06,NO_FALL,,
2026-07-28 10:38:35.261,0.01,-0.01,1.0,0.06,-0.06,0.06,NO_FALL,,
2026-07-28 10:38:35.262,0.01,-0.01,1.0,0.06,-0.06,0.06,NO_FALL,,
2026-07-28 10:38:35.263,0.01,-0.02,1.0,0.06,-0.06,0.06,NO_FALL,,
2026-07-28 10:38:35.321,0.01,-0.02,1.0,0.06,-0.06,0.06,NO_FALL,,
2026-07-28 10:38:35.322,0.01,-0.02,1.0,0.06,-0.06,0.12,NO_FALL,,
2026-07-28 10:38:35.323,0.01,-0.02,1.0,0.06,-0.06,0.12,NO_FALL,,
2026-07-28 10:38:35.382,0.01,-0.01,1.0,0.12,-0.06,0.12,NO_FALL,,
2026-07-28 10:38:35.382,0.01,-0.01,1.0,0.12,-0.06,0.12,NO_FALL,,
2026-07-28 10:38:35.441,0.01,-0.01,1.0,0.12,-0.06,0.12,NO_FALL,,
2026-07-28 10:38:35.442,0.01,-0.01,1.0,0.12,-0.06,0.06,NO_FALL,,
2026-07-28 10:38:35.443,0.01,-0.01,1.0,0.12,-0.06,0.06,NO_FALL,,
2026-07-28 10:38:35.501,0.01,-0.02,1.0,0.12,-0.06,0.06,NO_FALL,,
2026-07-28 10:38:35.502,0.01,-0.02,1.0,0.12,-0.06,0.06,NO_FALL,,
2026-07-28 10:38:35.503,0.01,-0.02,1.0,0.12,-0.06,0.06,NO_FALL,,
2026-07-28 10:38:35.561,0.01,-0.02,1.0,0.12,-0.06,0.06,NO_FALL,,
2026-07-28 10:38:35.562,0.01,-0.02,1.0,0.12,-0.06,0.06,NO_FALL,,
2026-07-28 10:38:35.563,0.01,-0.02,1.0,0.12,-0.06,0.06,NO_FALL,,
2026-07-28 10:38:35.621,0.01,-0.02,1.0,0.12,-0.06,0.06,NO_FALL,,
2026-07-28 10:38:35.622,0.01,-0.02,1.0,0.06,-0.06,0.06,NO_FALL,,
2026-07-28 10:38:35.681,0.01,-0.02,1.0,0.06,-0.06,0.06,NO_FALL,,
2026-07-28 10:38:35.682,0.01,-0.02,1.0,0.12,-0.06,0.06,NO_FALL,,
2026-07-28 10:38:35.683,0.01,-0.02,1.0,0.12,-0.06,0.06,NO_FALL,,
2026-07-28 10:38:35.741,0.01,-0.02,1.0,0.12,-0.06,0.06,NO_FALL,,
2026-07-28 10:38:35.742,0.01,-0.02,1.0,0.12,-0.06,0.06,NO_FALL,,
2026-07-28 10:38:35.743,0.01,-0.01,1.0,0.18,-0.06,0.06,NO_FALL,,
2026-07-28 10:38:35.801,0.01,-0.01,1.0,0.18,-0.06,0.06,NO_FALL,,
2026-07-28 10:38:35.802,0.01,-0.02,1.0,0.18,-0.06,0.06,NO_FALL,,
2026-07-28 10:38:35.803,0.01,-0.02,1.0,0.18,-0.06,0.06,NO_FALL,,
2026-07-28 10:38:35.861,0.01,-0.02,1.0,0.12,-0.06,0.06,NO_FALL,,
2026-07-28 10:38:35.862,0.01,-0.02,1.0,0.12,-0.06,0.06,NO_FALL,,
2026-07-28 10:38:35.921,0.01,-0.02,1.0,0.12,-0.06,0.06,NO_FALL,,
2026-07-28 10:38:35.922,0.01,-0.02,1.0,0.12,-0.06,0.06,NO_FALL,,
2026-07-28 10:38:35.923,0.01,-0.02,1.0,0.12,-0.06,0.06,NO_FALL,,
2026-07-28 10:38:35.982,0.01,-0.01,1.0,0.12,-0.06,0.06,NO_FALL,,
2026-07-28 10:38:35.982,0.01,-0.01,1.0,0.12,-0.06,0.06,NO_FALL,,
2026-07-28 10:38:35.983,0.01,-0.02,1.0,0.12,-0.06,0.06,NO_FALL,,
2026-07-28 10:38:36.041,0.01,-0.02,1.0,0.12,-0.06,0.06,NO_FALL,,
2026-07-28 10:38:36.042,0.01,-0.01,1.0,0.12,-0.06,0.06,NO_FALL,,
2026-07-28 10:38:36.043,0.01,-0.01,1.0,0.12,-0.06,0.06,NO_FALL,,
2026-07-28 10:38:36.101,0.01,-0.01,1.0,0.12,-0.06,0.06,NO_FALL,,
2026-07-28 10:38:36.102,0.01,-0.02,1.0,0.12,-0.06,0.06,NO_FALL,,
2026-07-28 10:38:36.161,0.01,-0.02,1.0,0.12,-0.06,0.06,NO_FALL,,
2026-07-28 10:38:36.162,0.01,-0.02,1.0,0.12,-0.06,0.06,NO_FALL,,
2026-07-28 10:38:36.163,0.01,-0.02,1.0,0.12,-0.06,0.06,NO_FALL,,
2026-07-28 10:38:36.221,0.01,-0.02,1.0,0.12,-0.06,0.06,NO_FALL,,
2026-07-28 10:38:36.222,0.01,-0.02,1.0,0.12,-0.06,0.06,NO_FALL,,
2026-07-28 10:38:36.281,0.01,-0.02,1.0,0.12,-0.06,0.06,NO_FALL,,
2026-07-28 10:38:36.281,0.01,-0.02,1.0,0.12,-0.06,0.06,NO_FALL,,
2026-07-28 10:38:36.282,0.01,-0.02,1.0,0.12,-0.06,0.06,NO_FALL,,
2026-07-28 10:38:36.283,0.01,-0.02,1.0,0.12,-0.06,0.06,NO_FALL,,
2026-07-28 10:38:36.341,0.01,-0.02,1.0,0.12,-0.06,0.06,NO_FALL,,
2026-07-28 10:38:36.342,0.01,-0.02,1.0,0.12,-0.06,0.06,NO_FALL,,
2026-07-28 10:38:36.343,0.01,-0.02,1.0,0.12,-0.06,0.06,NO_FALL,,
2026-07-28 10:38:36.402,0.01,-0.02,1.0,0.12,-0.06,0.06,NO_FALL,,
2026-07-28 10:38:36.402,0.01,-0.02,1.0,0.12,-0.06,0.06,NO_FALL,,
2026-07-28 10:38:36.462,0.01,-0.02,1.0,0.12,-0.06,0.06,NO_FALL,,
2026-07-28 10:38:36.462,0.01,-0.02,1.0,0.12,-0.06,0.06,NO_FALL,,
2026-07-28 10:38:36.463,0.01,-0.02,1.0,0.12,-0.06,0.06,NO_FALL,,
2026-07-28 10:38:36.521,0.01,-0.02,1.0,0.12,-0.06,0.06,NO_FALL,,
2026-07-28 10:38:36.522,0.01,-0.02,1.0,0.12,-0.06,0.12,NO_FALL,,
2026-07-28 10:38:36.523,0.01,-0.02,1.0,0.12,-0.06,0.12,NO_FALL,,
2026-07-28 10:38:36.582,0.01,-0.01,1.0,0.18,-0.06,0.12,NO_FALL,,
2026-07-28 10:38:36.582,0.01,-0.01,1.0,0.18,-0.06,0.12,NO_FALL,,
2026-07-28 10:38:36.583,0.01,-0.01,1.0,0.18,-0.06,0.12,NO_FALL,,
2026-07-28 10:38:36.641,0.01,-0.02,1.0,0.12,-0.06,0.06,NO_FALL,,
2026-07-28 10:38:36.642,0.01,-0.02,1.0,0.12,-0.06,0.06,NO_FALL,,
2026-07-28 10:38:36.701,0.01,-0.01,1.0,0.12,-0.06,0.06,FALL,1,AUTO_FALL_LIKE
2026-07-28 10:38:36.702,0.01,-0.01,1.0,0.12,-0.06,0.06,FALL,1,AUTO_FALL_LIKE
2026-07-28 10:38:36.703,0.01,-0.02,1.0,0.24,-0.06,0.06,FALL,1,AUTO_FALL_LIKE
2026-07-28 10:38:36.761,0.01,-0.02,1.0,0.24,-0.06,0.06,FALL,1,AUTO_FALL_LIKE
2026-07-28 10:38:36.762,0.01,-0.02,1.01,0.55,-0.06,0.06,FALL,1,AUTO_FALL_LIKE
2026-07-28 10:38:36.763,0.01,-0.02,1.01,0.55,-0.06,0.06,FALL,1,AUTO_FALL_LIKE
2026-07-28 10:38:36.821,0.01,-0.02,1.0,1.28,0.0,0.06,FALL,1,AUTO_FALL_LIKE
2026-07-28 10:38:36.822,0.01,-0.02,1.0,1.83,0.12,0.12,FALL,1,AUTO_FALL_LIKE
2026-07-28 10:38:36.823,0.01,-0.01,1.0,1.83,0.12,0.12,FALL,1,AUTO_FALL_LIKE
2026-07-28 10:38:36.881,0.01,-0.01,0.99,1.65,0.18,0.18,FALL,1,AUTO_FALL_LIKE
2026-07-28 10:38:36.882,0.01,-0.01,0.99,1.65,0.18,0.18,FALL,1,AUTO_FALL_LIKE
2026-07-28 10:38:36.941,0.0,-0.01,0.99,0.92,0.06,0.18,FALL,1,AUTO_FALL_LIKE
2026-07-28 10:38:36.942,0.0,-0.01,0.99,0.92,0.06,0.18,FALL,1,AUTO_FALL_LIKE
2026-07-28 10:38:36.943,0.0,-0.01,1.0,0.24,-0.06,0.06,FALL,1,AUTO_FALL_LIKE
2026-07-28 10:38:37.001,0.0,-0.01,1.0,0.24,-0.06,0.06,FALL,1,AUTO_FALL_LIKE
2026-07-28 10:38:37.002,0.01,-0.01,1.0,0.0,-0.06,0.06,FALL,1,AUTO_FALL_LIKE
2026-07-28 10:38:37.003,0.01,-0.01,1.0,0.0,-0.06,0.06,FALL,1,AUTO_FALL_LIKE
2026-07-28 10:38:37.062,0.01,-0.01,1.0,0.0,0.0,0.06,FALL,1,AUTO_FALL_LIKE
2026-07-28 10:38:37.062,0.01,-0.01,1.0,0.12,0.0,0.06,FALL,1,AUTO_FALL_LIKE
2026-07-28 10:38:37.063,0.01,-0.01,1.0,0.12,0.0,0.06,FALL,1,AUTO_FALL_LIKE
2026-07-28 10:38:37.121,0.01,0.0,1.0,0.12,0.0,0.12,FALL,1,AUTO_FALL_LIKE
2026-07-28 10:38:37.122,0.01,0.0,1.0,0.12,0.0,0.12,FALL,1,AUTO_FALL_LIKE
2026-07-28 10:38:37.182,0.0,0.06,1.0,0.18,0.0,1.53,FALL,1,AUTO_FALL_LIKE
2026-07-28 10:38:37.182,0.0,0.06,1.0,0.18,0.0,1.53,FALL,1,AUTO_FALL_LIKE
2026-07-28 10:38:37.183,0.01,-0.02,1.0,-0.06,-0.06,2.99,FALL,1,AUTO_FALL_LIKE
2026-07-28 10:38:37.241,0.01,-0.02,1.0,-0.06,-0.06,2.99,FALL,1,AUTO_FALL_LIKE
2026-07-28 10:38:37.242,0.03,-0.07,1.02,-3.91,0.12,-19.41,FALL,1,AUTO_FALL_LIKE
2026-07-28 10:38:37.243,0.04,0.04,1.15,-29.05,-1.71,-61.89,FALL,1,AUTO_FALL_LIKE
2026-07-28 10:38:37.301,0.04,0.04,1.15,-29.05,-1.71,-61.89,FALL,1,AUTO_FALL_LIKE
2026-07-28 10:38:37.302,0.11,-0.04,1.59,-58.47,-23.19,-71.66,FALL,1,AUTO_FALL_LIKE
2026-07-28 10:38:37.303,0.11,-0.04,1.59,-58.47,-23.19,-71.66,FALL,1,AUTO_FALL_LIKE
2026-07-28 10:38:37.362,0.12,-0.3,2.05,-48.46,-87.77,-54.5,FALL,1,AUTO_FALL_LIKE
2026-07-28 10:38:37.362,0.12,-0.3,2.05,-48.46,-87.77,-54.5,FALL,1,AUTO_FALL_LIKE
2026-07-28 10:38:37.422,0.05,-0.49,2.07,-44.01,-170.53,-60.79,FALL,1,AUTO_FALL_LIKE
2026-07-28 10:38:37.422,0.11,-0.3,1.53,-103.82,-243.84,-70.8,FALL,1,AUTO_FALL_LIKE
2026-07-28 10:38:37.423,0.11,-0.3,1.53,-103.82,-243.84,-70.8,FALL,1,AUTO_FALL_LIKE
2026-07-28 10:38:37.481,0.35,0.68,-0.02,-155.58,-315.73,-64.27,FALL,1,AUTO_FALL_LIKE
2026-07-28 10:38:37.482,0.35,0.68,-0.02,-155.58,-315.73,-64.27,FALL,1,AUTO_FALL_LIKE
2026-07-28 10:38:37.541,0.46,2.0,-1.93,-106.2,-295.41,-59.02,FALL,1,AUTO_FALL_LIKE
2026-07-28 10:38:37.542,0.46,2.0,-1.93,-106.2,-295.41,-59.02,FALL,1,AUTO_FALL_LIKE
2026-07-28 10:38:37.543,0.14,2.2,-1.58,20.08,-74.83,53.71,FALL,1,AUTO_FALL_LIKE
2026-07-28 10:38:37.602,-0.69,0.68,0.86,139.95,181.88,255.31,FALL,1,AUTO_FALL_LIKE
2026-07-28 10:38:37.602,-0.69,0.68,0.86,139.95,181.88,255.31,FALL,1,AUTO_FALL_LIKE
2026-07-28 10:38:37.661,-1.65,-1.87,2.9,142.27,281.19,356.93,FALL,1,AUTO_FALL_LIKE
2026-07-28 10:38:37.662,-1.65,-1.87,2.9,142.27,281.19,356.93,FALL,1,AUTO_FALL_LIKE
2026-07-28 10:38:37.663,-2.03,-3.68,3.28,41.63,194.03,236.33,FALL,1,AUTO_FALL_LIKE
2026-07-28 10:38:37.721,-2.03,-3.68,3.28,-75.74,-8.97,-70.98,FALL,1,AUTO_FALL_LIKE
2026-07-28 10:38:37.722,-1.55,-3.08,2.36,-75.74,-8.97,-70.98,FALL,1,AUTO_FALL_LIKE
2026-07-28 10:38:37.723,-0.74,-0.95,1.34,-173.34,-187.93,-346.2,FALL,1,AUTO_FALL_LIKE
2026-07-28 10:38:37.782,-0.74,-0.95,1.34,-173.34,-187.93,-346.2,FALL,1,AUTO_FALL_LIKE
2026-07-28 10:38:37.782,-0.01,1.2,0.4,-220.4,-279.91,-453.0,FALL,1,AUTO_FALL_LIKE
2026-07-28 10:38:37.841,-0.01,1.2,0.4,-220.4,-279.91,-453.0,FALL,1,AUTO_FALL_LIKE
2026-07-28 10:38:37.842,0.43,2.66,-0.61,-197.81,-270.45,-388.0,FALL,1,AUTO_FALL_LIKE
2026-07-28 10:38:37.843,0.56,3.0,-1.36,-110.6,-182.31,-194.64,FALL,1,AUTO_FALL_LIKE
2026-07-28 10:38:37.901,0.56,3.0,-1.36,-110.6,-182.31,-194.64,FALL,1,AUTO_FALL_LIKE
2026-07-28 10:38:37.902,0.41,2.38,-1.16,-33.75,-49.68,47.67,FALL,1,AUTO_FALL_LIKE
2026-07-28 10:38:37.903,0.41,2.38,-1.16,-33.75,-49.68,47.67,FALL,1,AUTO_FALL_LIKE
2026-07-28 10:38:37.961,-0.23,1.18,0.03,96.13,106.87,261.17,FALL,1,AUTO_FALL_LIKE
2026-07-28 10:38:37.962,-0.23,1.18,0.03,96.13,106.87,261.17,FALL,1,AUTO_FALL_LIKE
2026-07-28 10:38:38.021,-1.07,-0.43,1.36,215.21,246.95,422.97,FALL,1,AUTO_FALL_LIKE
2026-07-28 10:38:38.022,-1.52,-2.01,1.95,121.28,306.95,502.81,FALL,1,AUTO_FALL_LIKE
2026-07-28 10:38:38.023,-1.52,-2.01,1.95,121.28,306.95,502.81,FALL,1,AUTO_FALL_LIKE
2026-07-28 10:38:38.082,-1.56,-2.92,1.64,-26.31,228.82,409.97,FALL,1,AUTO_FALL_LIKE
2026-07-28 10:38:38.082,-1.56,-2.92,1.64,-26.31,228.82,409.97,FALL,1,AUTO_FALL_LIKE
2026-07-28 10:38:38.141,-1.26,-2.87,1.15,-25.88,70.86,140.38,FALL,1,AUTO_FALL_LIKE
2026-07-28 10:38:38.142,-1.26,-2.87,1.15,47.36,-48.4,-144.1,FALL,1,AUTO_FALL_LIKE
2026-07-28 10:38:38.143,-0.7,-1.97,0.92,47.36,-48.4,-144.1,FALL,1,AUTO_FALL_LIKE
2026-07-28 10:38:38.201,-0.16,-0.7,0.66,126.22,-112.06,-323.49,FALL,1,AUTO_FALL_LIKE
2026-07-28 10:38:38.202,-0.16,-0.7,0.66,126.22,-112.06,-323.49,FALL,1,AUTO_FALL_LIKE
2026-07-28 10:38:38.262,0.29,0.49,0.17,192.63,-126.1,-375.37,FALL,1,AUTO_FALL_LIKE
2026-07-28 10:38:38.262,0.29,0.49,0.17,192.63,-126.1,-375.37,FALL,1,AUTO_FALL_LIKE
2026-07-28 10:38:38.263,0.63,1.17,0.02,119.45,-33.57,-283.69,FALL,1,AUTO_FALL_LIKE
2026-07-28 10:38:38.321,0.71,1.12,0.4,-35.71,126.04,-98.45,FALL,1,AUTO_FALL_LIKE
2026-07-28 10:38:38.322,0.71,1.12,0.4,-35.71,126.04,-98.45,FALL,1,AUTO_FALL_LIKE
2026-07-28 10:38:38.323,0.51,0.54,0.84,-88.56,220.15,77.15,FALL,1,AUTO_FALL_LIKE
2026-07-28 10:38:38.381,0.51,0.54,0.84,-88.56,220.15,77.15,FALL,1,AUTO_FALL_LIKE
2026-07-28 10:38:38.382,0.16,-0.17,1.1,-68.79,225.59,171.94,FALL,1,AUTO_FALL_LIKE
2026-07-28 10:38:38.441,0.16,-0.17,1.1,-68.79,225.59,171.94,FALL,1,AUTO_FALL_LIKE
2026-07-28 10:38:38.442,-0.09,-0.57,1.2,-35.46,193.3,175.23,FALL,1,AUTO_FALL_LIKE
2026-07-28 10:38:38.443,-0.26,-0.67,1.22,-18.98,132.51,129.15,FALL,1,AUTO_FALL_LIKE
2026-07-28 10:38:38.501,-0.26,-0.67,1.22,-18.98,132.51,129.15,FALL,1,AUTO_FALL_LIKE
2026-07-28 10:38:38.502,-0.4,-0.76,1.03,-81.97,35.4,83.8,FALL,1,AUTO_FALL_LIKE
2026-07-28 10:38:38.503,-0.4,-0.76,1.03,-81.97,35.4,83.8,FALL,1,AUTO_FALL_LIKE
2026-07-28 10:38:38.562,-0.39,-0.79,0.73,-149.9,-42.42,48.71,FALL,1,AUTO_FALL_LIKE
2026-07-28 10:38:38.562,-0.39,-0.79,0.73,-149.9,-42.42,48.71,FALL,1,AUTO_FALL_LIKE
2026-07-28 10:38:38.621,-0.27,-0.6,0.56,-44.92,-44.86,29.54,FALL,1,AUTO_FALL_LIKE
2026-07-28 10:38:38.622,-0.16,-0.41,0.67,174.19,24.29,47.61,FALL,1,AUTO_FALL_LIKE
2026-07-28 10:38:38.623,-0.16,-0.41,0.67,174.19,24.29,47.61,FALL,1,AUTO_FALL_LIKE
2026-07-28 10:38:38.681,-0.07,-0.41,0.97,214.23,90.39,71.41,FALL,1,AUTO_FALL_LIKE
2026-07-28 10:38:38.682,-0.07,-0.41,0.97,214.23,90.39,71.41,FALL,1,AUTO_FALL_LIKE
2026-07-28 10:38:38.742,-0.05,-0.47,1.04,69.27,111.27,49.68,FALL,1,AUTO_FALL_LIKE
2026-07-28 10:38:38.742,-0.05,-0.47,1.04,69.27,111.27,49.68,FALL,1,AUTO_FALL_LIKE
2026-07-28 10:38:38.743,-0.08,-0.39,0.84,-58.78,118.9,19.41,FALL,1,AUTO_FALL_LIKE
2026-07-28 10:38:38.801,-0.24,-0.24,0.66,-124.33,109.92,24.78,FALL,1,AUTO_FALL_LIKE
2026-07-28 10:38:38.802,-0.24,-0.24,0.66,-124.33,109.92,24.78,FALL,1,AUTO_FALL_LIKE
2026-07-28 10:38:38.803,-0.53,-0.04,0.64,-95.52,92.04,42.66,FALL,1,AUTO_FALL_LIKE
2026-07-28 10:38:38.861,-0.53,-0.04,0.64,-95.52,92.04,42.66,FALL,1,AUTO_FALL_LIKE
2026-07-28 10:38:38.862,-0.74,0.11,0.64,14.4,74.95,47.91,FALL,1,AUTO_FALL_LIKE
2026-07-28 10:38:38.863,-0.74,0.11,0.64,14.4,74.95,47.91,FALL,1,AUTO_FALL_LIKE
2026-07-28 10:38:38.922,-0.79,-0.02,0.55,114.26,92.41,44.98,FALL,1,AUTO_FALL_LIKE
2026-07-28 10:38:38.922,-0.83,-0.28,0.41,186.71,149.41,57.07,FALL,1,AUTO_FALL_LIKE
2026-07-28 10:38:38.981,-0.83,-0.28,0.41,186.71,149.41,57.07,FALL,1,AUTO_FALL_LIKE
2026-07-28 10:38:38.982,-0.82,-0.26,0.31,214.78,165.53,84.35,FALL,1,AUTO_FALL_LIKE
2026-07-28 10:38:38.983,-0.82,-0.26,0.31,214.78,165.53,84.35,FALL,1,AUTO_FALL_LIKE
2026-07-28 10:38:39.041,-0.8,-0.03,0.36,151.86,142.46,94.48,FALL,1,AUTO_FALL_LIKE
2026-07-28 10:38:39.042,-0.8,-0.03,0.36,151.86,142.46,94.48,FALL,1,AUTO_FALL_LIKE
2026-07-28 10:38:39.101,-0.84,-0.01,0.46,42.85,134.28,76.72,FALL,1,AUTO_FALL_LIKE
2026-07-28 10:38:39.102,-0.88,-0.08,0.48,-18.19,95.15,64.33,FALL,1,AUTO_FALL_LIKE
2026-07-28 10:38:39.103,-0.88,-0.08,0.48,-18.19,95.15,64.33,FALL,1,AUTO_FALL_LIKE
2026-07-28 10:38:39.161,-0.93,0.1,0.38,-25.33,15.69,67.5,FALL,1,AUTO_FALL_LIKE
2026-07-28 10:38:39.162,-0.93,0.1,0.38,-25.33,15.69,67.5,FALL,1,AUTO_FALL_LIKE
2026-07-28 10:38:39.221,-1.01,0.28,0.38,-31.74,-22.28,66.65,NO_FALL,,
2026-07-28 10:38:39.222,-0.91,0.2,0.38,-20.63,-14.4,68.3,NO_FALL,,
2026-07-28 10:38:39.223,-0.91,0.2,0.38,-20.63,-14.4,68.3,NO_FALL,,
2026-07-28 10:38:39.281,-0.75,0.06,0.2,19.78,-5.8,18.74,NO_FALL,,
2026-07-28 10:38:39.282,-0.75,0.06,0.2,19.78,-5.8,18.74,NO_FALL,,
2026-07-28 10:38:39.283,-0.87,0.01,0.08,-30.03,20.08,-147.28,NO_FALL,,
2026-07-28 10:38:39.342,-0.87,0.01,0.08,-30.03,20.08,-147.28,NO_FALL,,
2026-07-28 10:38:39.342,-1.34,-0.04,0.14,-145.57,87.22,-246.7,NO_FALL,,
2026-07-28 10:38:39.401,-1.52,-0.05,0.19,-130.37,108.28,-92.22,NO_FALL,,
2026-07-28 10:38:39.402,-1.52,-0.05,0.19,-130.37,108.28,-92.22,NO_FALL,,
2026-07-28 10:38:39.403,-1.11,-0.0,0.28,-3.6,45.04,112.24,NO_FALL,,
2026-07-28 10:38:39.461,-1.11,-0.0,0.28,-3.6,45.04,112.24,NO_FALL,,
2026-07-28 10:38:39.462,-0.8,0.07,0.43,93.44,11.47,133.54,NO_FALL,,
2026-07-28 10:38:39.463,-0.8,0.07,0.43,93.44,11.47,133.54,NO_FALL,,
2026-07-28 10:38:39.522,-0.81,0.17,0.37,101.14,21.73,32.04,NO_FALL,,
2026-07-28 10:38:39.522,-1.03,0.21,0.12,9.09,-27.95,-77.7,NO_FALL,,
2026-07-28 10:38:39.581,-1.03,0.21,0.12,9.09,-27.95,-77.7,NO_FALL,,
2026-07-28 10:38:39.582,-1.21,0.09,-0.04,-87.83,-138.85,-158.69,NO_FALL,,
2026-07-28 10:38:39.583,-1.21,0.09,-0.04,-87.83,-138.85,-158.69,NO_FALL,,
2026-07-28 10:38:39.641,-1.11,-0.12,0.12,-126.16,-169.01,-161.1,NO_FALL,,
2026-07-28 10:38:39.642,-1.11,-0.12,0.12,-126.16,-169.01,-161.1,NO_FALL,,
2026-07-28 10:38:39.702,-0.85,-0.18,0.34,-128.78,-77.51,-80.38,NO_FALL,,
2026-07-28 10:38:39.702,-0.72,-0.03,0.22,-124.76,56.46,24.6,NO_FALL,,
2026-07-28 10:38:39.703,-0.72,-0.03,0.22,-124.76,56.46,24.6,NO_FALL,,
2026-07-28 10:38:39.762,-0.7,0.05,0.02,-218.99,180.42,106.14,NO_FALL,,
2026-07-28 10:38:39.762,-0.7,0.05,0.02,-218.99,180.42,106.14,NO_FALL,,
2026-07-28 10:38:39.763,-0.74,-0.15,0.01,-251.28,175.72,105.35,NO_FALL,,
2026-07-28 10:38:39.822,-0.74,-0.15,0.01,39.25,24.84,36.93,NO_FALL,,
2026-07-28 10:38:39.822,-1.05,-0.27,0.06,39.25,24.84,36.93,NO_FALL,,
2026-07-28 10:38:39.881,-1.37,-0.07,0.0,276.73,-56.15,-6.59,NO_FALL,,
2026-07-28 10:38:39.882,-1.37,-0.07,0.0,276.73,-56.15,-6.59,NO_FALL,,
2026-07-28 10:38:39.883,-1.32,0.1,-0.05,70.98,27.65,18.19,NO_FALL,,
2026-07-28 10:38:39.941,-1.32,0.1,-0.05,70.98,27.65,18.19,NO_FALL,,
2026-07-28 10:38:39.942,-1.1,0.11,-0.06,-187.5,106.69,74.95,NO_FALL,,
2026-07-28 10:38:40.001,-1.1,0.11,-0.06,-100.52,85.08,107.18,NO_FALL,,
2026-07-28 10:38:40.002,-0.95,0.11,-0.06,-100.52,85.08,107.18,NO_FALL,,
2026-07-28 10:38:40.003,-0.89,0.12,-0.07,83.01,52.8,113.83,NO_FALL,,
2026-07-28 10:38:40.061,-0.89,0.12,-0.07,83.01,52.8,113.83,NO_FALL,,
2026-07-28 10:38:40.062,-0.92,0.1,-0.06,57.43,56.34,97.6,NO_FALL,,
2026-07-28 10:38:40.063,-0.92,0.1,-0.06,57.43,56.34,97.6,NO_FALL,,
2026-07-28 10:38:40.121,-0.99,0.1,-0.06,-50.42,62.74,52.0,NO_FALL,,
2026-07-28 10:38:40.122,-0.99,0.1,-0.06,-87.77,69.95,27.28,NO_FALL,,
2026-07-28 10:38:40.181,-1.0,0.1,-0.06,-87.77,69.95,27.28,NO_FALL,,
2026-07-28 10:38:40.182,-0.97,0.1,-0.05,-99.91,70.56,23.68,NO_FALL,,
2026-07-28 10:38:40.183,-0.97,0.1,-0.05,-99.91,70.56,23.68,NO_FALL,,
2026-07-28 10:38:40.241,-0.94,0.09,-0.05,-79.35,38.33,12.7,NO_FALL,,
2026-07-28 10:38:40.242,-0.94,0.09,-0.05,-79.35,38.33,12.7,NO_FALL,,
2026-07-28 10:38:40.243,-0.88,0.1,-0.06,-8.3,-4.76,21.48,NO_FALL,,
2026-07-28 10:38:40.302,-0.88,0.1,-0.06,12.02,-22.95,0.98,NO_FALL,,
2026-07-28 10:38:40.302,-1.01,0.13,-0.07,12.02,-22.95,0.98,NO_FALL,,
2026-07-28 10:38:40.362,-1.22,0.13,-0.07,-127.08,-11.29,-74.22,NO_FALL,,
2026-07-28 10:38:40.362,-1.22,0.13,-0.07,-127.08,-11.29,-74.22,NO_FALL,,
2026-07-28 10:38:40.363,-1.19,0.07,-0.05,-276.31,-13.24,-84.53,NO_FALL,,
2026-07-28 10:38:40.421,-1.19,0.07,-0.05,-276.31,-13.24,-84.53,NO_FALL,,
2026-07-28 10:38:40.422,-1.13,0.07,-0.05,-140.2,-53.28,-44.31,NO_FALL,,
2026-07-28 10:38:40.423,-1.13,0.07,-0.05,-140.2,-53.28,-44.31,NO_FALL,,
2026-07-28 10:38:40.481,-1.12,0.12,-0.07,112.98,-75.26,-43.33,NO_FALL,,
2026-07-28 10:38:40.482,-1.08,0.12,-0.07,98.63,-58.59,-56.34,NO_FALL,,
2026-07-28 10:38:40.541,-1.08,0.12,-0.07,98.63,-58.59,-56.34,NO_FALL,,
2026-07-28 10:38:40.542,-1.0,0.1,-0.05,-44.62,-25.27,-68.3,NO_FALL,,
2026-07-28 10:38:40.543,-1.0,0.1,-0.05,-44.62,-25.27,-68.3,NO_FALL,,
2026-07-28 10:38:40.601,-0.84,0.1,-0.05,-45.65,3.91,-79.04,NO_FALL,,
2026-07-28 10:38:40.602,-0.84,0.1,-0.05,-45.65,3.91,-79.04,NO_FALL,,
2026-07-28 10:38:40.603,-0.7,0.11,-0.06,-0.61,18.25,-72.57,NO_FALL,,
2026-07-28 10:38:40.661,-0.66,0.11,-0.05,-25.09,25.45,-53.77,NO_FALL,,
2026-07-28 10:38:40.662,-0.66,0.11,-0.05,-25.09,25.45,-53.77,NO_FALL,,
2026-07-28 10:38:40.722,-0.67,0.1,-0.05,-51.03,17.94,-39.43,NO_FALL,,
2026-07-28 10:38:40.722,-0.67,0.1,-0.05,-51.03,17.94,-39.43,NO_FALL,,
2026-07-28 10:38:40.723,-0.73,0.09,-0.05,-36.74,-7.02,-18.37,NO_FALL,,
2026-07-28 10:38:40.781,-0.73,0.09,-0.05,-36.74,-7.02,-18.37,NO_FALL,,
2026-07-28 10:38:40.782,-0.92,0.09,-0.05,-5.13,-33.81,-1.89,NO_FALL,,
2026-07-28 10:38:40.783,-0.92,0.09,-0.05,27.22,-56.03,-6.96,NO_FALL,,
2026-07-28 10:38:40.841,-1.14,0.1,-0.05,27.22,-56.03,-6.96,NO_FALL,,
2026-07-28 10:38:40.842,-1.21,0.1,-0.05,45.17,-67.87,-12.39,NO_FALL,,
2026-07-28 10:38:40.901,-1.21,0.1,-0.05,45.17,-67.87,-12.39,NO_FALL,,
2026-07-28 10:38:40.902,-1.1,0.09,-0.05,57.92,-62.81,-4.52,NO_FALL,,
2026-07-28 10:38:40.903,-1.1,0.09,-0.05,57.92,-62.81,-4.52,NO_FALL,,
2026-07-28 10:38:40.961,-0.9,0.09,-0.05,88.38,-50.66,14.04,NO_FALL,,
2026-07-28 10:38:40.962,-0.9,0.09,-0.05,88.38,-50.66,14.04,NO_FALL,,
2026-07-28 10:38:40.963,-0.7,0.08,-0.05,136.17,-27.53,46.45,NO_FALL,,
2026-07-28 10:38:41.021,-0.62,0.07,-0.05,190.31,-1.89,86.43,NO_FALL,,
2026-07-28 10:38:41.022,-0.62,0.07,-0.05,190.31,-1.89,86.43,NO_FALL,,
2026-07-28 10:38:41.081,-0.73,0.08,-0.06,256.35,8.36,99.61,NO_FALL,,
2026-07-28 10:38:41.082,-0.73,0.08,-0.06,256.35,8.36,99.61,NO_FALL,,
2026-07-28 10:38:41.083,-1.04,0.11,-0.07,304.75,11.6,74.1,NO_FALL,,
2026-07-28 10:38:41.141,-1.41,0.14,-0.07,243.47,26.37,21.06,NO_FALL,,
2026-07-28 10:38:41.142,-1.41,0.14,-0.07,243.47,26.37,21.06,NO_FALL,,
2026-07-28 10:38:41.202,-1.52,0.12,-0.06,52.43,45.04,-32.9,NO_FALL,,
2026-07-28 10:38:41.202,-1.52,0.12,-0.06,52.43,45.04,-32.9,NO_FALL,,
2026-07-28 10:38:41.203,-1.32,0.09,-0.05,-67.69,50.66,-57.31,NO_FALL,,
2026-07-28 10:38:41.261,-1.32,0.09,-0.05,-67.69,50.66,-57.31,NO_FALL,,
2026-07-28 10:38:41.262,-1.08,0.1,-0.06,8.79,43.33,-60.36,NO_FALL,,
2026-07-28 10:38:41.321,-0.92,0.13,-0.07,44.68,41.99,-66.59,NO_FALL,,
2026-07-28 10:38:41.322,-0.92,0.13,-0.07,44.68,41.99,-66.59,NO_FALL,,
2026-07-28 10:38:41.323,-0.89,0.11,-0.07,-133.79,64.33,-67.93,NO_FALL,,
2026-07-28 10:38:41.381,-0.89,0.11,-0.07,-133.79,64.33,-67.93,NO_FALL,,
2026-07-28 10:38:41.382,-0.94,0.06,-0.05,-282.59,82.95,-50.96,NO_FALL,,
2026-07-28 10:38:41.383,-0.94,0.06,-0.05,-282.59,82.95,-50.96,NO_FALL,,
2026-07-28 10:38:41.442,-0.93,0.07,-0.04,-142.46,62.5,-28.56,NO_FALL,,
2026-07-28 10:38:41.442,-0.82,0.1,-0.06,83.01,19.17,-0.92,NO_FALL,,
2026-07-28 10:38:41.443,-0.82,0.1,-0.06,83.01,19.17,-0.92,NO_FALL,,
2026-07-28 10:38:41.501,-0.83,0.11,-0.06,91.92,0.06,27.71,NO_FALL,,
2026-07-28 10:38:41.502,-0.83,0.11,-0.06,91.92,0.06,27.71,NO_FALL,,
2026-07-28 10:38:41.561,-0.96,0.1,-0.06,-28.69,-0.49,23.44,NO_FALL,,
2026-07-28 10:38:41.562,-0.96,0.1,-0.06,-28.69,-0.49,23.44,NO_FALL,,
2026-07-28 10:38:41.563,-1.0,0.08,-0.05,-78.55,-17.82,34.42,NO_FALL,,
2026-07-28 10:38:41.621,-1.03,0.09,-0.05,-20.14,-36.32,50.78,NO_FALL,,
2026-07-28 10:38:41.622,-1.03,0.09,-0.05,-20.14,-36.32,50.78,NO_FALL,,
2026-07-28 10:38:41.682,-0.95,0.1,-0.06,43.09,-48.95,17.33,NO_FALL,,
2026-07-28 10:38:41.682,-0.95,0.1,-0.06,43.09,-48.95,17.33,NO_FALL,,
2026-07-28 10:38:41.683,-0.69,0.1,-0.07,28.75,-62.56,23.68,NO_FALL,,
2026-07-28 10:38:41.741,-0.69,0.1,-0.07,28.75,-62.56,23.68,NO_FALL,,
2026-07-28 10:38:41.742,-0.62,0.1,-0.07,-36.93,-51.57,56.09,NO_FALL,,
2026-07-28 10:38:41.743,-0.62,0.1,-0.07,-167.85,-15.93,-25.57,NO_FALL,,
2026-07-28 10:38:41.801,-1.13,0.13,-0.08,-167.85,-15.93,-25.57,NO_FALL,,
2026-07-28 10:38:41.802,-1.64,0.14,-0.09,-388.73,-12.08,-208.86,NO_FALL,,
2026-07-28 10:38:41.803,-1.64,0.14,-0.09,-388.73,-12.08,-208.86,NO_FALL,,
2026-07-28 10:38:41.862,-1.48,0.09,-0.08,-598.14,-56.15,-235.11,NO_FALL,,
2026-07-28 10:38:41.862,-1.48,0.09,-0.08,-598.14,-56.15,-235.11,NO_FALL,,
2026-07-28 10:38:41.921,-1.08,0.0,-0.04,-518.13,-93.38,23.38,NO_FALL,,
2026-07-28 10:38:41.922,-0.74,0.01,-0.05,-16.05,-84.59,263.18,NO_FALL,,
2026-07-28 10:38:41.923,-0.74,0.01,-0.05,-16.05,-84.59,263.18,NO_FALL,,
2026-07-28 10:38:41.981,-0.49,0.11,-0.09,467.04,-62.38,214.72,NO_FALL,,
2026-07-28 10:38:41.982,-0.49,0.11,-0.09,467.04,-62.38,214.72,NO_FALL,,
2026-07-28 10:38:42.041,-0.5,0.15,-0.1,392.09,-45.53,29.17,NO_FALL,,
2026-07-28 10:38:42.042,-0.5,0.15,-0.1,392.09,-45.53,29.17,NO_FALL,,
2026-07-28 10:38:42.043,-0.76,0.11,-0.07,-53.04,-30.76,-96.56,NO_FALL,,
2026-07-28 10:38:42.102,-1.0,0.09,-0.05,-265.56,-25.88,-142.58,NO_FALL,,
2026-07-28 10:38:42.102,-1.0,0.09,-0.05,-265.56,-25.88,-142.58,NO_FALL,,
2026-07-28 10:38:42.162,-1.06,0.12,-0.06,-161.74,-8.97,-88.26,NO_FALL,,
2026-07-28 10:38:42.162,-1.06,0.12,-0.06,-161.74,-8.97,-88.26,NO_FALL,,
2026-07-28 10:38:42.163,-1.05,0.13,-0.09,-150.09,21.36,39.18,NO_FALL,,
2026-07-28 10:38:42.222,-1.05,0.13,-0.09,-150.09,21.36,39.18,NO_FALL,,
2026-07-28 10:38:42.222,-1.03,0.12,-0.11,-380.92,60.55,112.98,NO_FALL,,
2026-07-28 10:38:42.223,-1.11,0.11,-0.13,-647.16,127.99,74.04,NO_FALL,,
2026-07-28 10:38:42.281,-1.11,0.11,-0.13,-647.16,127.99,74.04,NO_FALL,,
2026-07-28 10:38:42.282,-1.33,0.12,-0.19,-892.39,207.58,-4.09,NO_FALL,,
2026-07-28 10:38:42.283,-1.33,0.12,-0.19,-892.39,207.58,-4.09,NO_FALL,,
2026-07-28 10:38:42.341,-1.39,0.07,-0.22,-1182.68,265.87,-54.02,NO_FALL,,
2026-07-28 10:38:42.342,-1.39,0.07,-0.22,-1182.68,265.87,-54.02,NO_FALL,,
2026-07-28 10:38:42.401,-1.22,0.0,-0.14,-1281.43,273.32,-71.04,NO_FALL,,
2026-07-28 10:38:42.402,-1.08,-0.02,-0.04,-877.99,186.65,-89.66,NO_FALL,,
2026-07-28 10:38:42.403,-1.08,-0.02,-0.04,-877.99,186.65,-89.66,NO_FALL,,
2026-07-28 10:38:42.461,-1.07,0.02,-0.03,-95.4,25.02,-100.89,NO_FALL,,
2026-07-28 10:38:42.462,-1.07,0.02,-0.03,-95.4,25.02,-100.89,NO_FALL,,
2026-07-28 10:38:42.522,-1.13,0.09,-0.09,618.77,-106.02,-38.57,NO_FALL,,
2026-07-28 10:38:42.522,-1.13,0.17,-0.12,844.91,-116.94,48.89,NO_FALL,,
2026-07-28 10:38:42.523,-1.13,0.17,-0.12,844.91,-116.94,48.89,NO_FALL,,
2026-07-28 10:38:42.582,-0.98,0.18,-0.11,439.27,-66.47,51.39,NO_FALL,,
2026-07-28 10:38:42.582,-0.98,0.18,-0.11,439.27,-66.47,51.39,NO_FALL,,
2026-07-28 10:38:42.641,-0.8,0.11,-0.08,-192.63,-36.13,-10.44,NO_FALL,,
2026-07-28 10:38:42.642,-0.8,0.11,-0.08,-192.63,-36.13,-10.44,NO_FALL,,
2026-07-28 10:38:42.643,-0.67,0.06,-0.05,-450.87,1.89,-37.9,NO_FALL,,
2026-07-28 10:38:42.701,-0.67,0.06,-0.05,-278.87,58.35,5.37,NO_FALL,,
2026-07-28 10:38:42.702,-0.64,0.06,-0.04,-278.87,58.35,5.37,NO_FALL,,
2026-07-28 10:38:42.703,-0.67,0.08,-0.04,-49.07,82.21,52.31,NO_FALL,,
2026-07-28 10:38:42.761,-0.67,0.08,-0.04,-49.07,82.21,52.31,NO_FALL,,
2026-07-28 10:38:42.762,-0.72,0.09,-0.05,25.57,48.16,38.39,NO_FALL,,
2026-07-28 10:38:42.763,-0.72,0.09,-0.05,25.57,48.16,38.39,NO_FALL,,
2026-07-28 10:38:42.822,-0.83,0.11,-0.06,1.22,3.66,-25.63,NO_FALL,,
2026-07-28 10:38:42.822,-0.83,0.11,-0.06,-82.46,-3.36,-87.65,NO_FALL,,
2026-07-28 10:38:42.882,-0.9,0.13,-0.07,-82.46,-3.36,-87.65,NO_FALL,,
2026-07-28 10:38:42.882,-1.06,0.12,-0.07,-237.98,8.12,-73.61,NO_FALL,,
2026-07-28 10:38:42.883,-1.06,0.12,-0.07,-237.98,8.12,-73.61,NO_FALL,,
2026-07-28 10:38:42.941,-1.32,0.08,-0.05,-345.83,2.56,8.54,NO_FALL,,
2026-07-28 10:38:42.942,-1.32,0.08,-0.05,-345.83,2.56,8.54,NO_FALL,,
2026-07-28 10:38:43.001,-1.3,0.06,-0.04,-234.5,-24.96,59.02,NO_FALL,,
2026-07-28 10:38:43.002,-1.3,0.06,-0.04,-234.5,-24.96,59.02,NO_FALL,,
2026-07-28 10:38:43.003,-1.09,0.1,-0.05,31.43,-22.83,2.56,NO_FALL,,
2026-07-28 10:38:43.062,-0.92,0.13,-0.06,125.98,8.12,-74.83,NO_FALL,,
2026-07-28 10:38:43.062,-0.92,0.13,-0.06,125.98,8.12,-74.83,NO_FALL,,
2026-07-28 10:38:43.122,-0.89,0.1,-0.05,-30.27,19.96,-33.69,NO_FALL,,
2026-07-28 10:38:43.122,-0.89,0.1,-0.05,-30.27,19.96,-33.69,NO_FALL,,
2026-07-28 10:38:43.123,-1.01,0.05,-0.04,-107.6,7.87,72.63,NO_FALL,,
2026-07-28 10:38:43.182,-1.02,0.04,-0.05,90.7,-45.53,122.74,NO_FALL,,
2026-07-28 10:38:43.182,-1.02,0.04,-0.05,90.7,-45.53,122.74,NO_FALL,,
2026-07-28 10:38:43.183,-0.87,0.09,-0.08,375.06,-109.31,78.12,NO_FALL,,
2026-07-28 10:38:43.242,-0.87,0.09,-0.08,375.06,-109.31,78.12,NO_FALL,,
2026-07-28 10:38:43.242,-0.87,0.15,-0.1,410.46,-106.87,-18.86,NO_FALL,,
2026-07-28 10:38:43.302,-0.87,0.15,-0.1,410.46,-106.87,-18.86,NO_FALL,,
2026-07-28 10:38:43.302,-1.03,0.16,-0.09,80.14,-27.34,-73.3,NO_FALL,,
2026-07-28 10:38:43.303,-1.11,0.1,-0.06,-340.88,61.71,-52.43,NO_FALL,,
2026-07-28 10:38:43.362,-1.11,0.1,-0.06,-340.88,61.71,-52.43,NO_FALL,,
2026-07-28 10:38:43.362,-1.03,0.05,-0.03,-448.97,90.88,-2.69,NO_FALL,,
2026-07-28 10:38:43.363,-1.03,0.05,-0.03,-448.97,90.88,-2.69,NO_FALL,,
2026-07-28 10:38:43.421,-0.98,0.06,-0.03,-186.95,53.22,23.32,NO_FALL,,
2026-07-28 10:38:43.422,-0.98,0.06,-0.03,-186.95,53.22,23.32,NO_FALL,,
2026-07-28 10:38:43.481,-1.02,0.08,-0.05,130.68,-29.79,-1.59,NO_FALL,,
2026-07-28 10:38:43.482,-1.06,0.19,0.03,288.15,-95.21,-37.96,NO_FALL,,
2026-07-28 10:38:43.483,-1.06,0.19,0.03,288.15,-95.21,-37.96,NO_FALL,,
2026-07-28 10:38:43.541,-1.06,0.26,0.08,300.17,-80.93,-17.64,NO_FALL,,
2026-07-28 10:38:43.542,-1.06,0.26,0.08,300.17,-80.93,-17.64,NO_FALL,,
2026-07-28 10:38:43.602,-1.03,0.19,-0.0,184.69,7.26,20.08,NO_FALL,,
2026-07-28 10:38:43.602,-1.03,0.19,-0.0,-48.77,80.2,10.25,NO_FALL,,
2026-07-28 10:38:43.603,-1.01,0.11,-0.06,-48.77,80.2,10.25,NO_FALL,,
2026-07-28 10:38:43.661,-1.01,0.07,-0.07,-248.84,78.74,-37.11,NO_FALL,,
2026-07-28 10:38:43.662,-1.01,0.07,-0.07,-248.84,78.74,-37.11,NO_FALL,,
2026-07-28 10:38:43.663,-1.02,0.07,-0.05,-253.48,36.01,-70.19,NO_FALL,,
2026-07-28 10:38:43.721,-1.02,0.07,-0.05,-253.48,36.01,-70.19,NO_FALL,,
2026-07-28 10:38:43.722,-0.97,0.08,-0.04,-86.49,-8.97,-40.1,NO_FALL,,
2026-07-28 10:38:43.723,-0.97,0.08,-0.04,-86.49,-8.97,-40.1,NO_FALL,,
2026-07-28 10:38:43.782,-0.84,0.09,-0.05,109.99,-22.09,25.63,NO_FALL,,
2026-07-28 10:38:43.782,-0.72,0.1,-0.06,179.02,-8.42,60.06,NO_FALL,,
2026-07-28 10:38:43.841,-0.72,0.1,-0.06,179.02,-8.42,60.06,NO_FALL,,
2026-07-28 10:38:43.842,-0.71,0.1,-0.06,72.33,5.62,30.64,NO_FALL,,
2026-07-28 10:38:43.843,-0.71,0.1,-0.06,72.33,5.62,30.64,NO_FALL,,
2026-07-28 10:38:43.901,-0.81,0.1,-0.05,-77.58,6.04,-33.51,NO_FALL,,
2026-07-28 10:38:43.902,-0.81,0.1,-0.05,-77.58,6.04,-33.51,NO_FALL,,
2026-07-28 10:38:43.962,-0.94,0.1,-0.05,-133.97,1.22,-72.08,NO_FALL,,
2026-07-28 10:38:43.962,-1.01,0.1,-0.05,-111.33,-5.92,-48.03,NO_FALL,,
2026-07-28 10:38:43.963,-1.01,0.1,-0.05,-111.33,-5.92,-48.03,NO_FALL,,
2026-07-28 10:38:44.022,-0.97,0.09,-0.05,-58.29,-14.47,10.68,NO_FALL,,
2026-07-28 10:38:44.022,-0.97,0.09,-0.05,-58.29,-14.47,10.68,NO_FALL,,
2026-07-28 10:38:44.023,-0.92,0.1,-0.05,-4.39,-10.74,41.14,NO_FALL,,
2026-07-28 10:38:44.081,-0.92,0.1,-0.05,-4.39,-10.74,41.14,NO_FALL,,
2026-07-28 10:38:44.082,-0.93,0.11,-0.05,-15.69,2.26,19.84,NO_FALL,,
2026-07-28 10:38:44.141,-0.93,0.11,-0.05,-91.06,6.04,-14.1,NO_FALL,,
2026-07-28 10:38:44.142,-1.01,0.1,-0.05,-91.06,6.04,-14.1,NO_FALL,,
2026-07-28 10:38:44.143,-1.07,0.09,-0.04,-117.0,-1.04,-11.6,NO_FALL,,
2026-07-28 10:38:44.201,-1.07,0.09,-0.04,-117.0,-1.04,-11.6,NO_FALL,,
2026-07-28 10:38:44.202,-1.04,0.09,-0.05,-43.64,-7.14,23.62,NO_FALL,,
2026-07-28 10:38:44.203,-1.04,0.09,-0.05,-43.64,-7.14,23.62,NO_FALL,,
2026-07-28 10:38:44.262,-0.99,0.09,-0.05,40.59,-8.0,44.86,NO_FALL,,
2026-07-28 10:38:44.262,-0.99,0.09,-0.05,40.59,-8.0,44.86,NO_FALL,,
2026-07-28 10:38:44.322,-0.99,0.1,-0.05,53.59,-9.58,28.02,NO_FALL,,
2026-07-28 10:38:44.322,-1.01,0.11,-0.05,16.17,-12.02,-2.5,NO_FALL,,
2026-07-28 10:38:44.323,-1.01,0.11,-0.05,16.17,-12.02,-2.5,NO_FALL,,
2026-07-28 10:38:44.381,-1.02,0.11,-0.05,-25.09,-4.58,-9.89,NO_FALL,,
2026-07-28 10:38:44.382,-1.02,0.11,-0.05,-25.09,-4.58,-9.89,NO_FALL,,
2026-07-28 10:38:44.383,-1.02,0.1,-0.05,-54.32,9.09,7.08,NO_FALL,,
2026-07-28 10:38:44.441,-1.02,0.1,-0.05,-54.32,9.09,7.08,NO_FALL,,
2026-07-28 10:38:44.442,-1.0,0.09,-0.04,-44.49,13.79,19.65,NO_FALL,,
2026-07-28 10:38:44.443,-1.0,0.09,-0.04,-44.49,13.79,19.65,NO_FALL,,
2026-07-28 10:38:44.501,-1.05,0.09,-0.04,8.97,5.92,11.84,NO_FALL,,
2026-07-28 10:38:44.502,-1.05,0.09,-0.04,60.79,-6.96,-6.9,NO_FALL,,
2026-07-28 10:38:44.562,-1.22,0.1,-0.05,60.79,-6.96,-6.9,NO_FALL,,
2026-07-28 10:38:44.562,-1.4,0.1,-0.05,103.15,-13.49,-21.3,NO_FALL,,
2026-07-28 10:38:44.563,-1.4,0.1,-0.05,103.15,-13.49,-21.3,NO_FALL,,
2026-07-28 10:38:44.622,-1.38,0.12,-0.05,158.87,-3.78,-23.44,NO_FALL,,
2026-07-28 10:38:44.622,-1.38,0.12,-0.05,158.87,-3.78,-23.44,NO_FALL,,
2026-07-28 10:38:44.623,-1.25,0.13,-0.06,139.77,15.69,-19.71,NO_FALL,,
2026-07-28 10:38:44.681,-1.25,0.13,-0.06,139.77,15.69,-19.71,NO_FALL,,
2026-07-28 10:38:44.682,-1.21,0.12,-0.06,-36.01,21.79,-34.3,NO_FALL,,
2026-07-28 10:38:44.742,-1.22,0.09,-0.05,-207.46,5.92,-72.39,NO_FALL,,
2026-07-28 10:38:44.742,-1.22,0.09,-0.05,-207.46,5.92,-72.39,NO_FALL,,
2026-07-28 10:38:44.743,-1.1,0.09,-0.04,-198.49,-13.06,-88.81,NO_FALL,,
2026-07-28 10:38:44.801,-1.1,0.09,-0.04,-198.49,-13.06,-88.81,NO_FALL,,
2026-07-28 10:38:44.802,-0.96,0.1,-0.05,-94.91,-11.17,-52.0,NO_FALL,,
2026-07-28 10:38:44.803,-0.96,0.1,-0.05,-94.91,-11.17,-52.0,NO_FALL,,
2026-07-28 10:38:44.862,-0.92,0.1,-0.05,-58.59,-0.73,-0.06,NO_FALL,,
2026-07-28 10:38:44.862,-0.86,0.09,-0.05,-89.17,-16.17,22.77,NO_FALL,,
2026-07-28 10:38:44.922,-0.86,0.09,-0.05,-89.17,-16.17,22.77,NO_FALL,,
2026-07-28 10:38:44.922,-0.86,0.09,-0.05,-98.21,-37.72,5.62,NO_FALL,,
2026-07-28 10:38:44.923,-0.86,0.09,-0.05,-98.21,-37.72,5.62,NO_FALL,,
2026-07-28 10:38:44.981,-0.85,0.1,-0.05,-97.72,-36.38,-11.72,NO_FALL,,
2026-07-28 10:38:44.982,-0.85,0.1,-0.05,-97.72,-36.38,-11.72,NO_FALL,,
2026-07-28 10:38:44.983,-0.68,0.08,-0.05,-107.36,-32.23,22.28,NO_FALL,,
2026-07-28 10:38:45.041,-0.67,0.07,-0.05,-51.15,-7.08,68.36,NO_FALL,,
2026-07-28 10:38:45.042,-0.67,0.07,-0.05,-51.15,-7.08,68.36,NO_FALL,,
2026-07-28 10:38:45.102,-0.88,0.1,-0.05,35.89,27.1,47.85,NO_FALL,,
2026-07-28 10:38:45.161,-0.88,0.1,-0.05,35.89,27.1,47.85,NO_FALL,,
2026-07-28 10:38:45.161,-1.03,0.12,-0.06,27.1,6.35,-9.64,NO_FALL,,
2026-07-28 10:38:45.162,-1.03,0.12,-0.06,27.1,6.35,-9.64,NO_FALL,,
2026-07-28 10:38:45.163,-1.02,0.11,-0.05,-55.85,-23.32,-20.63,NO_FALL,,
2026-07-28 10:38:45.221,-0.9,0.1,-0.05,-107.73,-2.01,29.24,NO_FALL,,
2026-07-28 10:38:45.222,-0.9,0.1,-0.05,-107.73,-2.01,29.24,NO_FALL,,
2026-07-28 10:38:45.223,-0.79,0.06,-0.03,-96.25,39.25,115.3,NO_FALL,,
2026-07-28 10:38:45.282,-0.79,0.06,-0.03,-96.25,39.25,115.3,NO_FALL,,
2026-07-28 10:38:45.282,-0.77,0.04,-0.01,-37.72,56.52,177.86,NO_FALL,,
2026-07-28 10:38:45.283,-0.77,0.04,-0.01,-37.72,56.52,177.86,NO_FALL,,
2026-07-28 10:38:45.341,-0.76,0.05,-0.02,40.34,16.48,135.86,NO_FALL,,
2026-07-28 10:38:45.342,-0.83,0.04,-0.03,88.32,-38.39,39.0,NO_FALL,,
2026-07-28 10:38:45.401,-0.83,0.04,-0.03,88.32,-38.39,39.0,NO_FALL,,
2026-07-28 10:38:45.402,-1.04,-0.0,-0.01,83.98,-41.38,-15.56,NO_FALL,,
2026-07-28 10:38:45.403,-1.04,-0.0,-0.01,83.98,-41.38,-15.56,NO_FALL,,
2026-07-28 10:38:45.462,-1.25,0.03,0.03,28.08,-7.75,-54.75,NO_FALL,,
2026-07-28 10:38:45.462,-1.25,0.03,0.03,28.08,-7.75,-54.75,NO_FALL,,
2026-07-28 10:38:45.463,-1.06,0.33,0.06,-107.97,-1.46,-78.19,NO_FALL,,
2026-07-28 10:38:45.521,-0.73,0.68,0.16,-205.32,-44.92,-54.63,NO_FALL,,
2026-07-28 10:38:45.522,-0.73,0.68,0.16,-205.32,-44.92,-54.63,NO_FALL,,
2026-07-28 10:38:45.582,-0.75,0.53,0.26,-136.66,-101.01,21.85,NO_FALL,,
2026-07-28 10:38:45.582,-0.75,0.53,0.26,-136.66,-101.01,21.85,NO_FALL,,
2026-07-28 10:38:45.583,-0.84,0.19,0.24,-7.87,-131.77,88.62,NO_FALL,,
2026-07-28 10:38:45.641,-0.84,0.19,0.24,-7.87,-131.77,88.62,NO_FALL,,
2026-07-28 10:38:45.642,-0.84,0.18,0.33,39.55,-98.39,76.78,NO_FALL,,
2026-07-28 10:38:45.702,-0.82,0.35,0.43,32.65,-67.75,62.07,NO_FALL,,
2026-07-28 10:38:45.702,-0.82,0.35,0.43,32.65,-67.75,62.07,NO_FALL,,
2026-07-28 10:38:45.703,-0.84,0.47,0.41,43.4,-102.97,75.87,NO_FALL,,
2026-07-28 10:38:45.762,-0.84,0.47,0.41,43.4,-102.97,75.87,NO_FALL,,
2026-07-28 10:38:45.762,-0.9,0.49,0.43,29.42,-134.16,68.3,NO_FALL,,
2026-07-28 10:38:45.763,-0.9,0.49,0.43,29.42,-134.16,68.3,NO_FALL,,
2026-07-28 10:38:45.822,-0.89,0.53,0.6,-18.74,-116.94,81.91,NO_FALL,,
2026-07-28 10:38:45.822,-0.69,0.61,0.71,-54.57,-44.19,129.7,NO_FALL,,
2026-07-28 10:38:45.823,-0.69,0.61,0.71,-54.57,-44.19,129.7,NO_FALL,,
2026-07-28 10:38:45.881,-0.47,0.61,0.5,-39.79,57.74,114.81,NO_FALL,,
2026-07-28 10:38:45.882,-0.47,0.61,0.5,-39.79,57.74,114.81,NO_FALL,,
2026-07-28 10:38:45.942,-0.43,0.55,0.22,-18.55,115.3,40.95,NO_FALL,,
2026-07-28 10:38:45.942,-0.43,0.55,0.22,-18.55,115.3,40.95,NO_FALL,,
2026-07-28 10:38:45.943,-0.53,0.58,0.12,-48.34,112.18,0.55,NO_FALL,,
2026-07-28 10:38:46.002,-0.67,0.65,0.14,-76.17,94.85,7.39,NO_FALL,,
2026-07-28 10:38:46.002,-0.67,0.65,0.14,-76.17,94.85,7.39,NO_FALL,,
2026-07-28 10:38:46.061,-0.81,0.68,0.18,-57.56,84.17,30.76,NO_FALL,,
2026-07-28 10:38:46.062,-0.81,0.68,0.18,-57.56,84.17,30.76,NO_FALL,,
2026-07-28 10:38:46.063,-0.85,0.68,0.28,-42.6,65.0,60.0,NO_FALL,,
2026-07-28 10:38:46.122,-0.85,0.68,0.28,-42.6,65.0,60.0,NO_FALL,,
2026-07-28 10:38:46.122,-0.74,0.63,0.41,-57.01,39.73,89.54,NO_FALL,,
2026-07-28 10:38:46.123,-0.74,0.63,0.41,-57.01,39.73,89.54,NO_FALL,,
2026-07-28 10:38:46.181,-0.56,0.55,0.41,-35.28,36.38,93.14,NO_FALL,,
2026-07-28 10:38:46.182,-0.45,0.55,0.3,11.72,56.82,59.69,NO_FALL,,
2026-07-28 10:38:46.183,-0.45,0.55,0.3,11.72,56.82,59.69,NO_FALL,,
2026-07-28 10:38:46.241,-0.46,0.59,0.27,5.13,61.4,13.67,NO_FALL,,
2026-07-28 10:38:46.242,-0.46,0.59,0.27,5.13,61.4,13.67,NO_FALL,,
2026-07-28 10:38:46.302,-0.58,0.59,0.37,-51.15,28.87,-24.11,NO_FALL,,
2026-07-28 10:38:46.302,-0.58,0.59,0.37,-51.15,28.87,-24.11,NO_FALL,,
2026-07-28 10:38:46.303,-0.7,0.55,0.48,-113.28,8.12,-49.32,NO_FALL,,
2026-07-28 10:38:46.361,-0.68,0.53,0.47,-163.88,21.06,-54.81,NO_FALL,,
2026-07-28 10:38:46.362,-0.68,0.53,0.47,-163.88,21.06,-54.81,NO_FALL,,
2026-07-28 10:38:46.421,-0.6,0.43,0.44,-208.31,22.95,-49.74,NO_FALL,,
2026-07-28 10:38:46.422,-0.6,0.43,0.44,-208.31,22.95,-49.74,NO_FALL,,
2026-07-28 10:38:46.423,-0.63,0.25,0.5,-231.57,13.12,-73.36,NO_FALL,,
2026-07-28 10:38:46.482,-0.63,0.25,0.5,-231.57,13.12,-73.36,NO_FALL,,
2026-07-28 10:38:46.482,-0.76,0.14,0.63,-202.27,8.85,-118.16,NO_FALL,,
2026-07-28 10:38:46.483,-0.86,0.02,0.75,-140.44,-9.4,-132.08,NO_FALL,,
2026-07-28 10:38:46.541,-0.86,0.02,0.75,-140.44,-9.4,-132.08,NO_FALL,,
2026-07-28 10:38:46.542,-0.88,-0.09,0.74,-74.89,-13.55,-99.24,NO_FALL,,
2026-07-28 10:38:46.601,-0.88,-0.09,0.74,-74.89,-13.55,-99.24,NO_FALL,,
2026-07-28 10:38:46.602,-0.85,-0.14,0.66,-20.08,7.2,-56.95,NO_FALL,,
2026-07-28 10:38:46.603,-0.85,-0.14,0.66,-20.08,7.2,-56.95,NO_FALL,,
2026-07-28 10:38:46.661,-0.82,-0.13,0.63,-0.67,7.93,-49.44,NO_FALL,,
2026-07-28 10:38:46.662,-0.77,-0.07,0.65,-17.15,-20.94,-67.75,NO_FALL,,
2026-07-28 10:38:46.663,-0.77,-0.07,0.65,-17.15,-20.94,-67.75,NO_FALL,,
2026-07-28 10:38:46.722,-0.72,-0.06,0.64,-47.67,-51.88,-56.76,NO_FALL,,
2026-07-28 10:38:46.722,-0.72,-0.06,0.64,-47.67,-51.88,-56.76,NO_FALL,,
2026-07-28 10:38:46.781,-0.72,-0.21,0.65,-86.91,-58.53,-5.07,NO_FALL,,
2026-07-28 10:38:46.782,-0.72,-0.21,0.65,-86.91,-58.53,-5.07,NO_FALL,,
2026-07-28 10:38:46.783,-0.73,-0.41,0.7,-138.06,-52.73,33.14,NO_FALL,,
2026-07-28 10:38:46.841,-0.65,-0.51,0.7,-183.29,-64.7,19.1,NO_FALL,,
2026-07-28 10:38:46.842,-0.65,-0.51,0.7,-183.29,-64.7,19.1,NO_FALL,,
2026-07-28 10:38:46.843,-0.52,-0.53,0.64,-182.86,-79.53,-24.54,NO_FALL,,
2026-07-28 10:38:46.901,-0.52,-0.53,0.64,-182.86,-79.53,-24.54,NO_FALL,,
2026-07-28 10:38:46.902,-0.45,-0.55,0.62,-131.41,-71.47,-57.31,NO_FALL,,
2026-07-28 10:38:46.961,-0.45,-0.55,0.62,-131.41,-71.47,-57.31,NO_FALL,,
2026-07-28 10:38:46.962,-0.43,-0.55,0.62,-61.28,-62.81,-70.62,NO_FALL,,
2026-07-28 10:38:46.963,-0.43,-0.57,0.62,1.16,-64.88,-62.99,NO_FALL,,
2026-07-28 10:38:47.022,-0.43,-0.57,0.62,1.16,-64.88,-62.99,NO_FALL,,
2026-07-28 10:38:47.022,-0.43,-0.61,0.64,36.44,-60.85,-44.19,NO_FALL,,
2026-07-28 10:38:47.023,-0.43,-0.61,0.64,36.44,-60.85,-44.19,NO_FALL,,
2026-07-28 10:38:47.081,-0.39,-0.62,0.68,45.84,-43.95,-33.51,NO_FALL,,
2026-07-28 10:38:47.082,-0.39,-0.62,0.68,45.84,-43.95,-33.51,NO_FALL,,
2026-07-28 10:38:47.141,-0.33,-0.57,0.72,58.78,-19.53,-32.78,NO_FALL,,
2026-07-28 10:38:47.142,-0.3,-0.51,0.72,75.99,-3.54,-36.93,NO_FALL,,
2026-07-28 10:38:47.143,-0.3,-0.51,0.72,75.99,-3.54,-36.93,NO_FALL,,
2026-07-28 10:38:47.201,-0.3,-0.49,0.76,70.13,2.26,-41.63,NO_FALL,,
2026-07-28 10:38:47.202,-0.3,-0.49,0.76,70.13,2.26,-41.63,NO_FALL,,
2026-07-28 10:38:47.262,-0.3,-0.5,0.85,46.69,8.0,-46.63,NO_FALL,,
2026-07-28 10:38:47.262,-0.3,-0.5,0.85,32.65,-3.11,-49.93,NO_FALL,,
2026-07-28 10:38:47.263,-0.28,-0.48,0.88,32.65,-3.11,-49.93,NO_FALL,,
2026-07-28 10:38:47.322,-0.25,-0.48,0.82,30.7,-23.68,-44.86,NO_FALL,,
2026-07-28 10:38:47.322,-0.25,-0.48,0.82,30.7,-23.68,-44.86,NO_FALL,,
2026-07-28 10:38:47.323,-0.25,-0.53,0.81,8.67,-18.98,-40.89,NO_FALL,,
2026-07-28 10:38:47.382,-0.25,-0.53,0.81,8.67,-18.98,-40.89,NO_FALL,,
2026-07-28 10:38:47.382,-0.28,-0.54,0.79,-39.0,4.33,-56.76,NO_FALL,,
2026-07-28 10:38:47.441,-0.28,-0.54,0.79,-39.0,4.33,-56.76,NO_FALL,,
2026-07-28 10:38:47.442,-0.27,-0.48,0.85,-50.48,24.35,-67.32,NO_FALL,,
2026-07-28 10:38:47.443,-0.22,-0.42,1.02,23.93,9.64,-32.35,NO_FALL,,
2026-07-28 10:38:47.501,-0.22,-0.42,1.02,23.93,9.64,-32.35,NO_FALL,,
2026-07-28 10:38:47.502,-0.13,-0.36,1.03,139.04,-72.14,31.92,NO_FALL,,
2026-07-28 10:38:47.503,-0.13,-0.36,1.03,139.04,-72.14,31.92,NO_FALL,,
2026-07-28 10:38:47.561,-0.03,-0.42,0.9,176.45,-149.9,87.34,NO_FALL,,
2026-07-28 10:38:47.562,-0.03,-0.42,0.9,176.45,-149.9,87.34,NO_FALL,,
2026-07-28 10:38:47.621,0.02,-0.49,0.84,99.73,-139.77,73.79,NO_FALL,,
2026-07-28 10:38:47.622,0.03,-0.37,0.86,6.71,-78.19,-3.48,NO_FALL,,
2026-07-28 10:38:47.623,0.03,-0.37,0.86,6.71,-78.19,-3.48,NO_FALL,,
2026-07-28 10:38:47.682,0.03,-0.25,0.87,-47.36,-23.19,-53.53,NO_FALL,,
2026-07-28 10:38:47.682,0.03,-0.25,0.87,-47.36,-23.19,-53.53,NO_FALL,,
2026-07-28 10:38:47.741,0.03,-0.28,0.87,-80.99,12.76,-48.4,NO_FALL,,
2026-07-28 10:38:47.742,0.03,-0.28,0.87,-80.99,12.76,-48.4,NO_FALL,,
2026-07-28 10:38:47.743,0.07,-0.42,0.94,-85.02,33.26,-28.56,NO_FALL,,
2026-07-28 10:38:47.801,0.05,-0.47,1.0,-51.82,34.42,-29.91,NO_FALL,,
2026-07-28 10:38:47.802,0.05,-0.47,1.0,-51.82,34.42,-29.91,NO_FALL,,
2026-07-28 10:38:47.803,-0.01,-0.41,0.96,-14.04,5.43,-39.55,NO_FALL,,
2026-07-28 10:38:47.861,-0.01,-0.41,0.96,-14.04,5.43,-39.55,NO_FALL,,
2026-07-28 10:38:47.862,-0.0,-0.37,0.87,6.9,-38.33,-32.41,NO_FALL,,
2026-07-28 10:38:47.863,-0.0,-0.37,0.87,6.9,-38.33,-32.41,NO_FALL,,
2026-07-28 10:38:47.921,0.09,-0.39,0.82,15.14,-56.76,-11.05,NO_FALL,,
2026-07-28 10:38:47.922,0.09,-0.39,0.82,1.71,-43.88,4.46,NO_FALL,,
2026-07-28 10:38:47.982,0.15,-0.44,0.85,1.71,-43.88,4.46,NO_FALL,,
2026-07-28 10:38:47.982,0.28,-0.71,0.92,-17.88,-26.55,7.45,NO_FALL,,
2026-07-28 10:38:47.983,0.28,-0.71,0.92,-17.88,-26.55,7.45,NO_FALL,,
2026-07-28 10:38:48.041,0.44,-0.91,0.97,-3.17,10.31,22.34,NO_FALL,,
2026-07-28 10:38:48.042,0.44,-0.91,0.97,-3.17,10.31,22.34,NO_FALL,,
2026-07-28 10:38:48.101,0.34,-0.65,0.99,45.9,61.58,63.54,NO_FALL,,
2026-07-28 10:38:48.102,0.34,-0.65,0.99,45.9,61.58,63.54,NO_FALL,,
2026-07-28 10:38:48.103,0.01,-0.23,0.94,82.4,84.78,81.12,NO_FALL,,
2026-07-28 10:38:48.162,-0.29,0.01,0.79,68.24,71.96,49.99,NO_FALL,,
2026-07-28 10:38:48.162,-0.29,0.01,0.79,68.24,71.96,49.99,NO_FALL,,
2026-07-28 10:38:48.163,-0.42,0.01,0.66,15.14,41.87,10.56,NO_FALL,,
2026-07-28 10:38:48.222,-0.42,0.01,0.66,15.14,41.87,10.56,NO_FALL,,
2026-07-28 10:38:48.222,-0.37,-0.13,0.75,-32.41,19.65,-14.47,NO_FALL,,
2026-07-28 10:38:48.223,-0.37,-0.13,0.75,-32.41,19.65,-14.47,NO_FALL,,
2026-07-28 10:38:48.282,-0.25,-0.29,0.94,-42.97,10.19,-18.25,NO_FALL,,
2026-07-28 10:38:48.282,-0.13,-0.38,1.02,-26.73,-1.71,1.89,NO_FALL,,
2026-07-28 10:38:48.342,-0.13,-0.38,1.02,-26.73,-1.71,1.89,NO_FALL,,
2026-07-28 10:38:48.342,-0.04,-0.39,0.96,-16.72,-31.49,25.02,NO_FALL,,
2026-07-28 10:38:48.343,-0.04,-0.39,0.96,-16.72,-31.49,25.02,NO_FALL,,
2026-07-28 10:38:48.402,0.01,-0.36,0.91,-5.19,-57.19,24.41,NO_FALL,,
2026-07-28 10:38:48.402,0.01,-0.36,0.91,-5.19,-57.19,24.41,NO_FALL,,
2026-07-28 10:38:48.462,0.01,-0.35,0.9,24.17,-54.99,3.36,NO_FALL,,
2026-07-28 10:38:48.462,0.01,-0.35,0.9,25.94,-39.43,-17.27,NO_FALL,,
2026-07-28 10:38:48.463,0.02,-0.38,0.9,25.94,-39.43,-17.27,NO_FALL,,
2026-07-28 10:38:48.521,0.05,-0.42,0.9,-8.42,-19.84,-25.94,NO_FALL,,
2026-07-28 10:38:48.522,0.05,-0.42,0.9,-8.42,-19.84,-25.94,NO_FALL,,
2026-07-28 10:38:48.523,0.06,-0.42,0.91,-30.15,-0.06,-22.34,NO_FALL,,
2026-07-28 10:38:48.581,0.06,-0.42,0.91,-30.15,-0.06,-22.34,NO_FALL,,
2026-07-28 10:38:48.582,0.06,-0.41,0.92,-26.37,8.97,-13.98,NO_FALL,,
2026-07-28 10:38:48.583,0.06,-0.41,0.92,-26.37,8.97,-13.98,NO_FALL,,
2026-07-28 10:38:48.641,0.05,-0.4,0.91,-15.2,9.4,-9.22,NO_FALL,,
2026-07-28 10:38:48.642,0.02,-0.4,0.89,-4.03,14.16,-9.95,NO_FALL,,
2026-07-28 10:38:48.701,0.02,-0.4,0.89,-4.03,14.16,-9.95,NO_FALL,,
2026-07-28 10:38:48.702,-0.02,-0.39,0.9,9.28,27.59,-9.34,NO_FALL,,
2026-07-28 10:38:48.703,-0.02,-0.39,0.9,9.28,27.59,-9.34,NO_FALL,,
2026-07-28 10:38:48.762,-0.08,-0.38,0.92,18.13,56.95,-11.54,NO_FALL,,
2026-07-28 10:38:48.762,-0.08,-0.38,0.92,18.13,56.95,-11.54,NO_FALL,,
2026-07-28 10:38:48.822,-0.12,-0.36,0.91,15.56,84.41,-25.76,NO_FALL,,
2026-07-28 10:38:48.822,-0.14,-0.36,0.87,14.47,81.3,-51.03,NO_FALL,,
2026-07-28 10:38:48.823,-0.14,-0.36,0.87,14.47,81.3,-51.03,NO_FALL,,
2026-07-28 10:38:48.881,-0.09,-0.38,0.87,16.54,63.84,-70.74,NO_FALL,,
2026-07-28 10:38:48.882,-0.09,-0.38,0.87,16.54,63.84,-70.74,NO_FALL,,
2026-07-28 10:38:48.883,-0.06,-0.42,0.92,1.83,49.74,-57.92,NO_FALL,,
2026-07-28 10:38:48.941,-0.06,-0.42,0.92,1.83,49.74,-57.92,NO_FALL,,
2026-07-28 10:38:48.942,-0.1,-0.42,0.93,0.49,54.14,-15.01,NO_FALL,,
2026-07-28 10:38:49.002,-0.1,-0.42,0.93,18.86,45.17,10.74,NO_FALL,,
2026-07-28 10:38:49.002,-0.18,-0.38,0.88,18.86,45.17,10.74,NO_FALL,,
2026-07-28 10:38:49.003,-0.22,-0.35,0.9,24.41,15.32,-21.06,NO_FALL,,
2026-07-28 10:38:49.062,-0.22,-0.35,0.9,24.41,15.32,-21.06,NO_FALL,,
2026-07-28 10:38:49.062,-0.19,-0.35,0.95,35.64,8.06,-74.89,NO_FALL,,
2026-07-28 10:38:49.063,-0.19,-0.35,0.95,35.64,8.06,-74.89,NO_FALL,,
2026-07-28 10:38:49.122,-0.16,-0.34,0.93,46.75,9.64,-77.7,NO_FALL,,
2026-07-28 10:38:49.122,-0.19,-0.32,0.88,55.6,13.49,-7.51,NO_FALL,,
2026-07-28 10:38:49.181,-0.19,-0.32,0.88,55.6,13.49,-7.51,NO_FALL,,
2026-07-28 10:38:49.182,-0.29,-0.27,0.86,97.9,28.99,54.93,NO_FALL,,
2026-07-28 10:38:49.183,-0.29,-0.27,0.86,97.9,28.99,54.93,NO_FALL,,
2026-07-28 10:38:49.242,-0.33,-0.17,0.89,122.56,50.11,-1.16,NO_FALL,,
2026-07-28 10:38:49.242,-0.33,-0.17,0.89,122.56,50.11,-1.16,NO_FALL,,
2026-07-28 10:38:49.302,-0.29,-0.06,0.97,64.39,69.27,-126.89,NO_FALL,,
2026-07-28 10:38:49.302,-0.26,-0.07,1.08,-17.58,73.18,-158.39,NO_FALL,,
2026-07-28 10:38:49.303,-0.26,-0.07,1.08,-17.58,73.18,-158.39,NO_FALL,,
2026-07-28 10:38:49.362,-0.28,-0.16,1.07,-42.42,49.93,-82.58,NO_FALL,,
2026-07-28 10:38:49.421,-0.28,-0.16,1.07,-42.42,49.93,-82.58,NO_FALL,,
2026-07-28 10:38:49.422,-0.29,-0.2,1.01,-17.76,15.44,-23.68,NO_FALL,,
2026-07-28 10:38:49.422,-0.29,-0.2,1.01,13.24,-4.76,-13.92,NO_FALL,,
2026-07-28 10:38:49.423,-0.28,-0.2,0.98,13.24,-4.76,-13.92,NO_FALL,,
2026-07-28 10:38:49.481,-0.32,-0.23,0.96,20.75,-6.23,-5.19,NO_FALL,,
2026-07-28 10:38:49.482,-0.32,-0.23,0.96,20.75,-6.23,-5.19,NO_FALL,,
2026-07-28 10:38:49.483,-0.36,-0.26,0.95,-4.58,-5.8,8.18,NO_FALL,,
2026-07-28 10:38:49.542,-0.36,-0.26,0.95,-4.58,-5.8,8.18,NO_FALL,,
2026-07-28 10:38:49.542,-0.36,-0.24,1.0,-33.26,-14.71,10.31,NO_FALL,,
2026-07-28 10:38:49.543,-0.36,-0.24,1.0,-33.26,-14.71,10.31,NO_FALL,,
2026-07-28 10:38:49.602,-0.35,-0.26,1.1,-34.61,-21.79,2.56,NO_FALL,,
2026-07-28 10:38:49.602,-0.38,-0.33,1.22,-14.16,-20.45,-7.39,NO_FALL,,
2026-07-28 10:38:49.661,-0.38,-0.33,1.22,-14.16,-20.45,-7.39,NO_FALL,,
2026-07-28 10:38:49.662,-0.41,-0.38,1.3,10.62,-20.32,-16.97,NO_FALL,,
2026-07-28 10:38:49.663,-0.41,-0.38,1.3,10.62,-20.32,-16.97,NO_FALL,,
2026-07-28 10:38:49.722,-0.36,-0.35,1.24,29.97,-32.29,-27.22,FALL,2,AUTO_FALL_LIKE
2026-07-28 10:38:49.722,-0.36,-0.35,1.24,29.97,-32.29,-27.22,FALL,2,AUTO_FALL_LIKE
2026-07-28 10:38:49.723,-0.23,-0.27,1.05,23.38,-48.52,-36.5,FALL,2,AUTO_FALL_LIKE
2026-07-28 10:38:49.782,-0.09,-0.18,0.88,-19.23,-42.72,-40.95,FALL,2,AUTO_FALL_LIKE
2026-07-28 10:38:49.782,-0.09,-0.18,0.88,-19.23,-42.72,-40.95,FALL,2,AUTO_FALL_LIKE
2026-07-28 10:38:49.842,-0.01,-0.12,0.73,-56.03,-9.95,-29.36,FALL,2,AUTO_FALL_LIKE
2026-07-28 10:38:49.842,-0.01,-0.12,0.73,-56.03,-9.95,-29.36,FALL,2,AUTO_FALL_LIKE
2026-07-28 10:38:49.843,-0.0,-0.12,0.54,0.85,18.8,9.7,FALL,2,AUTO_FALL_LIKE
2026-07-28 10:38:49.901,-0.0,-0.12,0.54,0.85,18.8,9.7,FALL,2,AUTO_FALL_LIKE
2026-07-28 10:38:49.902,-0.03,-0.13,0.27,105.9,65.37,52.37,FALL,2,AUTO_FALL_LIKE
2026-07-28 10:38:49.903,-0.03,-0.13,0.27,121.7,156.31,62.07,FALL,2,AUTO_FALL_LIKE
2026-07-28 10:38:49.961,-0.01,-0.07,0.03,121.7,156.31,62.07,FALL,2,AUTO_FALL_LIKE
2026-07-28 10:38:49.962,0.01,-0.0,-0.06,71.23,232.79,47.42,FALL,2,AUTO_FALL_LIKE
2026-07-28 10:38:50.022,0.01,-0.0,-0.06,71.23,232.79,47.42,FALL,2,AUTO_FALL_LIKE
2026-07-28 10:38:50.022,-0.42,0.04,0.3,38.45,255.55,37.54,FALL,2,AUTO_FALL_LIKE
2026-07-28 10:38:50.023,-0.42,0.04,0.3,38.45,255.55,37.54,FALL,2,AUTO_FALL_LIKE
2026-07-28 10:38:50.082,-1.1,0.13,0.8,59.2,274.78,74.22,FALL,2,AUTO_FALL_LIKE
2026-07-28 10:38:50.082,-1.07,0.2,0.62,225.83,309.69,76.05,FALL,2,AUTO_FALL_LIKE
2026-07-28 10:38:50.083,-1.07,0.2,0.62,225.83,309.69,76.05,FALL,2,AUTO_FALL_LIKE
2026-07-28 10:38:50.141,-0.78,0.11,0.03,452.7,318.42,-88.87,FALL,2,AUTO_FALL_LIKE
2026-07-28 10:38:50.142,-0.78,0.11,0.03,452.7,318.42,-88.87,FALL,2,AUTO_FALL_LIKE
2026-07-28 10:38:50.201,-0.76,-0.17,-0.36,408.33,306.09,-259.89,FALL,2,AUTO_FALL_LIKE
2026-07-28 10:38:50.202,-0.76,-0.17,-0.36,408.33,306.09,-259.89,FALL,2,AUTO_FALL_LIKE
2026-07-28 10:38:50.203,-0.79,-0.43,-0.49,146.3,222.17,-220.4,FALL,2,AUTO_FALL_LIKE
2026-07-28 10:38:50.262,-0.91,-0.32,-0.34,-60.79,-14.71,17.03,FALL,2,AUTO_FALL_LIKE
2026-07-28 10:38:50.262,-0.91,-0.32,-0.34,-60.79,-14.71,17.03,FALL,2,AUTO_FALL_LIKE
2026-07-28 10:38:50.322,-0.94,0.1,0.09,-141.3,-304.26,268.31,FALL,2,AUTO_FALL_LIKE
2026-07-28 10:38:50.322,-0.94,0.1,0.09,-141.3,-304.26,268.31,FALL,2,AUTO_FALL_LIKE
2026-07-28 10:38:50.323,-0.75,0.4,0.48,-119.45,-453.86,356.69,FALL,2,AUTO_FALL_LIKE
2026-07-28 10:38:50.382,-0.58,0.43,0.57,-91.06,-433.23,310.55,FALL,2,AUTO_FALL_LIKE
2026-07-28 10:38:50.382,-0.58,0.43,0.57,-91.06,-433.23,310.55,FALL,2,AUTO_FALL_LIKE
2026-07-28 10:38:50.441,-0.28,0.5,0.75,-57.31,-390.2,281.37,FALL,2,AUTO_FALL_LIKE
2026-07-28 10:38:50.442,-0.28,0.5,0.75,-57.31,-390.2,281.37,FALL,2,AUTO_FALL_LIKE
2026-07-28 10:38:50.443,0.03,0.86,1.01,33.14,-317.38,278.93,FALL,2,AUTO_FALL_LIKE
2026-07-28 10:38:50.502,0.03,0.86,1.01,33.14,-317.38,278.93,FALL,2,AUTO_FALL_LIKE
2026-07-28 10:38:50.502,0.15,1.08,1.11,85.57,-175.48,228.27,FALL,2,AUTO_FALL_LIKE
2026-07-28 10:38:50.562,0.31,1.0,1.19,26.92,-82.82,145.2,FALL,2,AUTO_FALL_LIKE
2026-07-28 10:38:50.562,0.31,1.0,1.19,26.92,-82.82,145.2,FALL,2,AUTO_FALL_LIKE
2026-07-28 10:38:50.563,0.4,0.92,1.31,-51.33,-40.95,54.93,FALL,2,AUTO_FALL_LIKE
2026-07-28 10:38:50.622,0.4,0.92,1.31,-51.33,-40.95,54.93,FALL,2,AUTO_FALL_LIKE
2026-07-28 10:38:50.622,0.42,0.98,1.58,-84.11,-1.89,-5.31,FALL,2,AUTO_FALL_LIKE
2026-07-28 10:38:50.623,0.42,0.98,1.58,-84.11,-1.89,-5.31,FALL,2,AUTO_FALL_LIKE
2026-07-28 10:38:50.681,0.44,1.07,1.77,-104.25,23.07,-3.91,FALL,2,AUTO_FALL_LIKE
2026-07-28 10:38:50.682,0.33,1.01,1.52,-140.38,41.44,23.8,FALL,2,AUTO_FALL_LIKE
2026-07-28 10:38:50.683,0.33,1.01,1.52,-140.38,41.44,23.8,FALL,2,AUTO_FALL_LIKE
2026-07-28 10:38:50.742,0.14,0.64,0.81,-163.64,50.05,32.65,FALL,2,AUTO_FALL_LIKE
2026-07-28 10:38:50.742,0.14,0.64,0.81,-163.64,50.05,32.65,FALL,2,AUTO_FALL_LIKE
2026-07-28 10:38:50.802,0.01,0.15,0.11,-130.55,26.92,23.07,FALL,2,AUTO_FALL_LIKE
2026-07-28 10:38:50.802,0.01,0.15,0.11,-130.55,26.92,23.07,FALL,2,AUTO_FALL_LIKE
2026-07-28 10:38:50.803,-0.02,-0.09,-0.17,-68.18,-7.69,10.62,FALL,2,AUTO_FALL_LIKE
2026-07-28 10:38:50.861,-0.01,-0.09,-0.13,-34.97,-24.66,3.36,FALL,2,AUTO_FALL_LIKE
2026-07-28 10:38:50.862,-0.01,-0.09,-0.13,-34.97,-24.66,3.36,FALL,2,AUTO_FALL_LIKE
2026-07-28 10:38:50.922,0.01,-0.03,-0.03,-35.77,-26.31,1.83,FALL,2,AUTO_FALL_LIKE
2026-07-28 10:38:50.981,0.01,-0.03,-0.03,-35.77,-26.31,1.83,FALL,2,AUTO_FALL_LIKE
2026-07-28 10:38:50.982,0.02,0.01,0.02,-47.49,-24.05,1.89,FALL,2,AUTO_FALL_LIKE
2026-07-28 10:38:50.983,0.02,0.01,0.02,-47.49,-24.05,1.89,FALL,2,AUTO_FALL_LIKE
2026-07-28 10:38:50.983,0.02,0.02,0.02,-55.36,-23.62,0.85,FALL,2,AUTO_FALL_LIKE
2026-07-28 10:38:50.984,0.02,0.02,0.02,-55.36,-23.62,0.85,FALL,2,AUTO_FALL_LIKE
2026-07-28 10:38:51.042,0.02,0.01,0.01,-57.43,-24.6,-1.04,FALL,2,AUTO_FALL_LIKE
2026-07-28 10:38:51.042,0.02,0.0,0.01,-57.74,-25.7,-2.81,FALL,2,AUTO_FALL_LIKE
2026-07-28 10:38:51.043,0.02,0.0,0.01,-57.74,-25.7,-2.81,FALL,2,AUTO_FALL_LIKE
2026-07-28 10:38:51.101,0.17,-0.06,0.48,-40.47,-13.0,-6.35,FALL,2,AUTO_FALL_LIKE
2026-07-28 10:38:51.102,0.17,-0.06,0.48,-40.47,-13.0,-6.35,FALL,2,AUTO_FALL_LIKE
2026-07-28 10:38:51.161,0.24,-0.08,0.78,57.68,28.81,-6.53,FALL,2,AUTO_FALL_LIKE
2026-07-28 10:38:51.162,0.08,-0.02,0.34,205.26,67.02,7.08,FALL,2,AUTO_FALL_LIKE
2026-07-28 10:38:51.163,0.08,-0.02,0.34,205.26,67.02,7.08,FALL,2,AUTO_FALL_LIKE
2026-07-28 10:38:51.222,0.14,0.23,0.44,264.34,80.93,22.64,FALL,2,AUTO_FALL_LIKE
2026-07-28 10:38:51.222,0.14,0.23,0.44,264.34,80.93,22.64,FALL,2,AUTO_FALL_LIKE
2026-07-28 10:38:51.282,0.18,0.37,1.01,112.55,86.91,28.5,FALL,2,AUTO_FALL_LIKE
2026-07-28 10:38:51.282,0.18,0.37,1.01,112.55,86.91,28.5,FALL,2,AUTO_FALL_LIKE
2026-07-28 10:38:51.283,0.1,0.29,1.31,-63.11,56.27,22.34,FALL,2,AUTO_FALL_LIKE
2026-07-28 10:38:51.342,0.16,0.44,1.31,40.34,-10.19,16.17,FALL,2,AUTO_FALL_LIKE
2026-07-28 10:38:51.342,0.16,0.44,1.31,40.34,-10.19,16.17,FALL,2,AUTO_FALL_LIKE
2026-07-28 10:38:51.402,0.26,0.84,1.27,271.18,-49.44,47.97,FALL,2,AUTO_FALL_LIKE
2026-07-28 10:38:51.402,0.26,0.84,1.27,271.18,-49.44,47.97,FALL,2,AUTO_FALL_LIKE
2026-07-28 10:38:51.403,0.43,1.47,0.93,466.0,-55.36,103.21,FALL,2,AUTO_FALL_LIKE
2026-07-28 10:38:51.462,0.43,1.47,0.93,466.0,-55.36,103.21,FALL,2,AUTO_FALL_LIKE
2026-07-28 10:38:51.462,0.52,1.98,0.3,537.6,-38.64,98.57,FALL,2,AUTO_FALL_LIKE
2026-07-28 10:38:51.463,0.46,2.0,0.19,276.86,-0.67,31.19,FALL,2,AUTO_FALL_LIKE
2026-07-28 10:38:51.522,0.46,2.0,0.19,276.86,-0.67,31.19,FALL,2,AUTO_FALL_LIKE
2026-07-28 10:38:51.522,0.43,1.78,0.46,-67.81,36.74,-21.42,FALL,2,AUTO_FALL_LIKE
2026-07-28 10:38:51.523,0.43,1.78,0.46,-67.81,36.74,-21.42,FALL,2,AUTO_FALL_LIKE
2026-07-28 10:38:51.581,0.44,1.67,0.53,-166.99,56.34,-34.79,FALL,2,AUTO_FALL_LIKE
2026-07-28 10:38:51.582,0.44,1.67,0.53,-166.99,56.34,-34.79,FALL,2,AUTO_FALL_LIKE
2026-07-28 10:38:51.641,0.5,1.43,0.34,-142.03,49.44,-34.36,FALL,2,AUTO_FALL_LIKE
2026-07-28 10:38:51.642,0.39,0.73,0.11,-110.96,18.55,-56.03,FALL,2,AUTO_FALL_LIKE
2026-07-28 10:38:51.643,0.39,0.73,0.11,-110.96,18.55,-56.03,FALL,2,AUTO_FALL_LIKE
2026-07-28 10:38:51.702,0.12,0.05,-0.03,-39.18,-30.15,-101.44,FALL,2,AUTO_FALL_LIKE
2026-07-28 10:38:51.702,0.12,0.05,-0.03,-39.18,-30.15,-101.44,FALL,2,AUTO_FALL_LIKE
2026-07-28 10:38:51.762,-0.03,-0.18,-0.05,44.37,-70.31,-136.47,FALL,2,AUTO_FALL_LIKE
2026-07-28 10:38:51.762,-0.03,-0.18,-0.05,44.37,-70.31,-136.47,FALL,2,AUTO_FALL_LIKE
2026-07-28 10:38:51.763,-0.04,-0.11,-0.02,76.42,-85.14,-145.2,FALL,2,AUTO_FALL_LIKE
2026-07-28 10:38:51.822,-0.01,-0.01,-0.0,69.82,-86.18,-139.1,FALL,2,AUTO_FALL_LIKE
2026-07-28 10:38:51.822,-0.01,-0.01,-0.0,69.82,-86.18,-139.1,FALL,2,AUTO_FALL_LIKE
2026-07-28 10:38:51.881,0.02,0.03,0.01,55.6,-86.43,-131.77,FALL,2,AUTO_FALL_LIKE
2026-07-28 10:38:51.882,0.02,0.03,0.01,55.6,-86.43,-131.77,FALL,2,AUTO_FALL_LIKE
2026-07-28 10:38:51.883,0.02,0.02,0.0,48.34,-89.84,-128.3,FALL,2,AUTO_FALL_LIKE
2026-07-28 10:38:51.942,0.02,0.02,0.0,47.91,-95.58,-127.44,FALL,2,AUTO_FALL_LIKE
2026-07-28 10:38:51.942,0.02,0.01,0.0,47.91,-95.58,-127.44,FALL,2,AUTO_FALL_LIKE
2026-07-28 10:38:51.943,0.01,0.0,0.0,49.99,-102.23,-126.53,FALL,2,AUTO_FALL_LIKE
2026-07-28 10:38:52.002,0.01,0.0,0.0,49.99,-102.23,-126.53,FALL,2,AUTO_FALL_LIKE
2026-07-28 10:38:52.002,-0.07,0.09,-0.01,52.19,-109.31,-124.15,FALL,2,AUTO_FALL_LIKE
2026-07-28 10:38:52.003,-0.07,0.09,-0.01,52.19,-109.31,-124.15,FALL,2,AUTO_FALL_LIKE
2026-07-28 10:38:52.062,-0.15,0.9,0.53,-60.06,-147.46,32.9,FALL,2,AUTO_FALL_LIKE
2026-07-28 10:38:52.062,-0.01,1.29,1.05,-446.9,-146.0,456.36,FALL,2,AUTO_FALL_LIKE
2026-07-28 10:38:52.122,-0.01,1.29,1.05,-446.9,-146.0,456.36,FALL,2,AUTO_FALL_LIKE
2026-07-28 10:38:52.122,-0.25,0.26,0.95,-774.96,5.68,676.39,FALL,2,AUTO_FALL_LIKE
2026-07-28 10:38:52.123,-0.25,0.26,0.95,-774.96,5.68,676.39,FALL,2,AUTO_FALL_LIKE
2026-07-28 10:38:52.182,-0.22,-0.62,0.79,-640.2,87.52,397.28,NO_FALL,,
2026-07-28 10:38:52.182,-0.22,-0.62,0.79,-640.2,87.52,397.28,NO_FALL,,
2026-07-28 10:38:52.242,0.25,-0.68,0.74,-212.77,25.27,33.26,NO_FALL,,
2026-07-28 10:38:52.242,0.31,-0.26,0.85,176.64,-20.75,-99.61,NO_FALL,,
2026-07-28 10:38:52.243,0.31,-0.26,0.85,176.64,-20.75,-99.61,NO_FALL,,
2026-07-28 10:38:52.301,0.31,0.19,0.88,308.53,-47.42,-71.04,NO_FALL,,
2026-07-28 10:38:52.302,0.31,0.19,0.88,308.53,-47.42,-71.04,NO_FALL,,
2026-07-28 10:38:52.362,0.2,0.27,0.85,151.06,-12.94,-31.74,NO_FALL,,
2026-07-28 10:38:52.362,0.2,0.27,0.85,-84.11,48.77,-23.86,NO_FALL,,
2026-07-28 10:38:52.363,0.08,0.01,0.82,-84.11,48.77,-23.86,NO_FALL,,
2026-07-28 10:38:52.422,0.07,-0.12,0.84,-130.68,48.95,-28.5,NO_FALL,,
2026-07-28 10:38:52.422,0.07,-0.12,0.84,-130.68,48.95,-28.5,NO_FALL,,
2026-07-28 10:38:52.423,0.14,-0.04,0.96,-10.99,15.81,-27.77,NO_FALL,,
2026-07-28 10:38:52.482,0.14,-0.04,0.96,-10.99,15.81,-27.77,NO_FALL,,
2026-07-28 10:38:52.482,0.22,0.04,1.05,71.47,3.05,-26.61,NO_FALL,,
2026-07-28 10:38:52.541,0.22,0.04,1.05,71.47,3.05,-26.61,NO_FALL,,
2026-07-28 10:38:52.542,0.2,0.08,1.03,70.01,19.35,-31.13,NO_FALL,,
2026-07-28 10:38:52.543,0.12,0.07,0.91,44.19,41.02,-35.77,NO_FALL,,
2026-07-28 10:38:52.601,0.12,0.07,0.91,44.19,41.02,-35.77,NO_FALL,,
2026-07-28 10:38:52.602,0.02,0.08,0.77,41.87,50.48,-39.12,NO_FALL,,
2026-07-28 10:38:52.603,0.02,0.08,0.77,41.87,50.48,-39.12,NO_FALL,,
2026-07-28 10:38:52.662,0.01,0.15,0.64,62.01,50.96,-50.9,NO_FALL,,
2026-07-28 10:38:52.662,0.01,0.15,0.64,62.01,50.96,-50.9,NO_FALL,,
2026-07-28 10:38:52.721,0.03,0.29,0.77,91.37,39.49,-60.73,NO_FALL,,
2026-07-28 10:38:52.722,-0.03,0.49,1.27,133.91,-1.53,-40.95,NO_FALL,,
2026-07-28 10:38:52.723,-0.03,0.49,1.27,133.91,-1.53,-40.95,NO_FALL,,
2026-07-28 10:38:52.782,0.13,0.53,1.69,137.88,-83.68,-11.66,NO_FALL,,
2026-07-28 10:38:52.782,0.13,0.53,1.69,137.88,-83.68,-11.66,NO_FALL,,
2026-07-28 10:38:52.783,0.44,0.4,1.57,61.16,-155.94,-27.89,NO_FALL,,
2026-07-28 10:38:52.841,0.44,0.4,1.57,61.16,-155.94,-27.89,NO_FALL,,
2026-07-28 10:38:52.842,0.47,0.37,1.15,-6.96,-127.26,-80.02,NO_FALL,,
2026-07-28 10:38:52.902,0.25,0.45,0.82,15.62,-22.4,-108.15,NO_FALL,,
2026-07-28 10:38:52.902,0.25,0.45,0.82,15.62,-22.4,-108.15,NO_FALL,,
2026-07-28 10:38:52.903,0.02,0.63,0.64,96.86,40.16,-98.88,NO_FALL,,
2026-07-28 10:38:52.962,0.02,0.63,0.64,96.86,40.16,-98.88,NO_FALL,,
2026-07-28 10:38:52.962,-0.08,0.79,0.51,146.12,35.1,-75.93,NO_FALL,,
2026-07-28 10:38:53.022,-0.08,0.79,0.51,79.59,9.34,-33.57,NO_FALL,,
2026-07-28 10:38:53.022,-0.05,0.74,0.54,79.59,9.34,-33.57,NO_FALL,,
2026-07-28 10:38:53.023,0.04,0.55,0.7,-36.13,-11.9,12.02,NO_FALL,,
2026-07-28 10:38:53.081,0.04,0.55,0.7,-36.13,-11.9,12.02,NO_FALL,,
2026-07-28 10:38:53.082,0.11,0.47,0.84,-64.58,-18.62,24.23,NO_FALL,,
2026-07-28 10:38:53.083,0.11,0.47,0.84,-64.58,-18.62,24.23,NO_FALL,,
2026-07-28 10:38:53.141,0.13,0.53,0.87,-7.2,-12.7,15.5,NO_FALL,,
2026-07-28 10:38:53.142,0.14,0.62,0.84,47.49,-9.28,8.85,NO_FALL,,
2026-07-28 10:38:53.201,0.14,0.62,0.84,47.49,-9.28,8.85,NO_FALL,,
2026-07-28 10:38:53.202,0.15,0.66,0.77,61.95,-12.51,8.73,NO_FALL,,
2026-07-28 10:38:53.203,0.15,0.66,0.77,61.95,-12.51,8.73,NO_FALL,,
2026-07-28 10:38:53.262,0.12,0.66,0.7,64.21,-10.01,4.15,NO_FALL,,
2026-07-28 10:38:53.262,0.12,0.66,0.7,64.21,-10.01,4.15,NO_FALL,,
2026-07-28 10:38:53.322,0.13,0.71,0.64,96.56,-2.56,4.52,NO_FALL,,
2026-07-28 10:38:53.322,0.14,0.88,0.5,163.39,8.61,14.65,NO_FALL,,
2026-07-28 10:38:53.323,0.14,0.88,0.5,163.39,8.61,14.65,NO_FALL,,
2026-07-28 10:38:53.381,0.13,1.09,0.38,177.37,19.78,24.05,NO_FALL,,
2026-07-28 10:38:53.382,0.13,1.09,0.38,177.37,19.78,24.05,NO_FALL,,
2026-07-28 10:38:53.383,0.24,1.13,0.49,63.35,10.99,45.17,NO_FALL,,
2026-07-28 10:38:53.442,0.24,1.13,0.49,63.35,10.99,45.17,NO_FALL,,
2026-07-28 10:38:53.442,0.38,1.12,0.78,-73.3,-11.35,66.35,NO_FALL,,
2026-07-28 10:38:53.501,0.38,1.12,0.78,-104.19,-18.86,64.21,NO_FALL,,
2026-07-28 10:38:53.502,0.46,1.19,0.98,-104.19,-18.86,64.21,NO_FALL,,
2026-07-28 10:38:53.503,0.5,1.26,1.04,-74.04,-6.16,51.27,NO_FALL,,
2026-07-28 10:38:53.561,0.5,1.26,1.04,-74.04,-6.16,51.27,NO_FALL,,
2026-07-28 10:38:53.562,0.51,1.24,1.07,-64.39,8.54,44.19,NO_FALL,,
2026-07-28 10:38:53.563,0.51,1.24,1.07,-64.39,8.54,44.19,NO_FALL,,
2026-07-28 10:38:53.622,0.49,1.18,1.11,-75.87,5.92,51.94,NO_FALL,,
2026-07-28 10:38:53.622,0.49,1.18,1.11,-75.87,5.92,51.94,NO_FALL,,
2026-07-28 10:38:53.682,0.54,1.19,1.12,-32.1,0.43,66.1,NO_FALL,,
2026-07-28 10:38:53.682,0.48,1.05,0.77,118.35,18.01,55.97,NO_FALL,,
2026-07-28 10:38:53.683,0.48,1.05,0.77,118.35,18.01,55.97,NO_FALL,,
2026-07-28 10:38:53.741,0.2,0.53,0.18,305.36,26.18,49.56,NO_FALL,,
2026-07-28 10:38:53.742,0.2,0.53,0.18,305.36,26.18,49.56,NO_FALL,,
2026-07-28 10:38:53.743,-0.0,0.01,-0.13,420.96,8.73,79.28,NO_FALL,,
2026-07-28 10:38:53.801,-0.0,0.01,-0.13,420.96,8.73,79.28,NO_FALL,,
2026-07-28 10:38:53.802,-0.04,-0.14,-0.14,441.16,1.1,109.25,NO_FALL,,
2026-07-28 10:38:53.861,-0.01,-0.09,-0.06,417.48,13.85,116.03,NO_FALL,,
2026-07-28 10:38:53.862,-0.01,-0.09,-0.06,417.48,13.85,116.03,NO_FALL,,
2026-07-28 10:38:53.863,0.02,-0.01,-0.01,395.69,35.28,107.24,NO_FALL,,
2026-07-28 10:38:53.922,0.02,-0.01,-0.01,395.69,35.28,107.24,NO_FALL,,
2026-07-28 10:38:53.922,0.03,0.02,-0.0,388.06,55.05,94.42,NO_FALL,,
2026-07-28 10:38:53.923,0.03,0.02,-0.0,388.06,55.05,94.42,NO_FALL,,
2026-07-28 10:38:53.982,0.03,0.01,-0.01,388.55,69.76,81.91,NO_FALL,,
2026-07-28 10:38:53.982,0.02,0.0,-0.02,390.26,79.71,69.4,NO_FALL,,
2026-07-28 10:38:54.041,0.02,0.0,-0.02,390.26,79.71,69.4,NO_FALL,,
2026-07-28 10:38:54.042,0.02,-0.01,-0.03,390.56,85.69,56.58,NO_FALL,,
2026-07-28 10:38:54.043,0.02,-0.01,-0.03,390.56,85.69,56.58,NO_FALL,,
2026-07-28 10:38:54.102,0.02,-0.01,-0.03,389.34,88.2,44.49,NO_FALL,,
2026-07-28 10:38:54.102,0.02,-0.01,-0.03,371.83,66.83,101.01,NO_FALL,,
2026-07-28 10:38:54.162,0.37,-0.83,-0.49,371.83,66.83,101.01,NO_FALL,,
2026-07-28 10:38:54.162,0.73,-1.64,-0.84,280.4,-29.66,337.52,NO_FALL,,
2026-07-28 10:38:54.163,0.73,-1.64,-0.84,280.4,-29.66,337.52,NO_FALL,,
2026-07-28 10:38:54.222,0.75,-1.19,-0.45,158.2,-117.55,389.28,NO_FALL,,
2026-07-28 10:38:54.222,0.75,-1.19,-0.45,158.2,-117.55,389.28,NO_FALL,,
2026-07-28 10:38:54.223,0.65,-0.56,-0.11,81.54,-112.85,122.56,NO_FALL,,
2026-07-28 10:38:54.281,0.43,-0.55,-0.04,99.98,-82.76,-26.12,NO_FALL,,
2026-07-28 10:38:54.282,0.43,-0.55,-0.04,99.98,-82.76,-26.12,NO_FALL,,
2026-07-28 10:38:54.342,0.33,-0.67,0.12,233.58,-32.9,-14.47,NO_FALL,,
2026-07-28 10:38:54.342,0.33,-0.67,0.12,233.58,-32.9,-14.47,NO_FALL,,
2026-07-28 10:38:54.343,0.26,-0.63,0.43,306.15,55.6,8.85,NO_FALL,,
2026-07-28 10:38:54.402,0.26,-0.63,0.43,306.15,55.6,8.85,NO_FALL,,
2026-07-28 10:38:54.402,0.17,-0.69,0.73,247.38,124.82,20.51,NO_FALL,,
2026-07-28 10:38:54.462,0.13,-0.81,0.91,166.56,111.82,31.49,NO_FALL,,
2026-07-28 10:38:54.462,0.13,-0.81,0.91,166.56,111.82,31.49,NO_FALL,,
2026-07-28 10:38:54.463,0.16,-0.97,0.97,106.08,58.04,46.69,NO_FALL,,
2026-07-28 10:38:54.522,0.16,-0.97,0.97,106.08,58.04,46.69,NO_FALL,,
2026-07-28 10:38:54.522,0.24,-1.15,1.01,70.13,21.79,46.51,NO_FALL,,
2026-07-28 10:38:54.523,0.24,-1.15,1.01,70.13,21.79,46.51,NO_FALL,,
2026-07-28 10:38:54.582,0.37,-1.21,0.96,42.48,0.73,21.55,NO_FALL,,
2026-07-28 10:38:54.582,0.35,-1.07,0.83,11.54,-3.23,-10.31,NO_FALL,,
2026-07-28 10:38:54.642,0.35,-1.07,0.83,11.54,-3.23,-10.31,NO_FALL,,
2026-07-28 10:38:54.642,0.2,-0.8,0.66,-10.5,-2.26,-40.34,NO_FALL,,
2026-07-28 10:38:54.643,0.2,-0.8,0.66,-10.5,-2.26,-40.34,NO_FALL,,
2026-07-28 10:38:54.701,0.1,-0.57,0.55,-14.04,-4.15,-52.73,NO_FALL,,
2026-07-28 10:38:54.702,0.1,-0.57,0.55,-14.04,-4.15,-52.73,NO_FALL,,
2026-07-28 10:38:54.703,0.1,-0.48,0.59,4.09,16.11,-37.11,NO_FALL,,
2026-07-28 10:38:54.762,0.13,-0.52,0.7,36.32,72.14,2.2,NO_FALL,,
2026-07-28 10:38:54.762,0.13,-0.52,0.7,36.32,72.14,2.2,NO_FALL,,
2026-07-28 10:38:54.822,-0.02,-0.51,0.8,85.02,144.47,55.91,NO_FALL,,
2026-07-28 10:38:54.822,-0.02,-0.51,0.8,85.02,144.47,55.91,NO_FALL,,
2026-07-28 10:38:54.823,-0.28,-0.64,0.79,53.89,174.01,99.79,NO_FALL,,
2026-07-28 10:38:54.882,-0.28,-0.64,0.79,53.89,174.01,99.79,NO_FALL,,
2026-07-28 10:38:54.882,-0.41,-0.95,0.64,-67.63,134.16,111.45,NO_FALL,,
2026-07-28 10:38:54.941,-0.43,-1.11,0.69,-72.39,63.6,91.8,NO_FALL,,
2026-07-28 10:38:54.942,-0.43,-1.11,0.69,-72.39,63.6,91.8,NO_FALL,,
2026-07-28 10:38:54.943,-0.39,-0.99,0.93,105.41,-15.93,49.38,NO_FALL,,
2026-07-28 10:38:55.002,-0.39,-0.99,0.93,105.41,-15.93,49.38,NO_FALL,,
2026-07-28 10:38:55.002,-0.3,-0.7,1.06,277.16,-91.25,0.43,NO_FALL,,
2026-07-28 10:38:55.003,-0.3,-0.7,1.06,277.16,-91.25,0.43,NO_FALL,,
2026-07-28 10:38:55.062,-0.15,-0.38,0.91,258.61,-118.1,-40.83,NO_FALL,,
2026-07-28 10:38:55.062,0.01,-0.08,0.64,101.62,-89.66,-75.13,NO_FALL,,
2026-07-28 10:38:55.063,0.01,-0.08,0.64,101.62,-89.66,-75.13,NO_FALL,,
2026-07-28 10:38:55.122,0.12,0.16,0.49,-21.42,-39.25,-91.92,NO_FALL,,
2026-07-28 10:38:55.122,0.12,0.16,0.49,-21.42,-39.25,-91.92,NO_FALL,,
2026-07-28 10:38:55.181,0.17,0.31,0.54,-29.05,7.75,-79.9,NO_FALL,,
2026-07-28 10:38:55.182,0.19,0.37,0.79,27.22,34.55,-46.75,NO_FALL,,
2026-07-28 10:38:55.183,0.19,0.37,0.79,27.22,34.55,-46.75,NO_FALL,,
2026-07-28 10:38:55.241,0.18,0.3,1.16,22.34,42.05,-7.32,NO_FALL,,
2026-07-28 10:38:55.242,0.18,0.3,1.16,22.34,42.05,-7.32,NO_FALL,,
2026-07-28 10:38:55.302,0.13,-0.01,1.41,-74.1,32.47,36.5,NO_FALL,,
2026-07-28 10:38:55.302,0.13,-0.01,1.41,-74.1,32.47,36.5,NO_FALL,,
2026-07-28 10:38:55.303,0.04,-0.33,1.32,-128.48,4.52,69.03,NO_FALL,,
2026-07-28 10:38:55.362,0.04,-0.33,1.32,-96.19,-20.94,68.24,NO_FALL,,
2026-07-28 10:38:55.362,-0.08,-0.43,0.99,-96.19,-20.94,68.24,NO_FALL,,
2026-07-28 10:38:55.422,-0.21,-0.5,0.7,-102.17,-6.84,45.47,NO_FALL,,
2026-07-28 10:38:55.422,-0.21,-0.5,0.7,-102.17,-6.84,45.47,NO_FALL,,
2026-07-28 10:38:55.423,-0.27,-0.65,0.5,-219.36,40.47,8.73,NO_FALL,,
2026-07-28 10:38:55.481,-0.27,-0.65,0.5,-219.36,40.47,8.73,NO_FALL,,
2026-07-28 10:38:55.482,-0.21,-0.78,0.33,-379.52,70.92,-40.04,NO_FALL,,
2026-07-28 10:38:55.483,-0.21,-0.78,0.33,-505.31,64.76,-87.16,NO_FALL,,
2026-07-28 10:38:55.542,-0.11,-0.98,0.04,-505.31,64.76,-87.16,NO_FALL,,
2026-07-28 10:38:55.542,-0.07,-1.05,-0.35,-570.43,45.84,-93.14,NO_FALL,,
2026-07-28 10:38:55.543,-0.07,-1.05,-0.35,-570.43,45.84,-93.14,NO_FALL,,
2026-07-28 10:38:55.602,-0.07,-0.82,-0.72,-551.45,40.41,-54.38,NO_FALL,,
2026-07-28 10:38:55.602,-0.07,-0.82,-0.72,-551.45,40.41,-54.38,NO_FALL,,
2026-07-28 10:38:55.661,-0.01,-0.57,-0.91,-407.65,82.7,-12.39,NO_FALL,,
2026-07-28 10:38:55.662,0.09,-0.53,-0.82,-158.94,145.26,28.93,NO_FALL,,
2026-07-28 10:38:55.663,0.09,-0.53,-0.82,-158.94,145.26,28.93,NO_FALL,,
2026-07-28 10:38:55.722,0.11,-0.6,-0.69,2.44,116.64,53.96,NO_FALL,,
2026-07-28 10:38:55.722,0.11,-0.6,-0.69,2.44,116.64,53.96,NO_FALL,,
2026-07-28 10:38:55.782,0.1,-0.61,-0.7,-15.2,9.22,41.14,NO_FALL,,
2026-07-28 10:38:55.782,0.1,-0.61,-0.7,-15.2,9.22,41.14,NO_FALL,,
2026-07-28 10:38:55.783,0.1,-0.58,-0.8,-50.35,-54.57,21.0,NO_FALL,,
2026-07-28 10:38:55.842,0.11,-0.63,-0.86,-6.71,-58.35,16.6,NO_FALL,,
2026-07-28 10:38:55.842,0.11,-0.63,-0.86,-6.71,-58.35,16.6,NO_FALL,,
2026-07-28 10:38:55.901,0.1,-0.69,-0.86,48.95,-45.17,11.96,NO_FALL,,
2026-07-28 10:38:55.902,0.1,-0.69,-0.86,48.95,-45.17,11.96,NO_FALL,,
2026-07-28 10:38:55.903,0.06,-0.71,-0.81,61.34,-30.64,-1.04,NO_FALL,,
2026-07-28 10:38:55.962,0.06,-0.71,-0.81,61.34,-30.64,-1.04,NO_FALL,,
2026-07-28 10:38:55.962,0.01,-0.69,-0.76,35.95,-17.7,-10.38,NO_FALL,,
2026-07-28 10:38:55.963,-0.02,-0.68,-0.73,6.77,-10.5,-7.26,NO_FALL,,
2026-07-28 10:38:56.022,-0.02,-0.68,-0.73,6.77,-10.5,-7.26,NO_FALL,,
2026-07-28 10:38:56.022,-0.06,-0.68,-0.72,3.85,-13.85,-0.67,NO_FALL,,
2026-07-28 10:38:56.023,-0.06,-0.68,-0.72,3.85,-13.85,-0.67,NO_FALL,,
2026-07-28 10:38:56.082,-0.08,-0.68,-0.69,33.14,-23.07,-0.18,NO_FALL,,
2026-07-28 10:38:56.082,-0.08,-0.68,-0.69,33.14,-23.07,-0.18,NO_FALL,,
2026-07-28 10:38:56.142,-0.07,-0.69,-0.67,54.5,-25.39,-1.04,NO_FALL,,
2026-07-28 10:38:56.142,-0.07,-0.69,-0.67,54.5,-25.39,-1.04,NO_FALL,,
2026-07-28 10:38:56.143,-0.06,-0.7,-0.67,36.93,-16.36,3.05,NO_FALL,,
2026-07-28 10:38:56.202,-0.05,-0.73,-0.69,13.0,-5.68,7.69,NO_FALL,,
2026-07-28 10:38:56.202,-0.05,-0.73,-0.69,13.0,-5.68,7.69,NO_FALL,,
2026-07-28 10:38:56.261,-0.04,-0.75,-0.7,6.29,-0.37,7.08,NO_FALL,,
2026-07-28 10:38:56.262,-0.04,-0.75,-0.7,6.29,-0.37,7.08,NO_FALL,,
2026-07-28 10:38:56.263,-0.04,-0.77,-0.68,10.38,-0.73,3.3,NO_FALL,,
2026-07-28 10:38:56.322,-0.04,-0.77,-0.68,10.38,-0.73,3.3,NO_FALL,,
2026-07-28 10:38:56.322,-0.05,-0.77,-0.64,15.69,-2.08,0.55,NO_FALL,,
2026-07-28 10:38:56.323,-0.05,-0.77,-0.64,15.62,-0.67,-0.61,NO_FALL,,
2026-07-28 10:38:56.381,-0.05,-0.77,-0.6,15.62,-0.67,-0.61,NO_FALL,,
2026-07-28 10:38:56.382,-0.06,-0.77,-0.58,21.55,-0.49,-0.92,NO_FALL,,
2026-07-28 10:38:56.383,-0.06,-0.77,-0.58,21.55,-0.49,-0.92,NO_FALL,,
2026-07-28 10:38:56.441,-0.05,-0.77,-0.57,53.65,-10.56,-0.43,NO_FALL,,
2026-07-28 10:38:56.442,-0.05,-0.77,-0.57,53.65,-10.56,-0.43,NO_FALL,,
2026-07-28 10:38:56.502,-0.08,-0.82,-0.51,102.66,-31.13,16.85,NO_FALL,,
2026-07-28 10:38:56.502,-0.08,-0.82,-0.51,104.49,-34.55,47.55,NO_FALL,,
2026-07-28 10:38:56.503,-0.13,-0.91,-0.44,104.49,-34.55,47.55,NO_FALL,,
2026-07-28 10:38:56.562,-0.16,-0.93,-0.41,52.8,-16.91,50.05,NO_FALL,,
2026-07-28 10:38:56.562,-0.16,-0.93,-0.41,52.8,-16.91,50.05,NO_FALL,,
2026-07-28 10:38:56.622,-0.17,-0.92,-0.42,7.69,-3.05,22.89,NO_FALL,,
2026-07-28 10:38:56.623,-0.17,-0.92,-0.42,7.69,-3.05,22.89,NO_FALL,,
2026-07-28 10:38:56.623,-0.16,-0.88,-0.44,-13.61,3.23,-2.69,NO_FALL,,
2026-07-28 10:38:56.681,-0.16,-0.88,-0.44,-13.61,3.23,-2.69,NO_FALL,,
2026-07-28 10:38:56.683,-0.15,-0.85,-0.45,-14.95,3.54,-13.85,NO_FALL,,
2026-07-28 10:38:56.683,-0.16,-0.84,-0.45,-6.04,1.34,-8.42,NO_FALL,,
2026-07-28 10:38:56.742,-0.16,-0.84,-0.45,-6.04,1.34,-8.42,NO_FALL,,
2026-07-28 10:38:56.742,-0.17,-0.85,-0.44,3.78,-0.98,3.97,NO_FALL,,
2026-07-28 10:38:56.743,-0.17,-0.85,-0.44,3.78,-0.98,3.97,NO_FALL,,
2026-07-28 10:38:56.802,-0.16,-0.85,-0.42,6.77,-2.26,7.81,NO_FALL,,
2026-07-28 10:38:56.802,-0.16,-0.85,-0.42,6.77,-2.26,7.81,NO_FALL,,
2026-07-28 10:38:56.861,-0.16,-0.86,-0.42,1.04,-1.16,6.53,NO_FALL,,
2026-07-28 10:38:56.862,-0.16,-0.86,-0.42,1.04,-1.16,6.53,NO_FALL,,
2026-07-28 10:38:56.863,-0.16,-0.87,-0.44,0.31,-0.67,2.38,NO_FALL,,
2026-07-28 10:38:56.922,-0.16,-0.88,-0.45,11.84,-5.37,-5.43,NO_FALL,,
2026-07-28 10:38:56.922,-0.16,-0.88,-0.45,11.84,-5.37,-5.43,NO_FALL,,
2026-07-28 10:38:56.923,-0.16,-0.89,-0.43,20.87,-9.89,-7.87,NO_FALL,,
2026-07-28 10:38:56.982,-0.16,-0.89,-0.43,20.87,-9.89,-7.87,NO_FALL,,
2026-07-28 10:38:56.982,-0.15,-0.89,-0.41,19.59,-8.06,-4.33,NO_FALL,,
2026-07-28 10:38:56.983,-0.15,-0.89,-0.41,19.59,-8.06,-4.33,NO_FALL,,
2026-07-28 10:38:57.042,-0.15,-0.88,-0.39,16.85,-3.3,5.25,NO_FALL,,
2026-07-28 10:38:57.042,-0.15,-0.88,-0.39,16.85,-3.3,5.25,NO_FALL,,
2026-07-28 10:38:57.101,-0.17,-0.88,-0.38,8.54,3.05,24.05,NO_FALL,,
2026-07-28 10:38:57.102,-0.21,-0.9,-0.39,-14.95,12.02,42.3,NO_FALL,,
2026-07-28 10:38:57.103,-0.21,-0.9,-0.39,-14.95,12.02,42.3,NO_FALL,,
2026-07-28 10:38:57.161,-0.23,-0.92,-0.42,-29.42,9.89,32.29,NO_FALL,,
2026-07-28 10:38:57.162,-0.23,-0.92,-0.42,-29.42,9.89,32.29,NO_FALL,,
2026-07-28 10:38:57.222,-0.22,-0.92,-0.45,-28.99,-2.32,0.37,NO_FALL,,
2026-07-28 10:38:57.222,-0.2,-0.89,-0.49,-24.84,-3.36,-19.96,NO_FALL,,
2026-07-28 10:38:57.223,-0.2,-0.89,-0.49,-24.84,-3.36,-19.96,NO_FALL,,
2026-07-28 10:38:57.282,-0.18,-0.87,-0.5,-11.66,3.97,-23.32,NO_FALL,,
2026-07-28 10:38:57.282,-0.18,-0.87,-0.5,-11.66,3.97,-23.32,NO_FALL,,
2026-07-28 10:38:57.283,-0.17,-0.85,-0.5,-4.33,8.3,-20.69,NO_FALL,,
2026-07-28 10:38:57.341,-0.17,-0.85,-0.5,-4.33,8.3,-20.69,NO_FALL,,
2026-07-28 10:38:57.342,-0.16,-0.85,-0.53,-10.19,12.76,-19.35,NO_FALL,,
2026-07-28 10:38:57.401,-0.16,-0.85,-0.53,-9.95,15.26,-20.08,NO_FALL,,
2026-07-28 10:38:57.402,-0.14,-0.87,-0.57,-9.95,15.26,-20.08,NO_FALL,,
2026-07-28 10:38:57.403,-0.12,-0.91,-0.57,10.8,16.42,-18.92,NO_FALL,,
2026-07-28 10:38:57.462,-0.12,-0.91,-0.57,10.8,16.42,-18.92,NO_FALL,,
2026-07-28 10:38:57.462,-0.12,-0.93,-0.5,53.16,31.8,-13.37,NO_FALL,,
2026-07-28 10:38:57.463,-0.12,-0.93,-0.5,53.16,31.8,-13.37,NO_FALL,,
2026-07-28 10:38:57.521,-0.13,-0.93,-0.38,119.87,45.78,-3.48,NO_FALL,,
2026-07-28 10:38:57.522,-0.13,-0.93,-0.38,119.87,45.78,-3.48,NO_FALL,,
2026-07-28 10:38:57.581,-0.11,-0.93,-0.21,190.31,32.9,10.07,NO_FALL,,
2026-07-28 10:38:57.582,-0.12,-0.87,-0.03,224.06,11.84,23.13,NO_FALL,,
2026-07-28 10:38:57.583,-0.12,-0.87,-0.03,224.06,11.84,23.13,NO_FALL,,
2026-07-28 10:38:57.641,-0.14,-0.78,0.12,197.2,3.42,28.87,NO_FALL,,
2026-07-28 10:38:57.642,-0.14,-0.78,0.12,197.2,3.42,28.87,NO_FALL,,
2026-07-28 10:38:57.643,-0.15,-0.75,0.22,129.76,1.34,26.12,NO_FALL,,
2026-07-28 10:38:57.702,-0.15,-0.75,0.22,129.76,1.34,26.12,NO_FALL,,
2026-07-28 10:38:57.702,-0.15,-0.81,0.24,61.89,0.73,21.0,NO_FALL,,
2026-07-28 10:38:57.762,-0.17,-0.92,0.22,20.08,12.21,21.42,NO_FALL,,
2026-07-28 10:38:57.762,-0.17,-0.92,0.22,20.08,12.21,21.42,NO_FALL,,
2026-07-28 10:38:57.763,-0.2,-1.0,0.2,11.6,29.6,28.81,NO_FALL,,
2026-07-28 10:38:57.822,-0.2,-1.0,0.2,11.6,29.6,28.81,NO_FALL,,
2026-07-28 10:38:57.822,-0.23,-1.01,0.19,7.26,33.2,30.46,NO_FALL,,
2026-07-28 10:38:57.823,-0.23,-1.01,0.19,7.26,33.2,30.46,NO_FALL,,
2026-07-28 10:38:57.881,-0.24,-1.01,0.17,-9.64,26.49,20.81,NO_FALL,,
2026-07-28 10:38:57.882,-0.25,-0.99,0.15,-15.38,17.58,12.76,NO_FALL,,
2026-07-28 10:38:57.942,-0.25,-0.99,0.15,-15.38,17.58,12.76,NO_FALL,,
2026-07-28 10:38:57.942,-0.26,-0.97,0.15,-5.31,4.46,12.88,NO_FALL,,
2026-07-28 10:38:57.943,-0.26,-0.97,0.15,-5.31,4.46,12.88,NO_FALL,,
2026-07-28 10:38:58.002,-0.27,-0.95,0.16,5.92,-8.36,17.76,NO_FALL,,
2026-07-28 10:38:58.002,-0.27,-0.95,0.16,5.92,-8.36,17.76,NO_FALL,,
2026-07-28 10:38:58.003,-0.28,-0.93,0.19,14.53,-14.89,21.61,NO_FALL,,
2026-07-28 10:38:58.061,-0.28,-0.93,0.19,12.63,-12.51,17.03,NO_FALL,,
2026-07-28 10:38:58.062,-0.25,-0.92,0.16,12.63,-12.51,17.03,NO_FALL,,
2026-07-28 10:38:58.122,-0.24,-0.93,0.1,-35.22,19.71,-8.85,NO_FALL,,
2026-07-28 10:38:58.122,-0.24,-0.93,0.1,-35.22,19.71,-8.85,NO_FALL,,
2026-07-28 10:38:58.123,-0.26,-1.0,0.05,-115.72,72.51,-49.13,NO_FALL,,
2026-07-28 10:38:58.181,-0.26,-1.0,0.05,-115.72,72.51,-49.13,NO_FALL,,
2026-07-28 10:38:58.182,-0.25,-1.03,0.01,-115.54,73.91,-54.99,NO_FALL,,
2026-07-28 10:38:58.183,-0.25,-1.03,0.01,-115.54,73.91,-54.99,NO_FALL,,
2026-07-28 10:38:58.242,-0.22,-0.99,-0.03,-57.37,27.65,-33.02,NO_FALL,,
2026-07-28 10:38:58.242,-0.18,-0.97,-0.12,-69.64,4.09,-40.16,NO_FALL,,
2026-07-28 10:38:58.301,-0.18,-0.97,-0.12,-69.64,4.09,-40.16,NO_FALL,,
2026-07-28 10:38:58.302,-0.13,-0.99,-0.22,-108.95,9.83,-68.54,NO_FALL,,
2026-07-28 10:38:58.303,-0.13,-0.99,-0.22,-108.95,9.83,-68.54,NO_FALL,,
2026-07-28 10:38:58.362,-0.06,-0.98,-0.28,-88.62,13.18,-79.83,NO_FALL,,
2026-07-28 10:38:58.362,-0.06,-0.98,-0.28,-88.62,13.18,-79.83,NO_FALL,,
2026-07-28 10:38:58.422,-0.03,-0.94,-0.3,-48.65,9.09,-70.19,NO_FALL,,
2026-07-28 10:38:58.423,-0.01,-0.94,-0.31,-27.16,26.43,-49.62,NO_FALL,,
2026-07-28 10:38:58.424,-0.01,-0.94,-0.31,-27.16,26.43,-49.62,NO_FALL,,
2026-07-28 10:38:58.482,0.06,-0.96,-0.3,14.28,58.35,-13.37,NO_FALL,,
2026-07-28 10:38:58.482,0.06,-0.96,-0.3,14.28,58.35,-13.37,NO_FALL,,
2026-07-28 10:38:58.483,0.09,-0.95,-0.22,79.9,50.17,25.15,NO_FALL,,
2026-07-28 10:38:58.541,0.09,-0.95,-0.22,79.9,50.17,25.15,NO_FALL,,
2026-07-28 10:38:58.542,0.06,-0.94,-0.14,102.42,-1.95,19.65,NO_FALL,,
2026-07-28 10:38:58.601,0.08,-0.98,-0.08,67.44,-51.09,-48.58,NO_FALL,,
2026-07-28 10:38:58.602,0.08,-0.98,-0.08,67.44,-51.09,-48.58,NO_FALL,,
2026-07-28 10:38:58.603,0.15,-1.09,-0.01,21.91,-63.29,-125.31,NO_FALL,,
2026-07-28 10:38:58.662,0.15,-1.09,-0.01,21.91,-63.29,-125.31,NO_FALL,,
2026-07-28 10:38:58.662,0.24,-1.19,0.0,-8.67,-49.01,-144.53,NO_FALL,,
2026-07-28 10:38:58.663,0.24,-1.19,0.0,-8.67,-49.01,-144.53,NO_FALL,,
2026-07-28 10:38:58.722,0.34,-1.25,-0.06,-17.15,-62.5,-135.86,NO_FALL,,
2026-07-28 10:38:58.723,0.55,-1.27,-0.23,-26.98,-107.6,-144.35,NO_FALL,,
2026-07-28 10:38:58.781,0.55,-1.27,-0.23,-26.98,-107.6,-144.35,NO_FALL,,
2026-07-28 10:38:58.782,0.74,-1.17,-0.43,-41.69,-117.0,-174.13,NO_FALL,,
2026-07-28 10:38:58.783,0.74,-1.17,-0.43,-41.69,-117.0,-174.13,NO_FALL,,
2026-07-28 10:38:58.841,0.84,-0.96,-0.63,-44.19,-99.0,-209.17,NO_FALL,,
2026-07-28 10:38:58.842,0.84,-0.96,-0.63,-44.19,-99.0,-209.17,NO_FALL,,
2026-07-28 10:38:58.843,0.91,-0.81,-0.75,-58.04,-102.23,-204.41,NO_FALL,,
2026-07-28 10:38:58.902,0.92,-0.75,-0.72,-72.88,-90.88,-147.71,NO_FALL,,
2026-07-28 10:38:58.902,0.92,-0.75,-0.72,-72.88,-90.88,-147.71,NO_FALL,,
2026-07-28 10:38:58.962,0.83,-0.66,-0.63,-59.57,-50.35,-85.02,NO_FALL,,
2026-07-28 10:38:58.962,0.83,-0.66,-0.63,-59.57,-50.35,-85.02,NO_FALL,,
2026-07-28 10:38:58.963,0.75,-0.56,-0.56,-50.29,-32.53,-60.55,NO_FALL,,
2026-07-28 10:38:59.022,0.7,-0.47,-0.53,-63.48,-40.71,-65.92,NO_FALL,,
2026-07-28 10:38:59.022,0.7,-0.47,-0.53,-63.48,-40.71,-65.92,NO_FALL,,
2026-07-28 10:38:59.081,0.63,-0.37,-0.46,-64.09,-42.6,-71.47,NO_FALL,,
2026-07-28 10:38:59.082,0.63,-0.37,-0.46,-64.09,-42.6,-71.47,NO_FALL,,
2026-07-28 10:38:59.083,0.55,-0.28,-0.4,-49.62,-37.96,-69.03,NO_FALL,,
2026-07-28 10:38:59.142,0.55,-0.28,-0.4,-49.62,-37.96,-69.03,NO_FALL,,
2026-07-28 10:38:59.143,0.52,-0.19,-0.38,-36.87,-23.62,-63.84,NO_FALL,,
2026-07-28 10:38:59.143,0.52,-0.19,-0.38,-30.03,-9.95,-52.06,NO_FALL,,
2026-07-28 10:38:59.202,0.47,-0.11,-0.35,-30.03,-9.95,-52.06,NO_FALL,,
2026-07-28 10:38:59.202,0.46,-0.12,-0.43,-43.33,-18.13,-40.65,NO_FALL,,
2026-07-28 10:38:59.262,0.46,-0.12,-0.43,-43.33,-18.13,-40.65,NO_FALL,,
2026-07-28 10:38:59.262,0.45,-0.08,-0.57,-50.84,-22.22,-30.21,NO_FALL,,
2026-07-28 10:38:59.263,0.45,-0.08,-0.57,-29.91,0.49,-15.93,NO_FALL,,
2026-07-28 10:38:59.322,0.38,0.05,-0.52,-29.91,0.49,-15.93,NO_FALL,,
2026-07-28 10:38:59.322,0.38,0.05,-0.38,-12.88,28.14,-5.19,NO_FALL,,
2026-07-28 10:38:59.382,0.38,0.05,-0.38,-12.88,28.14,-5.19,NO_FALL,,
2026-07-28 10:38:59.382,0.47,-0.02,-0.38,-14.04,37.78,3.42,NO_FALL,,
2026-07-28 10:38:59.383,0.47,-0.02,-0.38,-14.04,37.78,3.42,NO_FALL,,
2026-07-28 10:38:59.442,0.56,-0.06,-0.47,-12.63,23.25,4.03,NO_FALL,,
2026-07-28 10:38:59.442,0.56,-0.06,-0.47,-12.63,23.25,4.03,NO_FALL,,
2026-07-28 10:38:59.443,0.65,-0.07,-0.6,3.3,1.16,2.56,NO_FALL,,
2026-07-28 10:38:59.501,0.71,-0.07,-0.69,13.61,-14.1,13.06,NO_FALL,,
2026-07-28 10:38:59.502,0.71,-0.07,-0.69,13.61,-14.1,13.06,NO_FALL,,
2026-07-28 10:38:59.562,0.72,-0.1,-0.7,-0.67,-25.02,16.6,NO_FALL,,
2026-07-28 10:38:59.562,0.72,-0.1,-0.7,-0.67,-25.02,16.6,NO_FALL,,
2026-07-28 10:38:59.563,0.64,-0.17,-0.56,-6.9,-23.99,-2.62,NO_FALL,,
2026-07-28 10:38:59.622,0.64,-0.17,-0.56,-6.9,-23.99,-2.62,NO_FALL,,
2026-07-28 10:38:59.622,0.35,-0.15,-0.27,6.96,-9.4,-50.42,NO_FALL,,
2026-07-28 10:38:59.623,0.35,-0.15,-0.27,-9.03,2.32,-122.01,NO_FALL,,
2026-07-28 10:38:59.682,0.05,-0.04,-0.01,-9.03,2.32,-122.01,NO_FALL,,
2026-07-28 10:38:59.682,-0.06,0.02,0.06,-49.56,5.37,-177.37,NO_FALL,,
2026-07-28 10:38:59.683,-0.06,0.02,0.06,-49.56,5.37,-177.37,NO_FALL,,
2026-07-28 10:38:59.741,-0.03,0.03,0.03,-68.42,5.62,-192.81,NO_FALL,,
2026-07-28 10:38:59.742,-0.03,0.03,0.03,-68.42,5.62,-192.81,NO_FALL,,
2026-07-28 10:38:59.802,0.01,0.02,-0.01,-62.26,5.62,-187.5,NO_FALL,,
2026-07-28 10:38:59.802,0.01,0.02,-0.01,-42.48,0.37,-183.9,NO_FALL,,
2026-07-28 10:38:59.803,0.26,0.23,-0.28,-42.48,0.37,-183.9,NO_FALL,,
2026-07-28 10:38:59.862,0.29,0.74,-0.94,46.57,-150.09,-238.46,NO_FALL,,
2026-07-28 10:38:59.862,0.29,0.74,-0.94,46.57,-150.09,-238.46,NO_FALL,,
2026-07-28 10:38:59.922,-0.1,0.71,-1.08,160.1,-432.92,-314.03,NO_FALL,,
2026-07-28 10:38:59.922,-0.1,0.71,-1.08,160.1,-432.92,-314.03,NO_FALL,,
2026-07-28 10:38:59.923,-0.32,0.29,-0.41,164.0,-474.43,-261.6,NO_FALL,,
2026-07-28 10:38:59.982,-0.47,0.24,-0.14,102.78,-181.82,-84.84,NO_FALL,,
2026-07-28 10:38:59.982,-0.47,0.24,-0.14,102.78,-181.82,-84.84,NO_FALL,,
2026-07-28 10:39:00.042,-0.56,0.38,-0.68,65.19,86.61,51.94,NO_FALL,,
2026-07-28 10:39:00.042,-0.56,0.38,-0.68,65.19,86.61,51.94,NO_FALL,,
2026-07-28 10:39:00.043,-0.48,0.46,-1.29,24.54,120.18,77.64,NO_FALL,,
2026-07-28 10:39:00.102,-0.48,0.46,-1.29,24.54,120.18,77.64,NO_FALL,,
2026-07-28 10:39:00.102,-0.38,0.43,-1.38,-18.01,35.4,60.36,NO_FALL,,
2026-07-28 10:39:00.103,-0.3,0.43,-0.95,-16.54,-28.99,45.23,NO_FALL,,
2026-07-28 10:39:00.162,-0.3,0.43,-0.95,-16.54,-28.99,45.23,NO_FALL,,
2026-07-28 10:39:00.163,-0.25,0.44,-0.62,15.69,-33.94,25.63,NO_FALL,,
2026-07-28 10:39:00.222,-0.25,0.44,-0.62,15.69,-33.94,25.63,NO_FALL,,
2026-07-28 10:39:00.222,-0.31,0.4,-0.72,56.46,4.33,-3.42,NO_FALL,,
2026-07-28 10:39:00.223,-0.31,0.4,-0.72,56.46,4.33,-3.42,NO_FALL,,
2026-07-28 10:39:00.281,-0.37,0.36,-0.98,56.7,58.47,-29.54,NO_FALL,,
2026-07-28 10:39:00.282,-0.25,0.35,-1.12,-15.87,112.06,-38.45,NO_FALL,,
2026-07-28 10:39:00.283,-0.25,0.35,-1.12,-15.87,112.06,-38.45,NO_FALL,,
2026-07-28 10:39:00.342,0.0,0.36,-1.21,-66.22,164.73,-17.4,NO_FALL,,
2026-07-28 10:39:00.342,0.0,0.36,-1.21,-66.22,164.73,-17.4,NO_FALL,,
2026-07-28 10:39:00.401,0.19,0.31,-1.32,-23.07,202.82,0.12,NO_FALL,,
2026-07-28 10:39:00.402,0.19,0.31,-1.32,-23.07,202.82,0.12,NO_FALL,,
2026-07-28 10:39:00.403,0.26,0.16,-1.29,41.02,172.85,-21.36,NO_FALL,,
2026-07-28 10:39:00.461,0.23,0.07,-1.06,28.2,77.33,-44.43,NO_FALL,,
2026-07-28 10:39:00.462,0.23,0.07,-1.06,28.2,77.33,-44.43,NO_FALL,,
2026-07-28 10:39:00.463,0.19,0.1,-0.86,-51.45,-0.92,-34.85,NO_FALL,,
2026-07-28 10:39:00.522,0.19,0.1,-0.86,-51.45,-0.92,-34.85,NO_FALL,,
2026-07-28 10:39:00.522,0.16,0.2,-0.8,-94.97,-18.68,-7.45,NO_FALL,,
2026-07-28 10:39:00.581,0.16,0.2,-0.8,-94.97,-18.68,-7.45,NO_FALL,,
2026-07-28 10:39:00.582,0.18,0.34,-0.83,-88.13,15.99,8.18,NO_FALL,,
2026-07-28 10:39:00.583,0.18,0.34,-0.83,-77.82,68.05,0.73,NO_FALL,,
2026-07-28 10:39:00.641,0.24,0.5,-0.91,-77.82,68.05,0.73,NO_FALL,,
2026-07-28 10:39:00.642,0.28,0.56,-0.95,-71.84,90.15,-16.36,NO_FALL,,
2026-07-28 10:39:00.643,0.28,0.56,-0.95,-71.84,90.15,-16.36,NO_FALL,,
2026-07-28 10:39:00.701,0.32,0.56,-0.85,-93.08,82.09,-32.59,NO_FALL,,
2026-07-28 10:39:00.702,0.32,0.56,-0.85,-93.08,82.09,-32.59,NO_FALL,,
2026-07-28 10:39:00.761,0.35,0.59,-0.69,-144.23,63.05,-46.26,NO_FALL,,
2026-07-28 10:39:00.762,0.35,0.59,-0.69,-159.0,38.7,-44.68,NO_FALL,,
2026-07-28 10:39:00.763,0.35,0.65,-0.55,-159.0,38.7,-44.68,NO_FALL,,
2026-07-28 10:39:00.822,0.32,0.71,-0.51,-106.32,6.77,-26.43,NO_FALL,,
2026-07-28 10:39:00.822,0.32,0.71,-0.51,-106.32,6.77,-26.43,NO_FALL,,
2026-07-28 10:39:00.882,0.3,0.85,-0.51,-59.57,-20.81,-7.39,NO_FALL,,
2026-07-28 10:39:00.882,0.3,0.85,-0.51,-59.57,-20.81,-7.39,NO_FALL,,
2026-07-28 10:39:00.883,0.28,0.98,-0.5,-72.27,-14.71,-25.94,NO_FALL,,
2026-07-28 10:39:00.942,0.28,0.98,-0.5,-104.43,6.41,-69.7,NO_FALL,,
2026-07-28 10:39:00.942,0.21,0.98,-0.46,-104.43,6.41,-69.7,NO_FALL,,
2026-07-28 10:39:00.943,0.16,0.94,-0.37,-125.0,7.87,-76.42,NO_FALL,,
2026-07-28 10:39:01.001,0.16,0.94,-0.37,-125.0,7.87,-76.42,NO_FALL,,
2026-07-28 10:39:01.002,0.13,0.89,-0.28,-127.75,2.14,-60.67,NO_FALL,,
2026-07-28 10:39:01.003,0.13,0.89,-0.28,-127.75,2.14,-60.67,NO_FALL,,
2026-07-28 10:39:01.062,0.1,0.87,-0.22,-86.06,6.47,-60.97,NO_FALL,,
2026-07-28 10:39:01.062,0.1,0.87,-0.22,-15.81,15.62,-66.59,NO_FALL,,
2026-07-28 10:39:01.122,0.07,0.89,-0.21,-15.81,15.62,-66.59,NO_FALL,,
2026-07-28 10:39:01.122,0.04,0.91,-0.26,38.09,21.97,-50.78,NO_FALL,,
2026-07-28 10:39:01.123,0.04,0.91,-0.26,38.09,21.97,-50.78,NO_FALL,,
2026-07-28 10:39:01.181,0.03,0.91,-0.32,69.64,26.67,-20.45,NO_FALL,,
2026-07-28 10:39:01.182,0.03,0.91,-0.32,69.64,26.67,-20.45,NO_FALL,,
2026-07-28 10:39:01.241,0.04,0.9,-0.36,73.67,26.79,2.81,NO_FALL,,
2026-07-28 10:39:01.242,0.06,0.94,-0.38,48.4,19.59,15.56,NO_FALL,,
2026-07-28 10:39:01.243,0.06,0.94,-0.38,48.4,19.59,15.56,NO_FALL,,
2026-07-28 10:39:01.302,0.06,1.01,-0.41,31.62,12.94,4.82,NO_FALL,,
2026-07-28 10:39:01.302,0.06,1.01,-0.41,31.62,12.94,4.82,NO_FALL,,
2026-07-28 10:39:01.362,0.02,1.0,-0.44,33.57,11.72,-38.21,NO_FALL,,
2026-07-28 10:39:01.362,0.02,1.0,-0.44,33.57,11.72,-38.21,NO_FALL,,
2026-07-28 10:39:01.363,-0.03,0.93,-0.47,22.46,8.67,-69.52,NO_FALL,,
2026-07-28 10:39:01.422,-0.04,0.9,-0.44,-6.1,-3.91,-52.92,NO_FALL,,
2026-07-28 10:39:01.422,-0.04,0.9,-0.44,-6.1,-3.91,-52.92,NO_FALL,,
2026-07-28 10:39:01.423,-0.05,0.92,-0.4,-29.48,-18.37,-30.4,NO_FALL,,
2026-07-28 10:39:01.481,-0.05,0.92,-0.4,-29.48,-18.37,-30.4,NO_FALL,,
2026-07-28 10:39:01.482,-0.13,0.94,-0.4,-36.01,-23.86,-53.89,NO_FALL,,
2026-07-28 10:39:01.483,-0.13,0.94,-0.4,-36.01,-23.86,-53.89,NO_FALL,,
2026-07-28 10:39:01.542,-0.25,0.93,-0.44,-22.52,-21.97,-107.48,NO_FALL,,
2026-07-28 10:39:01.542,-0.37,0.94,-0.54,15.87,-3.05,-130.0,NO_FALL,,
2026-07-28 10:39:01.602,-0.37,0.94,-0.54,15.87,-3.05,-130.0,NO_FALL,,
2026-07-28 10:39:01.602,-0.5,0.96,-0.65,55.24,32.41,-109.8,NO_FALL,,
2026-07-28 10:39:01.603,-0.5,0.96,-0.65,55.24,32.41,-109.8,NO_FALL,,
2026-07-28 10:39:01.661,-0.59,0.97,-0.69,49.62,41.93,-90.39,NO_FALL,,
2026-07-28 10:39:01.662,-0.59,0.97,-0.69,49.62,41.93,-90.39,NO_FALL,,
2026-07-28 10:39:01.722,-0.65,1.0,-0.67,8.3,8.79,-95.52,NO_FALL,,
2026-07-28 10:39:01.722,-0.71,1.03,-0.62,-28.63,-37.29,-118.59,NO_FALL,,
2026-07-28 10:39:01.723,-0.71,1.03,-0.62,-28.63,-37.29,-118.59,NO_FALL,,
2026-07-28 10:39:01.782,-0.79,1.01,-0.54,-39.61,-64.09,-130.92,NO_FALL,,
2026-07-28 10:39:01.782,-0.79,1.01,-0.54,-39.61,-64.09,-130.92,NO_FALL,,
2026-07-28 10:39:01.842,-0.89,0.94,-0.49,-23.5,-67.38,-118.77,NO_FALL,,
2026-07-28 10:39:01.842,-0.89,0.94,-0.49,-23.5,-67.38,-118.77,NO_FALL,,
2026-07-28 10:39:01.843,-0.92,0.79,-0.42,-8.97,-71.59,-100.89,NO_FALL,,
2026-07-28 10:39:01.901,-0.86,0.58,-0.32,-5.8,-85.21,-94.85,FALL,3,USER_CONFIRMED_FALL
2026-07-28 10:39:01.902,-0.86,0.58,-0.32,-5.8,-85.21,-94.85,FALL,3,USER_CONFIRMED_FALL
2026-07-28 10:39:01.903,-0.78,0.44,-0.19,8.73,-93.69,-111.76,FALL,3,USER_CONFIRMED_FALL
2026-07-28 10:39:01.961,-0.78,0.44,-0.19,8.73,-93.69,-111.76,FALL,3,USER_CONFIRMED_FALL
2026-07-28 10:39:01.962,-0.76,0.41,-0.07,37.23,-90.76,-142.27,FALL,3,USER_CONFIRMED_FALL
2026-07-28 10:39:01.963,-0.76,0.41,-0.07,37.23,-90.76,-142.27,FALL,3,USER_CONFIRMED_FALL
2026-07-28 10:39:02.022,-0.77,0.39,0.01,56.21,-81.97,-156.98,FALL,3,USER_CONFIRMED_FALL
2026-07-28 10:39:02.022,-0.76,0.29,0.04,46.75,-75.99,-140.08,FALL,3,USER_CONFIRMED_FALL
2026-07-28 10:39:02.082,-0.76,0.29,0.04,46.75,-75.99,-140.08,FALL,3,USER_CONFIRMED_FALL
2026-07-28 10:39:02.082,-0.71,0.17,0.08,13.73,-70.43,-106.26,FALL,3,USER_CONFIRMED_FALL
2026-07-28 10:39:02.083,-0.71,0.17,0.08,13.73,-70.43,-106.26,FALL,3,USER_CONFIRMED_FALL
2026-07-28 10:39:02.141,-0.71,0.12,0.09,-9.28,-54.44,-81.05,FALL,3,USER_CONFIRMED_FALL
2026-07-28 10:39:02.142,-0.71,0.12,0.09,-9.28,-54.44,-81.05,FALL,3,USER_CONFIRMED_FALL
2026-07-28 10:39:02.201,-0.74,0.14,0.09,-1.53,-32.35,-71.04,FALL,3,USER_CONFIRMED_FALL
2026-07-28 10:39:02.202,-0.75,0.13,0.08,12.76,-19.1,-60.18,FALL,3,USER_CONFIRMED_FALL
2026-07-28 10:39:02.203,-0.75,0.13,0.08,12.76,-19.1,-60.18,FALL,3,USER_CONFIRMED_FALL
2026-07-28 10:39:02.262,-0.75,0.06,0.07,7.14,-15.93,-43.21,FALL,3,USER_CONFIRMED_FALL
2026-07-28 10:39:02.262,-0.75,0.06,0.07,7.14,-15.93,-43.21,FALL,3,USER_CONFIRMED_FALL
2026-07-28 10:39:02.263,-0.76,-0.01,0.05,-11.6,-14.04,-34.61,FALL,3,USER_CONFIRMED_FALL
2026-07-28 10:39:02.322,-0.76,-0.01,0.05,-11.6,-14.04,-34.61,FALL,3,USER_CONFIRMED_FALL
2026-07-28 10:39:02.322,-0.77,-0.05,0.06,-21.67,-8.12,-36.01,FALL,3,USER_CONFIRMED_FALL
2026-07-28 10:39:02.381,-0.78,-0.07,0.06,-15.87,1.95,-35.77,FALL,3,USER_CONFIRMED_FALL
2026-07-28 10:39:02.382,-0.78,-0.07,0.06,-15.87,1.95,-35.77,FALL,3,USER_CONFIRMED_FALL
2026-07-28 10:39:02.383,-0.79,-0.09,0.04,-9.52,12.08,-29.17,FALL,3,USER_CONFIRMED_FALL
2026-07-28 10:39:02.441,-0.79,-0.09,0.04,-9.52,12.08,-29.17,FALL,3,USER_CONFIRMED_FALL
2026-07-28 10:39:02.442,-0.78,-0.1,-0.01,-15.81,22.28,-15.75,FALL,3,USER_CONFIRMED_FALL
2026-07-28 10:39:02.443,-0.78,-0.1,-0.01,-15.81,22.28,-15.75,FALL,3,USER_CONFIRMED_FALL
2026-07-28 10:39:02.501,-0.74,-0.06,-0.04,-23.56,30.27,-3.78,FALL,3,USER_CONFIRMED_FALL
2026-07-28 10:39:02.502,-0.74,-0.06,-0.04,-23.01,26.49,-0.49,FALL,3,USER_CONFIRMED_FALL
2026-07-28 10:39:02.562,-0.6,0.02,-0.04,-23.01,26.49,-0.49,FALL,3,USER_CONFIRMED_FALL
2026-07-28 10:39:02.562,-0.3,0.08,-0.01,-20.63,22.34,-1.53,FALL,3,USER_CONFIRMED_FALL
2026-07-28 10:39:02.563,-0.3,0.08,-0.01,-20.63,22.34,-1.53,FALL,3,USER_CONFIRMED_FALL
2026-07-28 10:39:02.622,-0.01,0.05,0.01,-14.34,36.13,-7.2,FALL,3,USER_CONFIRMED_FALL
2026-07-28 10:39:02.622,-0.01,0.05,0.01,-14.34,36.13,-7.2,FALL,3,USER_CONFIRMED_FALL
2026-07-28 10:39:02.623,0.09,0.01,0.01,-5.37,56.03,-15.81,FALL,3,USER_CONFIRMED_FALL
2026-07-28 10:39:02.681,0.09,0.01,0.01,-5.37,56.03,-15.81,FALL,3,USER_CONFIRMED_FALL
2026-07-28 10:39:02.682,0.06,-0.01,-0.0,-2.44,65.73,-21.24,FALL,3,USER_CONFIRMED_FALL
2026-07-28 10:39:02.742,0.02,-0.01,-0.01,-5.55,67.32,-22.77,FALL,3,USER_CONFIRMED_FALL
2026-07-28 10:39:02.742,0.02,-0.01,-0.01,-5.55,67.32,-22.77,FALL,3,USER_CONFIRMED_FALL
2026-07-28 10:39:02.743,-0.22,0.01,-0.02,-10.44,70.98,-24.41,FALL,3,USER_CONFIRMED_FALL
2026-07-28 10:39:02.802,-0.22,0.01,-0.02,-10.44,70.98,-24.41,FALL,3,USER_CONFIRMED_FALL
2026-07-28 10:39:02.802,-0.67,-0.51,-0.7,58.17,251.16,-172.67,FALL,3,USER_CONFIRMED_FALL
2026-07-28 10:39:02.803,-0.67,-0.51,-0.7,58.17,251.16,-172.67,FALL,3,USER_CONFIRMED_FALL
2026-07-28 10:39:02.861,-0.32,-0.96,-1.18,132.02,589.05,-488.4,FALL,3,USER_CONFIRMED_FALL
2026-07-28 10:39:02.862,0.44,-0.69,-0.51,42.97,688.54,-533.39,FALL,3,USER_CONFIRMED_FALL
2026-07-28 10:39:02.922,0.44,-0.69,-0.51,42.97,688.54,-533.39,FALL,3,USER_CONFIRMED_FALL
2026-07-28 10:39:02.922,0.53,-0.48,-0.28,-91.06,395.63,-233.89,FALL,3,USER_CONFIRMED_FALL
2026-07-28 10:39:02.923,0.53,-0.48,-0.28,-91.06,395.63,-233.89,FALL,3,USER_CONFIRMED_FALL
2026-07-28 10:39:02.982,0.41,-0.41,-0.7,-137.33,3.05,9.77,FALL,3,USER_CONFIRMED_FALL
2026-07-28 10:39:02.982,0.41,-0.41,-0.7,-137.33,3.05,9.77,FALL,3,USER_CONFIRMED_FALL
2026-07-28 10:39:02.983,0.25,-0.44,-0.99,-131.96,-215.76,105.41,FALL,3,USER_CONFIRMED_FALL
2026-07-28 10:39:03.041,0.04,-0.45,-1.09,-175.05,-239.07,111.15,FALL,3,USER_CONFIRMED_FALL
2026-07-28 10:39:03.042,0.04,-0.45,-1.09,-175.05,-239.07,111.15,FALL,3,USER_CONFIRMED_FALL
2026-07-28 10:39:03.101,-0.1,-0.28,-1.1,-251.4,-131.23,47.18,FALL,3,USER_CONFIRMED_FALL
2026-07-28 10:39:03.102,-0.1,-0.28,-1.1,-251.4,-131.23,47.18,FALL,3,USER_CONFIRMED_FALL
2026-07-28 10:39:03.103,-0.09,-0.16,-1.05,-204.71,-22.64,-10.74,FALL,3,USER_CONFIRMED_FALL
2026-07-28 10:39:03.161,-0.03,-0.13,-0.95,-77.51,3.05,-28.93,FALL,3,USER_CONFIRMED_FALL
2026-07-28 10:39:03.162,-0.03,-0.13,-0.95,-77.51,3.05,-28.93,FALL,3,USER_CONFIRMED_FALL
2026-07-28 10:39:03.221,-0.02,-0.05,-0.96,-21.79,-28.32,-40.41,FALL,3,USER_CONFIRMED_FALL
2026-07-28 10:39:03.222,-0.02,-0.05,-0.96,-21.79,-28.32,-40.41,FALL,3,USER_CONFIRMED_FALL
2026-07-28 10:39:03.223,-0.07,0.09,-1.08,-33.63,-64.82,-56.52,FALL,3,USER_CONFIRMED_FALL
2026-07-28 10:39:03.281,-0.09,0.19,-1.17,-35.83,-75.38,-53.89,FALL,3,USER_CONFIRMED_FALL
2026-07-28 10:39:03.282,-0.09,0.19,-1.17,-35.83,-75.38,-53.89,FALL,3,USER_CONFIRMED_FALL
2026-07-28 10:39:03.342,-0.11,0.18,-1.17,-10.38,-69.82,-27.28,FALL,3,USER_CONFIRMED_FALL
2026-07-28 10:39:03.342,-0.11,0.18,-1.17,-10.38,-69.82,-27.28,FALL,3,USER_CONFIRMED_FALL
2026-07-28 10:39:03.343,-0.16,0.13,-1.18,17.09,-61.77,-5.25,FALL,3,USER_CONFIRMED_FALL
2026-07-28 10:39:03.401,-0.16,0.13,-1.18,17.09,-61.77,-5.25,FALL,3,USER_CONFIRMED_FALL
2026-07-28 10:39:03.402,-0.17,0.11,-1.15,25.45,-34.42,-0.73,FALL,3,USER_CONFIRMED_FALL
2026-07-28 10:39:03.403,-0.17,0.11,-1.15,25.45,-34.42,-0.73,FALL,3,USER_CONFIRMED_FALL
2026-07-28 10:39:03.461,-0.14,0.08,-0.94,33.94,-8.91,3.85,FALL,3,USER_CONFIRMED_FALL
2026-07-28 10:39:03.462,-0.2,0.04,-0.8,24.78,-39.37,16.72,FALL,3,USER_CONFIRMED_FALL
2026-07-28 10:39:03.522,-0.2,0.04,-0.8,24.78,-39.37,16.72,FALL,3,USER_CONFIRMED_FALL
2026-07-28 10:39:03.522,-0.3,0.06,-0.85,-33.57,-93.69,27.04,FALL,3,USER_CONFIRMED_FALL
2026-07-28 10:39:03.523,-0.3,0.06,-0.85,-33.57,-93.69,27.04,FALL,3,USER_CONFIRMED_FALL
2026-07-28 10:39:03.581,-0.34,0.12,-0.92,-73.55,-95.83,29.42,FALL,3,USER_CONFIRMED_FALL
2026-07-28 10:39:03.582,-0.34,0.12,-0.92,-73.55,-95.83,29.42,FALL,3,USER_CONFIRMED_FALL
2026-07-28 10:39:03.583,-0.37,0.17,-0.95,-55.73,-68.97,23.25,FALL,3,USER_CONFIRMED_FALL
2026-07-28 10:39:03.641,-0.43,0.19,-0.97,-18.01,-61.46,11.35,FALL,3,USER_CONFIRMED_FALL
2026-07-28 10:39:03.642,-0.43,0.19,-0.97,-18.01,-61.46,11.35,FALL,3,USER_CONFIRMED_FALL
2026-07-28 10:39:03.701,-0.48,0.18,-0.94,18.62,-53.83,5.0,FALL,3,USER_CONFIRMED_FALL
2026-07-28 10:39:03.702,-0.48,0.18,-0.94,18.62,-53.83,5.0,FALL,3,USER_CONFIRMED_FALL
2026-07-28 10:39:03.703,-0.49,0.07,-0.86,64.7,-37.17,11.6,FALL,3,USER_CONFIRMED_FALL
2026-07-28 10:39:03.761,-0.49,0.07,-0.86,64.7,-37.17,11.6,FALL,3,USER_CONFIRMED_FALL
2026-07-28 10:39:03.762,-0.52,-0.02,-0.82,93.14,-39.49,33.08,FALL,3,USER_CONFIRMED_FALL
2026-07-28 10:39:03.822,-0.64,-0.05,-0.9,92.04,-60.36,67.44,FALL,3,USER_CONFIRMED_FALL
2026-07-28 10:39:03.823,-0.64,-0.05,-0.9,92.04,-60.36,67.44,FALL,3,USER_CONFIRMED_FALL
2026-07-28 10:39:03.823,-0.74,-0.09,-0.99,83.92,-85.02,103.82,FALL,3,USER_CONFIRMED_FALL
2026-07-28 10:39:03.881,-0.74,-0.09,-0.99,83.92,-85.02,103.82,FALL,3,USER_CONFIRMED_FALL
2026-07-28 10:39:03.882,-0.72,-0.09,-0.94,62.87,-125.73,136.96,FALL,3,USER_CONFIRMED_FALL
2026-07-28 10:39:03.883,-0.72,-0.09,-0.94,62.87,-125.73,136.96,FALL,3,USER_CONFIRMED_FALL
2026-07-28 10:39:03.942,-0.65,0.04,-0.75,36.5,-161.5,153.81,FALL,3,USER_CONFIRMED_FALL
2026-07-28 10:39:03.942,-0.62,0.24,-0.52,18.01,-161.56,151.18,FALL,3,USER_CONFIRMED_FALL
2026-07-28 10:39:03.943,-0.62,0.24,-0.52,18.01,-161.56,151.18,FALL,3,USER_CONFIRMED_FALL
2026-07-28 10:39:04.002,-0.62,0.37,-0.38,3.91,-133.18,146.55,FALL,3,USER_CONFIRMED_FALL
2026-07-28 10:39:04.002,-0.62,0.37,-0.38,3.91,-133.18,146.55,FALL,3,USER_CONFIRMED_FALL
2026-07-28 10:39:04.062,-0.62,0.43,-0.34,-2.87,-83.56,128.48,FALL,3,USER_CONFIRMED_FALL
2026-07-28 10:39:04.062,-0.62,0.43,-0.34,1.34,-16.97,75.81,FALL,3,USER_CONFIRMED_FALL
2026-07-28 10:39:04.063,-0.62,0.47,-0.37,1.34,-16.97,75.81,FALL,3,USER_CONFIRMED_FALL
2026-07-28 10:39:04.122,-0.64,0.47,-0.43,-0.55,46.69,5.25,FALL,3,USER_CONFIRMED_FALL
2026-07-28 10:39:04.122,-0.64,0.47,-0.43,-0.55,46.69,5.25,FALL,3,USER_CONFIRMED_FALL
2026-07-28 10:39:04.182,-0.71,0.42,-0.52,-18.13,82.89,-47.67,FALL,3,USER_CONFIRMED_FALL
2026-07-28 10:39:04.182,-0.71,0.42,-0.52,-18.13,82.89,-47.67,FALL,3,USER_CONFIRMED_FALL
2026-07-28 10:39:04.183,-0.78,0.36,-0.62,-29.36,84.23,-62.19,FALL,3,USER_CONFIRMED_FALL
2026-07-28 10:39:04.242,-0.78,0.36,-0.62,-29.36,84.23,-62.19,FALL,3,USER_CONFIRMED_FALL
2026-07-28 10:39:04.242,-0.79,0.32,-0.68,-23.25,70.5,-42.66,FALL,3,USER_CONFIRMED_FALL
2026-07-28 10:39:04.243,-0.79,0.28,-0.71,-16.17,57.37,-17.82,FALL,3,USER_CONFIRMED_FALL
2026-07-28 10:39:04.301,-0.79,0.28,-0.71,-16.17,57.37,-17.82,FALL,3,USER_CONFIRMED_FALL
2026-07-28 10:39:04.302,-0.78,0.27,-0.73,-14.16,35.83,0.0,FALL,3,USER_CONFIRMED_FALL
2026-07-28 10:39:04.361,-0.78,0.27,-0.73,-14.16,35.83,0.0,FALL,3,USER_CONFIRMED_FALL
2026-07-28 10:39:04.362,-0.72,0.3,-0.71,-9.95,6.53,17.21,NO_FALL,,
2026-07-28 10:39:04.363,-0.72,0.3,-0.71,-9.95,6.53,17.21,NO_FALL,,
2026-07-28 10:39:04.422,-0.71,0.36,-0.66,0.31,-15.69,33.51,NO_FALL,,
2026-07-28 10:39:04.422,-0.69,0.42,-0.61,17.64,-27.71,59.08,NO_FALL,,
2026-07-28 10:39:04.423,-0.69,0.42,-0.61,17.64,-27.71,59.08,NO_FALL,,
2026-07-28 10:39:04.482,-0.63,0.44,-0.58,32.23,-32.59,89.97,NO_FALL,,
2026-07-28 10:39:04.482,-0.63,0.44,-0.58,32.23,-32.59,89.97,NO_FALL,,
2026-07-28 10:39:04.541,-0.64,0.41,-0.57,31.43,-30.33,94.54,NO_FALL,,
2026-07-28 10:39:04.542,-0.64,0.41,-0.57,31.43,-30.33,94.54,NO_FALL,,
2026-07-28 10:39:04.543,-0.7,0.37,-0.57,51.15,-27.16,60.79,NO_FALL,,
2026-07-28 10:39:04.601,-0.76,0.4,-0.63,84.66,-7.14,9.03,NO_FALL,,
2026-07-28 10:39:04.602,-0.76,0.4,-0.63,84.66,-7.14,9.03,NO_FALL,,
2026-07-28 10:39:04.662,-0.74,0.41,-0.73,53.16,37.66,-15.26,NO_FALL,,
2026-07-28 10:39:04.662,-0.74,0.41,-0.73,53.16,37.66,-15.26,NO_FALL,,
2026-07-28 10:39:04.663,-0.64,0.38,-0.78,-10.68,79.22,-1.28,NO_FALL,,
2026-07-28 10:39:04.722,-0.64,0.38,-0.78,-10.68,79.22,-1.28,NO_FALL,,
2026-07-28 10:39:04.722,-0.54,0.34,-0.8,-28.99,99.98,13.49,NO_FALL,,
2026-07-28 10:39:04.723,-0.54,0.34,-0.8,-28.99,99.98,13.49,NO_FALL,,
2026-07-28 10:39:04.781,-0.54,0.34,-0.8,-28.99,99.98,13.49,NO_FALL,,
2026-07-28 10:39:04.782,-0.54,0.34,-0.8,-28.99,99.98,13.49,NO_FALL,,
2026-07-28 10:39:04.783,-0.47,0.29,-0.73,22.4,24.84,-0.18,NO_FALL,,
2026-07-28 10:39:04.841,-0.45,0.27,-0.68,37.9,-41.93,-10.01,NO_FALL,,
2026-07-28 10:39:04.842,-0.45,0.27,-0.68,37.9,-41.93,-10.01,NO_FALL,,
2026-07-28 10:39:04.843,-0.46,0.26,-0.66,37.29,-71.11,-8.3,NO_FALL,,
2026-07-28 10:39:04.902,-0.46,0.26,-0.66,37.29,-71.11,-8.3,NO_FALL,,
2026-07-28 10:39:04.902,-0.48,0.27,-0.65,29.66,-63.48,3.91,NO_FALL,,
2026-07-28 10:39:04.962,-0.48,0.27,-0.65,29.66,-63.48,3.91,NO_FALL,,
2026-07-28 10:39:04.962,-0.52,0.28,-0.65,20.2,-47.97,17.09,NO_FALL,,
2026-07-28 10:39:04.963,-0.52,0.28,-0.65,5.8,-36.62,24.05,NO_FALL,,
2026-07-28 10:39:05.022,-0.55,0.31,-0.66,5.8,-36.62,24.05,NO_FALL,,
2026-07-28 10:39:05.022,-0.56,0.36,-0.7,-31.01,-18.31,26.55,NO_FALL,,
2026-07-28 10:39:05.023,-0.56,0.36,-0.7,-31.01,-18.31,26.55,NO_FALL,,
2026-07-28 10:39:05.081,-0.57,0.4,-0.76,-58.65,-8.61,25.09,NO_FALL,,
2026-07-28 10:39:05.082,-0.57,0.4,-0.76,-58.65,-8.61,25.09,NO_FALL,,
2026-07-28 10:39:05.142,-0.59,0.42,-0.82,-43.21,-16.6,19.84,NO_FALL,,
2026-07-28 10:39:05.142,-0.6,0.44,-0.83,-12.45,-27.47,18.07,NO_FALL,,
2026-07-28 10:39:05.143,-0.6,0.44,-0.83,-12.45,-27.47,18.07,NO_FALL,,
2026-07-28 10:39:05.202,-0.62,0.47,-0.78,10.93,-32.04,16.3,NO_FALL,,
2026-07-28 10:39:05.202,-0.62,0.47,-0.78,10.93,-32.04,16.3,NO_FALL,,
2026-07-28 10:39:05.261,-0.58,0.5,-0.73,23.44,-6.84,11.72,NO_FALL,,
2026-07-28 10:39:05.262,-0.58,0.5,-0.73,23.44,-6.84,11.72,NO_FALL,,
2026-07-28 10:39:05.263,-0.58,0.5,-0.73,23.44,-6.84,11.72,NO_FALL,,
2026-07-28 10:39:05.263,-0.58,0.5,-0.73,23.44,-6.84,11.72,NO_FALL,,
2026-07-28 10:39:05.321,-0.43,0.43,-0.72,27.53,61.89,18.01,NO_FALL,,
2026-07-28 10:39:05.322,-0.43,0.43,-0.72,42.91,58.41,24.35,NO_FALL,,
2026-07-28 10:39:05.381,-0.34,0.35,-0.6,42.91,58.41,24.35,NO_FALL,,
2026-07-28 10:39:05.382,-0.43,0.36,-0.69,38.64,48.28,39.18,NO_FALL,,
2026-07-28 10:39:05.383,-0.43,0.36,-0.69,38.64,48.28,39.18,NO_FALL,,
2026-07-28 10:39:05.441,-0.68,0.42,-0.99,-2.38,47.12,59.88,NO_FALL,,
2026-07-28 10:39:05.442,-0.68,0.42,-0.99,-2.38,47.12,59.88,NO_FALL,,
2026-07-28 10:39:05.501,-0.85,0.49,-1.09,-20.14,37.17,58.53,NO_FALL,,
2026-07-28 10:39:05.502,-0.85,0.49,-1.09,-20.14,37.17,58.53,NO_FALL,,
2026-07-28 10:39:05.503,-0.78,0.51,-0.93,9.34,5.13,27.77,NO_FALL,,
2026-07-28 10:39:05.561,-0.52,0.45,-0.76,43.33,-22.64,-10.19,NO_FALL,,
2026-07-28 10:39:05.562,-0.52,0.45,-0.76,43.33,-22.64,-10.19,NO_FALL,,
2026-07-28 10:39:05.563,-0.29,0.4,-0.59,62.5,-39.49,-34.73,NO_FALL,,
2026-07-28 10:39:05.621,-0.29,0.4,-0.59,62.5,-39.49,-34.73,NO_FALL,,
2026-07-28 10:39:05.622,-0.27,0.42,-0.48,62.62,-59.39,-32.84,NO_FALL,,
2026-07-28 10:39:05.741,-0.27,0.42,-0.48,40.53,-73.79,-10.56,NO_FALL,,
2026-07-28 10:39:05.742,-0.47,0.44,-0.49,40.53,-73.79,-10.56,NO_FALL,,
2026-07-28 10:39:05.743,-0.66,0.44,-0.57,12.21,-70.68,4.52,NO_FALL,,
2026-07-28 10:39:05.743,-0.66,0.44,-0.57,12.21,-70.68,4.52,NO_FALL,,
2026-07-28 10:39:05.744,-0.69,0.42,-0.64,-8.61,-55.3,-3.66,NO_FALL,,
2026-07-28 10:39:05.745,-0.69,0.42,-0.64,-8.61,-55.3,-3.66,NO_FALL,,
2026-07-28 10:39:05.801,-0.59,0.44,-0.7,-22.89,-42.72,-21.73,NO_FALL,,
2026-07-28 10:39:05.802,-0.59,0.44,-0.7,-22.89,-42.72,-21.73,NO_FALL,,
2026-07-28 10:39:05.861,-0.51,0.5,-0.8,-36.93,-30.64,-31.68,NO_FALL,,
2026-07-28 10:39:05.862,-0.47,0.52,-0.91,-46.94,-3.78,-34.55,NO_FALL,,
2026-07-28 10:39:05.863,-0.47,0.52,-0.91,-46.94,-3.78,-34.55,NO_FALL,,
2026-07-28 10:39:05.921,-0.4,0.48,-0.94,-39.79,30.09,-39.12,NO_FALL,,
2026-07-28 10:39:05.922,-0.4,0.48,-0.94,-39.79,30.09,-39.12,NO_FALL,,
2026-07-28 10:39:05.981,-0.34,0.42,-0.89,-16.78,45.72,-41.99,NO_FALL,,
2026-07-28 10:39:05.982,-0.34,0.42,-0.89,-16.78,45.72,-41.99,NO_FALL,,
2026-07-28 10:39:05.983,-0.38,0.38,-0.88,0.55,41.63,-33.51,NO_FALL,,
2026-07-28 10:39:06.042,-0.5,0.35,-0.91,5.62,31.31,-15.14,NO_FALL,,
2026-07-28 10:39:06.042,-0.5,0.35,-0.91,5.62,31.31,-15.14,NO_FALL,,
2026-07-28 10:39:06.043,-0.61,0.3,-0.8,19.17,12.08,0.24,NO_FALL,,
2026-07-28 10:39:06.101,-0.61,0.3,-0.8,19.17,12.08,0.24,NO_FALL,,
2026-07-28 10:39:06.102,-0.67,0.21,-0.59,45.84,-16.48,5.74,NO_FALL,,
2026-07-28 10:39:06.103,-0.67,0.21,-0.59,45.84,-16.48,5.74,NO_FALL,,
2026-07-28 10:39:06.163,-0.72,0.11,-0.44,62.32,-36.19,11.35,FALL,4,AUTO_FALL_LIKE
2026-07-28 10:39:06.163,-0.82,0.06,-0.43,54.26,-33.87,24.05,FALL,4,AUTO_FALL_LIKE
2026-07-28 10:39:06.221,-0.82,0.06,-0.43,54.26,-33.87,24.05,FALL,4,AUTO_FALL_LIKE
2026-07-28 10:39:06.222,-0.89,0.04,-0.54,30.64,-19.29,33.75,FALL,4,AUTO_FALL_LIKE
2026-07-28 10:39:06.223,-0.89,0.04,-0.54,30.64,-19.29,33.75,FALL,4,AUTO_FALL_LIKE
2026-07-28 10:39:06.281,-0.89,0.07,-0.68,5.37,-12.02,31.25,FALL,4,AUTO_FALL_LIKE
2026-07-28 10:39:06.282,-0.89,0.07,-0.68,5.37,-12.02,31.25,FALL,4,AUTO_FALL_LIKE
2026-07-28 10:39:06.342,-0.79,0.15,-0.75,-10.25,-15.75,15.81,FALL,4,AUTO_FALL_LIKE
2026-07-28 10:39:06.342,-0.79,0.15,-0.75,-4.76,-25.76,-7.32,FALL,4,AUTO_FALL_LIKE
2026-07-28 10:39:06.343,-0.63,0.23,-0.66,-4.76,-25.76,-7.32,FALL,4,AUTO_FALL_LIKE
2026-07-28 10:39:06.401,-0.49,0.28,-0.52,9.89,-48.22,-24.54,FALL,4,AUTO_FALL_LIKE
2026-07-28 10:39:06.402,-0.49,0.28,-0.52,9.89,-48.22,-24.54,FALL,4,AUTO_FALL_LIKE
2026-07-28 10:39:06.403,-0.49,0.3,-0.46,7.26,-83.92,-23.8,FALL,4,AUTO_FALL_LIKE
2026-07-28 10:39:06.461,-0.49,0.3,-0.46,7.26,-83.92,-23.8,FALL,4,AUTO_FALL_LIKE
2026-07-28 10:39:06.462,-0.7,0.33,-0.62,-18.68,-102.48,-1.59,FALL,4,AUTO_FALL_LIKE
2026-07-28 10:39:06.463,-0.7,0.33,-0.62,-18.68,-102.48,-1.59,FALL,4,AUTO_FALL_LIKE
2026-07-28 10:39:06.521,-0.98,0.35,-0.94,-46.39,-62.32,30.52,FALL,4,AUTO_FALL_LIKE
2026-07-28 10:39:06.522,-0.97,0.33,-1.02,-29.48,15.26,34.18,FALL,4,AUTO_FALL_LIKE
2026-07-28 10:39:06.581,-0.97,0.33,-1.02,-29.48,15.26,34.18,FALL,4,AUTO_FALL_LIKE
2026-07-28 10:39:06.582,-0.66,0.3,-0.65,46.94,41.5,-1.46,FALL,4,AUTO_FALL_LIKE
2026-07-28 10:39:06.583,-0.66,0.3,-0.65,46.94,41.5,-1.46,FALL,4,AUTO_FALL_LIKE
2026-07-28 10:39:06.641,-0.46,0.25,-0.25,111.57,-14.53,-26.37,FALL,4,AUTO_FALL_LIKE
2026-07-28 10:39:06.642,-0.46,0.25,-0.25,111.57,-14.53,-26.37,FALL,4,AUTO_FALL_LIKE
2026-07-28 10:39:06.702,-0.66,0.22,-0.29,78.55,-64.51,3.42,FALL,4,AUTO_FALL_LIKE
2026-07-28 10:39:06.702,-1.02,0.25,-0.67,-24.54,-44.31,52.67,FALL,4,AUTO_FALL_LIKE
2026-07-28 10:39:06.703,-1.02,0.25,-0.67,-24.54,-44.31,52.67,FALL,4,AUTO_FALL_LIKE
2026-07-28 10:39:06.761,-0.97,0.3,-0.79,-43.46,-7.81,51.51,FALL,4,AUTO_FALL_LIKE
2026-07-28 10:39:06.762,-0.97,0.3,-0.79,-43.46,-7.81,51.51,FALL,4,AUTO_FALL_LIKE
2026-07-28 10:39:06.763,-0.66,0.28,-0.61,61.04,-21.0,30.88,FALL,4,AUTO_FALL_LIKE
2026-07-28 10:39:06.821,-0.66,0.28,-0.61,61.04,-21.0,30.88,FALL,4,AUTO_FALL_LIKE
2026-07-28 10:39:06.822,-0.6,0.28,-0.55,133.79,-77.27,65.43,FALL,4,AUTO_FALL_LIKE
2026-07-28 10:39:06.881,-0.75,0.35,-0.56,111.63,-132.93,130.98,FALL,4,AUTO_FALL_LIKE
2026-07-28 10:39:06.882,-0.75,0.35,-0.56,111.63,-132.93,130.98,FALL,4,AUTO_FALL_LIKE
2026-07-28 10:39:06.883,-0.79,0.48,-0.47,76.17,-170.1,158.57,FALL,4,AUTO_FALL_LIKE
2026-07-28 10:39:06.941,-0.79,0.48,-0.47,76.17,-170.1,158.57,FALL,4,AUTO_FALL_LIKE
2026-07-28 10:39:06.942,-0.74,0.68,-0.4,72.2,-187.68,143.55,FALL,4,AUTO_FALL_LIKE
2026-07-28 10:39:06.943,-0.74,0.68,-0.4,72.2,-187.68,143.55,FALL,4,AUTO_FALL_LIKE
2026-07-28 10:39:07.001,-0.78,0.88,-0.39,97.41,-181.34,124.51,FALL,4,AUTO_FALL_LIKE
2026-07-28 10:39:07.002,-1.0,1.02,-0.41,135.99,-155.7,110.11,FALL,4,AUTO_FALL_LIKE
2026-07-28 10:39:07.062,-1.0,1.02,-0.41,135.99,-155.7,110.11,FALL,4,AUTO_FALL_LIKE
2026-07-28 10:39:07.062,-1.33,1.03,-0.4,174.68,-118.65,78.25,FALL,4,AUTO_FALL_LIKE
2026-07-28 10:39:07.063,-1.33,1.03,-0.4,174.68,-118.65,78.25,FALL,4,AUTO_FALL_LIKE
2026-07-28 10:39:07.122,-1.59,0.92,-0.11,198.3,-83.8,0.98,FALL,4,AUTO_FALL_LIKE
2026-07-28 10:39:07.122,-1.59,0.92,-0.11,198.3,-83.8,0.98,FALL,4,AUTO_FALL_LIKE
2026-07-28 10:39:07.123,-1.59,0.92,-0.11,198.3,-83.8,0.98,FALL,4,AUTO_FALL_LIKE
2026-07-28 10:39:07.181,-1.59,0.92,-0.11,198.3,-83.8,0.98,FALL,4,AUTO_FALL_LIKE
2026-07-28 10:39:07.182,-1.0,0.37,0.76,38.33,-102.72,-180.36,FALL,4,AUTO_FALL_LIKE
2026-07-28 10:39:07.241,-0.33,0.14,0.76,-108.52,-188.48,-195.62,FALL,4,AUTO_FALL_LIKE
2026-07-28 10:39:07.242,-0.33,0.14,0.76,-108.52,-188.48,-195.62,FALL,4,AUTO_FALL_LIKE
2026-07-28 10:39:07.243,0.07,0.01,0.57,-220.46,-246.89,-94.67,FALL,4,AUTO_FALL_LIKE
2026-07-28 10:39:07.302,0.07,0.01,0.57,-220.46,-246.89,-94.67,FALL,4,AUTO_FALL_LIKE
2026-07-28 10:39:07.302,0.04,-0.05,0.35,-261.29,-263.24,77.58,FALL,4,AUTO_FALL_LIKE
2026-07-28 10:39:07.361,-0.23,0.01,0.27,-241.27,-259.4,197.2,FALL,4,AUTO_FALL_LIKE
2026-07-28 10:39:07.362,-0.23,0.01,0.27,-241.27,-259.4,197.2,FALL,4,AUTO_FALL_LIKE
2026-07-28 10:39:07.363,-0.45,0.21,0.33,-192.87,-217.41,219.06,FALL,4,AUTO_FALL_LIKE
2026-07-28 10:39:07.422,-0.45,0.21,0.33,-192.87,-217.41,219.06,FALL,4,AUTO_FALL_LIKE
2026-07-28 10:39:07.423,-0.56,0.39,0.46,-136.11,-154.05,182.01,FALL,4,AUTO_FALL_LIKE
2026-07-28 10:39:07.481,-0.63,0.47,0.66,-88.38,-108.22,125.43,FALL,4,AUTO_FALL_LIKE
2026-07-28 10:39:07.482,-0.63,0.47,0.66,-88.38,-108.22,125.43,FALL,4,AUTO_FALL_LIKE
2026-07-28 10:39:07.483,-0.69,0.51,0.88,-56.03,-92.22,72.81,FALL,4,AUTO_FALL_LIKE
2026-07-28 10:39:07.541,-0.69,0.51,0.88,-56.03,-92.22,72.81,FALL,4,AUTO_FALL_LIKE
2026-07-28 10:39:07.542,-0.55,0.49,1.06,-51.88,-145.39,38.21,FALL,4,AUTO_FALL_LIKE
2026-07-28 10:39:07.543,-0.55,0.49,1.06,-51.88,-145.39,38.21,FALL,4,AUTO_FALL_LIKE
2026-07-28 10:39:07.601,-0.23,0.32,1.12,-67.63,-200.74,7.32,FALL,4,AUTO_FALL_LIKE
2026-07-28 10:39:07.602,0.03,0.09,1.0,-66.96,-147.52,-31.13,FALL,4,AUTO_FALL_LIKE
2026-07-28 10:39:07.662,0.03,0.09,1.0,-66.96,-147.52,-31.13,FALL,4,AUTO_FALL_LIKE
2026-07-28 10:39:07.662,0.19,0.01,0.75,-111.94,-97.47,-95.34,FALL,4,AUTO_FALL_LIKE
2026-07-28 10:39:07.663,0.19,0.01,0.75,-111.94,-97.47,-95.34,FALL,4,AUTO_FALL_LIKE
2026-07-28 10:39:07.721,0.16,-0.11,0.51,-260.19,-91.25,-151.49,FALL,4,AUTO_FALL_LIKE
2026-07-28 10:39:07.722,0.16,-0.11,0.51,-260.19,-91.25,-151.49,FALL,4,AUTO_FALL_LIKE
2026-07-28 10:39:07.723,0.01,-0.29,0.38,-243.29,-27.47,-73.18,FALL,4,AUTO_FALL_LIKE
2026-07-28 10:39:07.782,-0.14,-0.28,0.56,77.88,26.25,74.1,FALL,4,AUTO_FALL_LIKE
2026-07-28 10:39:07.782,-0.14,-0.28,0.56,77.88,26.25,74.1,FALL,4,AUTO_FALL_LIKE
2026-07-28 10:39:07.842,-0.13,-0.08,0.88,264.4,17.76,97.66,FALL,4,AUTO_FALL_LIKE
2026-07-28 10:39:07.842,-0.13,-0.08,0.88,264.4,17.76,97.66,FALL,4,AUTO_FALL_LIKE
2026-07-28 10:39:07.843,0.0,0.07,1.06,151.98,2.75,12.21,FALL,4,AUTO_FALL_LIKE
2026-07-28 10:39:07.901,0.0,0.07,1.06,151.98,2.75,12.21,FALL,4,AUTO_FALL_LIKE
2026-07-28 10:39:07.902,0.05,0.08,1.07,14.53,-3.3,-61.1,FALL,4,AUTO_FALL_LIKE
2026-07-28 10:39:07.961,0.09,0.07,1.02,-33.51,-2.75,-69.82,FALL,4,AUTO_FALL_LIKE
2026-07-28 10:39:07.962,0.09,0.07,1.02,-33.51,-2.75,-69.82,FALL,4,AUTO_FALL_LIKE
2026-07-28 10:39:07.963,0.11,0.07,0.99,-22.95,-0.55,-36.32,FALL,4,AUTO_FALL_LIKE
2026-07-28 10:39:08.022,0.11,0.07,0.99,-22.95,-0.55,-36.32,FALL,4,AUTO_FALL_LIKE
2026-07-28 10:39:08.022,0.08,0.03,0.99,-3.42,0.67,-5.92,FALL,4,AUTO_FALL_LIKE
2026-07-28 10:39:08.023,0.08,0.03,0.99,-3.42,0.67,-5.92,FALL,4,AUTO_FALL_LIKE
2026-07-28 10:39:08.082,0.03,-0.01,0.99,4.7,0.67,5.25,FALL,4,AUTO_FALL_LIKE
2026-07-28 10:39:08.082,0.03,-0.01,0.99,4.7,0.67,5.25,FALL,4,AUTO_FALL_LIKE
2026-07-28 10:39:08.083,0.0,-0.03,1.0,3.85,0.31,4.64,FALL,4,AUTO_FALL_LIKE
2026-07-28 10:39:08.141,0.0,-0.02,1.0,1.04,0.06,1.34,FALL,4,AUTO_FALL_LIKE
2026-07-28 10:39:08.142,0.0,-0.02,1.0,1.04,0.06,1.34,FALL,4,AUTO_FALL_LIKE
2026-07-28 10:39:08.201,0.01,-0.02,1.0,-0.31,0.0,-0.43,FALL,4,AUTO_FALL_LIKE
2026-07-28 10:39:08.202,0.01,-0.02,1.0,-0.31,0.0,-0.43,FALL,4,AUTO_FALL_LIKE
2026-07-28 10:39:08.203,0.02,-0.01,1.0,-0.37,0.0,-0.49,FALL,4,AUTO_FALL_LIKE
2026-07-28 10:39:08.262,0.02,-0.01,1.0,-0.37,0.0,-0.49,FALL,4,AUTO_FALL_LIKE
2026-07-28 10:39:08.262,0.02,-0.01,1.0,0.0,0.0,-0.06,FALL,4,AUTO_FALL_LIKE
2026-07-28 10:39:08.263,0.02,-0.01,1.0,0.0,0.0,-0.06,FALL,4,AUTO_FALL_LIKE
2026-07-28 10:39:08.322,0.02,-0.01,1.0,0.24,0.0,0.24,FALL,4,AUTO_FALL_LIKE
2026-07-28 10:39:08.322,0.02,-0.01,1.0,0.24,0.0,0.24,FALL,4,AUTO_FALL_LIKE
2026-07-28 10:39:08.323,0.01,-0.01,1.0,0.18,-0.06,0.24,FALL,4,AUTO_FALL_LIKE
2026-07-28 10:39:08.381,0.01,-0.02,1.0,0.12,0.0,0.18,FALL,4,AUTO_FALL_LIKE
2026-07-28 10:39:08.382,0.01,-0.02,1.0,0.12,0.0,0.18,FALL,4,AUTO_FALL_LIKE
2026-07-28 10:39:08.441,0.01,-0.02,1.0,0.0,0.0,0.18,FALL,4,AUTO_FALL_LIKE
2026-07-28 10:39:08.442,0.01,-0.02,1.0,0.0,0.0,0.18,FALL,4,AUTO_FALL_LIKE
2026-07-28 10:39:08.443,0.02,0.02,1.0,-0.12,0.0,0.37,FALL,4,AUTO_FALL_LIKE
2026-07-28 10:39:08.501,0.02,0.02,1.0,-0.12,0.0,0.37,FALL,4,AUTO_FALL_LIKE
2026-07-28 10:39:08.502,0.03,0.05,1.0,-0.31,0.06,-1.89,FALL,4,AUTO_FALL_LIKE
2026-07-28 10:39:08.503,0.03,0.05,1.0,-0.31,0.06,-1.89,FALL,4,AUTO_FALL_LIKE
2026-07-28 10:39:08.562,0.02,-0.01,1.0,-0.31,0.24,-18.37,FALL,4,AUTO_FALL_LIKE
2026-07-28 10:39:08.562,0.02,-0.01,1.0,-0.31,0.24,-37.78,FALL,4,AUTO_FALL_LIKE
2026-07-28 10:39:08.563,0.0,-0.08,1.0,-0.31,0.24,-37.78,FALL,4,AUTO_FALL_LIKE
2026-07-28 10:39:08.622,0.01,-0.06,1.0,-0.06,0.0,-31.49,FALL,4,AUTO_FALL_LIKE
2026-07-28 10:39:08.622,0.01,-0.06,1.0,-0.06,0.0,-31.49,FALL,4,AUTO_FALL_LIKE
2026-07-28 10:39:08.681,0.02,0.05,1.0,0.06,-0.31,-13.18,NO_FALL,,
2026-07-28 10:39:08.682,0.02,0.05,1.0,0.06,-0.31,-13.18,NO_FALL,,
2026-07-28 10:39:08.683,0.03,0.08,1.0,-0.06,-0.24,-13.49,NO_FALL,,
2026-07-28 10:39:08.741,0.03,0.08,1.0,-0.06,-0.24,-13.49,NO_FALL,,
2026-07-28 10:39:08.742,0.01,-0.05,1.0,0.12,-0.06,-19.04,NO_FALL,,
2026-07-28 10:39:08.743,0.01,-0.05,1.0,0.12,-0.06,-19.04,NO_FALL,,
2026-07-28 10:39:08.802,0.01,-0.05,1.0,0.12,-0.06,-19.04,NO_FALL,,
2026-07-28 10:39:08.802,0.01,-0.05,1.0,0.12,-0.06,-19.04,NO_FALL,,
2026-07-28 10:39:08.803,0.01,-0.07,1.0,0.61,-0.18,1.04,NO_FALL,,
2026-07-28 10:39:08.861,0.01,-0.07,1.0,0.61,-0.18,1.04,NO_FALL,,
2026-07-28 10:39:08.862,0.02,-0.02,1.0,0.31,-0.18,4.03,NO_FALL,,
2026-07-28 10:39:08.863,0.02,-0.02,1.0,0.06,-0.12,2.14,NO_FALL,,
2026-07-28 10:39:08.921,0.02,-0.0,1.0,0.06,-0.12,2.14,NO_FALL,,
2026-07-28 10:39:08.922,0.02,-0.01,1.0,-0.06,-0.12,0.18,NO_FALL,,
2026-07-28 10:39:08.923,0.02,-0.01,1.0,-0.06,-0.12,0.18,NO_FALL,,
2026-07-28 10:39:08.981,0.02,-0.02,1.0,0.0,-0.12,-0.37,NO_FALL,,
2026-07-28 10:39:08.982,0.02,-0.02,1.0,0.0,-0.12,-0.37,NO_FALL,,
2026-07-28 10:39:09.042,0.02,-0.02,1.0,0.06,-0.06,-0.12,NO_FALL,,
2026-07-28 10:39:09.042,0.02,-0.02,1.0,0.06,-0.06,-0.12,NO_FALL,,
2026-07-28 10:39:09.043,0.02,-0.02,1.0,0.12,-0.06,0.12,NO_FALL,,
2026-07-28 10:39:09.101,0.02,-0.02,1.0,0.12,-0.06,0.12,NO_FALL,,
2026-07-28 10:39:09.102,0.02,-0.02,1.0,0.06,-0.12,0.24,NO_FALL,,
2026-07-28 10:39:09.103,0.02,-0.02,1.0,0.06,-0.12,0.24,NO_FALL,,
2026-07-28 10:39:09.161,0.02,-0.02,1.0,0.0,-0.24,0.18,NO_FALL,,
2026-07-28 10:39:09.162,0.02,-0.02,1.0,-0.06,-0.24,0.12,NO_FALL,,
2026-07-28 10:39:09.163,0.02,-0.02,1.0,-0.06,-0.24,0.12,NO_FALL,,
2026-07-28 10:39:09.281,0.02,-0.02,1.0,0.0,-0.18,0.12,NO_FALL,,
2026-07-28 10:39:09.282,0.02,-0.02,1.0,0.0,-0.18,0.12,NO_FALL,,
2026-07-28 10:39:09.341,0.02,-0.02,1.0,0.06,-0.12,0.18,NO_FALL,,
2026-07-28 10:39:09.341,0.02,-0.02,1.0,0.06,-0.12,0.18,NO_FALL,,
2026-07-28 10:39:09.342,0.02,-0.02,1.0,0.06,-0.12,0.18,NO_FALL,,
2026-07-28 10:39:09.343,0.02,-0.02,1.0,0.06,-0.18,0.18,NO_FALL,,
2026-07-28 10:39:09.344,0.02,-0.02,1.0,0.06,-0.18,0.18,NO_FALL,,
2026-07-28 10:39:09.344,0.02,-0.02,1.0,0.06,-0.18,0.12,NO_FALL,,
2026-07-28 10:39:09.401,0.02,-0.02,1.0,0.06,-0.18,0.12,NO_FALL,,
2026-07-28 10:39:09.402,0.02,-0.02,1.0,0.06,-0.12,0.12,NO_FALL,,
2026-07-28 10:39:09.403,0.02,-0.02,1.0,0.06,-0.12,0.12,NO_FALL,,
2026-07-28 10:39:09.461,0.02,0.01,1.0,0.12,0.0,-0.06,NO_FALL,,
2026-07-28 10:39:09.462,0.02,0.01,1.0,0.12,0.0,-0.06,NO_FALL,,
2026-07-28 10:39:09.522,0.03,0.02,1.0,0.18,0.12,-5.8,NO_FALL,,
2026-07-28 10:39:09.522,0.03,0.02,1.0,0.18,0.12,-5.8,NO_FALL,,
2026-07-28 10:39:09.523,0.02,-0.02,1.0,-0.12,0.12,-17.88,NO_FALL,,
2026-07-28 10:39:09.581,0.02,-0.02,1.0,-0.12,0.12,-17.88,NO_FALL,,
2026-07-28 10:39:09.582,0.02,-0.02,1.0,-0.12,0.12,-17.88,NO_FALL,,
2026-07-28 10:39:09.583,0.02,-0.02,1.0,-0.12,0.12,-17.88,NO_FALL,,
2026-07-28 10:39:09.641,0.01,-0.04,1.0,0.12,0.06,-8.61,NO_FALL,,
2026-07-28 10:39:09.642,0.01,-0.04,1.0,0.12,0.06,-8.61,NO_FALL,,
2026-07-28 10:39:09.643,0.02,-0.02,1.0,0.24,0.0,0.67,NO_FALL,,
2026-07-28 10:39:09.702,0.02,-0.01,1.0,0.18,-0.06,2.93,NO_FALL,,
2026-07-28 10:39:09.702,0.02,-0.01,1.0,0.18,-0.06,2.93,NO_FALL,,
2026-07-28 10:39:09.703,0.02,-0.02,1.0,0.12,-0.12,1.59,NO_FALL,,
2026-07-28 10:39:09.762,0.02,-0.02,1.0,0.12,-0.12,1.59,NO_FALL,,
2026-07-28 10:39:09.762,0.02,-0.02,1.0,0.06,-0.12,0.18,NO_FALL,,
2026-07-28 10:39:09.763,0.02,-0.02,1.0,0.06,-0.12,0.18,NO_FALL,,
2026-07-28 10:39:09.821,0.02,-0.02,1.0,0.12,-0.06,-0.24,NO_FALL,,
2026-07-28 10:39:09.822,0.02,-0.02,1.0,0.12,-0.06,-0.24,NO_FALL,,
2026-07-28 10:39:09.881,0.02,-0.02,1.0,0.18,0.0,-0.06,NO_FALL,,
2026-07-28 10:39:09.882,0.02,-0.02,1.0,0.18,0.0,0.12,NO_FALL,,
2026-07-28 10:39:09.883,0.02,-0.02,1.0,0.18,0.0,0.12,NO_FALL,,
2026-07-28 10:39:09.942,0.02,-0.02,1.0,0.18,-0.06,0.24,NO_FALL,,
2026-07-28 10:39:09.942,0.02,-0.02,1.0,0.18,-0.06,0.24,NO_FALL,,
2026-07-28 10:39:09.943,0.02,-0.02,1.0,0.12,-0.06,0.24,NO_FALL,,
2026-07-28 10:39:10.001,0.02,-0.02,1.0,0.12,-0.06,0.24,NO_FALL,,
2026-07-28 10:39:10.002,0.02,-0.02,1.0,0.12,-0.06,0.18,NO_FALL,,
2026-07-28 10:39:10.003,0.02,-0.02,1.0,0.12,-0.06,0.18,NO_FALL,,
2026-07-28 10:39:10.061,0.02,-0.02,1.0,0.12,-0.06,0.18,NO_FALL,,
2026-07-28 10:39:10.062,0.02,-0.02,1.0,0.12,-0.06,0.18,NO_FALL,,
2026-07-28 10:39:10.121,0.02,-0.02,1.0,0.12,-0.06,0.12,NO_FALL,,
2026-07-28 10:39:10.122,0.02,-0.02,1.0,0.12,-0.06,0.12,NO_FALL,,
2026-07-28 10:39:10.123,0.02,-0.02,1.0,0.12,-0.06,0.12,NO_FALL,,
2026-07-28 10:39:10.181,0.02,-0.02,1.0,0.12,-0.06,0.12,NO_FALL,,
2026-07-28 10:39:10.182,0.02,-0.02,1.0,0.12,-0.06,0.12,NO_FALL,,
2026-07-28 10:39:10.183,0.02,-0.02,1.0,0.12,-0.06,0.12,NO_FALL,,
2026-07-28 10:39:10.242,0.02,-0.02,1.0,0.12,-0.06,0.12,NO_FALL,,
2026-07-28 10:39:10.242,0.02,-0.02,1.0,0.12,-0.06,0.18,NO_FALL,,
2026-07-28 10:39:10.243,0.02,-0.02,1.0,0.12,-0.06,0.18,NO_FALL,,
2026-07-28 10:39:10.301,0.02,-0.02,1.0,0.18,0.0,0.18,NO_FALL,,
2026-07-28 10:39:10.302,0.02,-0.02,1.0,0.18,0.0,0.18,NO_FALL,,
2026-07-28 10:39:10.361,0.02,-0.02,1.0,0.18,-0.06,0.18,NO_FALL,,
2026-07-28 10:39:10.362,0.02,-0.02,1.0,0.18,-0.06,0.18,NO_FALL,,
2026-07-28 10:39:10.363,0.02,-0.02,1.0,0.12,-0.12,0.12,NO_FALL,,
2026-07-28 10:39:10.422,0.02,-0.02,1.0,0.12,-0.12,0.12,NO_FALL,,
2026-07-28 10:39:10.422,0.02,-0.02,1.0,0.12,-0.12,0.12,NO_FALL,,
2026-07-28 10:39:10.423,0.02,-0.02,1.0,0.18,-0.06,0.18,NO_FALL,,
2026-07-28 10:39:10.482,0.02,-0.02,1.0,0.18,-0.06,0.18,NO_FALL,,
2026-07-28 10:39:10.482,0.02,-0.02,1.0,0.18,0.0,0.18,NO_FALL,,
2026-07-28 10:39:10.483,0.02,-0.02,1.0,0.18,0.0,0.18,NO_FALL,,
2026-07-28 10:39:10.541,0.02,-0.02,1.0,0.12,-0.06,0.18,NO_FALL,,
2026-07-28 10:39:10.542,0.02,-0.02,1.0,0.12,-0.06,0.18,NO_FALL,,
2026-07-28 10:39:10.601,0.02,-0.02,1.0,0.06,-0.12,0.12,NO_FALL,,
2026-07-28 10:39:10.602,0.02,-0.02,1.0,0.06,-0.12,0.12,NO_FALL,,
2026-07-28 10:39:10.603,0.02,-0.02,1.0,0.12,-0.12,0.12,NO_FALL,,
2026-07-28 10:39:10.662,0.02,-0.02,1.0,0.12,-0.12,0.18,NO_FALL,,
2026-07-28 10:39:10.662,0.02,-0.02,1.0,0.12,-0.12,0.18,NO_FALL,,
2026-07-28 10:39:10.663,0.02,-0.02,1.0,0.12,-0.12,0.18,NO_FALL,,
2026-07-28 10:39:10.722,0.02,-0.02,1.0,0.12,-0.12,0.18,NO_FALL,,
2026-07-28 10:39:10.722,0.02,-0.02,1.0,0.12,-0.12,0.18,NO_FALL,,
2026-07-28 10:39:10.723,0.02,-0.02,1.0,0.12,-0.12,0.18,NO_FALL,,
2026-07-28 10:39:10.781,0.02,-0.02,1.0,0.12,-0.12,0.18,NO_FALL,,
2026-07-28 10:39:10.782,0.02,-0.02,1.0,0.12,-0.12,0.18,NO_FALL,,
2026-07-28 10:39:10.783,0.02,-0.02,1.0,0.12,-0.12,0.18,NO_FALL,,
2026-07-28 10:39:10.841,0.02,-0.02,1.0,0.12,-0.12,0.18,NO_FALL,,
2026-07-28 10:39:10.842,0.02,-0.02,1.0,0.12,-0.06,0.18,NO_FALL,,
2026-07-28 10:39:10.843,0.02,-0.02,1.0,0.12,-0.06,0.18,NO_FALL,,
2026-07-28 10:39:10.902,0.02,-0.02,1.0,0.12,-0.06,0.18,NO_FALL,,
2026-07-28 10:39:10.902,0.02,-0.02,1.0,0.12,-0.06,0.12,NO_FALL,,
2026-07-28 10:39:10.962,0.02,-0.02,1.0,0.12,-0.06,0.12,NO_FALL,,
2026-07-28 10:39:10.962,0.02,-0.02,1.0,0.06,-0.06,0.12,NO_FALL,,
2026-07-28 10:39:10.963,0.02,-0.02,1.0,0.06,-0.06,0.12,NO_FALL,,
2026-07-28 10:39:11.021,0.02,-0.02,1.0,0.06,-0.06,0.12,NO_FALL,,
2026-07-28 10:39:11.022,0.02,-0.02,1.0,0.06,-0.06,0.12,NO_FALL,,
2026-07-28 10:39:11.023,0.02,-0.02,1.0,0.12,-0.06,0.12,NO_FALL,,
2026-07-28 10:39:11.104,0.02,-0.02,1.0,0.12,-0.06,0.12,NO_FALL,,
2026-07-28 10:39:11.104,0.02,-0.02,1.0,0.12,-0.06,0.18,NO_FALL,,
2026-07-28 10:39:11.104,0.02,-0.02,1.0,0.12,-0.06,0.18,NO_FALL,,
2026-07-28 10:39:11.141,0.02,-0.02,1.0,0.12,-0.06,0.24,NO_FALL,,
2026-07-28 10:39:11.142,0.02,-0.02,1.0,0.18,-0.06,0.18,NO_FALL,,
2026-07-28 10:39:11.211,0.02,-0.02,1.0,0.18,-0.06,0.18,NO_FALL,,
2026-07-28 10:39:11.211,0.02,-0.02,1.0,0.18,0.0,0.18,NO_FALL,,
2026-07-28 10:39:11.211,0.02,-0.02,1.0,0.18,0.0,0.18,NO_FALL,,
2026-07-28 10:39:11.261,0.02,-0.02,1.0,0.12,0.0,0.12,NO_FALL,,
2026-07-28 10:39:11.262,0.02,-0.02,1.0,0.12,0.0,0.12,NO_FALL,,
2026-07-28 10:39:11.263,0.02,-0.02,1.0,0.06,0.0,0.12,NO_FALL,,
2026-07-28 10:39:11.321,0.02,-0.02,1.0,0.06,-0.06,0.12,NO_FALL,,
2026-07-28 10:39:11.322,0.02,-0.02,1.0,0.06,-0.06,0.12,NO_FALL,,
2026-07-28 10:39:11.381,0.02,-0.02,1.0,0.12,-0.06,0.12,NO_FALL,,
2026-07-28 10:39:11.382,0.02,-0.02,1.0,0.12,-0.06,0.12,NO_FALL,,
2026-07-28 10:39:11.383,0.02,-0.02,1.0,0.18,-0.06,0.18,NO_FALL,,
2026-07-28 10:39:11.441,0.02,-0.02,1.0,0.18,-0.06,0.18,NO_FALL,,
2026-07-28 10:39:11.442,0.02,-0.02,1.0,0.18,-0.06,0.18,NO_FALL,,
2026-07-28 10:39:11.443,0.02,-0.02,1.0,0.18,-0.06,0.18,NO_FALL,,
2026-07-28 10:39:11.512,0.02,-0.02,1.0,0.12,-0.12,0.12,NO_FALL,,
2026-07-28 10:39:11.512,0.02,-0.02,1.0,0.12,-0.12,0.12,NO_FALL,,
2026-07-28 10:39:11.513,0.02,-0.02,1.0,0.06,-0.24,0.12,NO_FALL,,
2026-07-28 10:39:11.561,0.02,-0.02,1.0,0.06,-0.24,0.12,NO_FALL,,
2026-07-28 10:39:11.562,0.02,-0.02,1.0,0.06,-0.18,0.06,NO_FALL,,
2026-07-28 10:39:11.622,0.02,-0.02,1.0,0.12,-0.12,0.12,NO_FALL,,
2026-07-28 10:39:11.622,0.02,-0.02,1.0,0.12,-0.12,0.12,NO_FALL,,
2026-07-28 10:39:11.623,0.02,-0.02,1.0,0.12,-0.06,0.12,NO_FALL,,
2026-07-28 10:39:11.681,0.02,-0.02,1.0,0.12,-0.06,0.12,NO_FALL,,
2026-07-28 10:39:11.682,0.02,-0.02,1.0,0.12,0.06,0.12,NO_FALL,,
2026-07-28 10:39:11.683,0.02,-0.02,1.0,0.12,0.06,0.12,NO_FALL,,
2026-07-28 10:39:11.741,0.02,-0.02,1.0,0.18,0.24,0.12,NO_FALL,,
2026-07-28 10:39:11.742,0.02,-0.02,1.0,0.18,0.24,0.12,NO_FALL,,
2026-07-28 10:39:11.743,0.02,-0.02,1.0,0.24,0.43,0.18,NO_FALL,,
2026-07-28 10:39:11.801,0.02,-0.02,1.0,0.24,0.43,0.18,NO_FALL,,
2026-07-28 10:39:11.802,0.02,-0.02,1.0,0.18,0.37,0.18,NO_FALL,,
2026-07-28 10:39:11.861,0.02,-0.02,1.0,0.12,0.37,0.24,NO_FALL,,
2026-07-28 10:39:11.862,0.02,-0.02,1.0,0.12,0.37,0.24,NO_FALL,,
2026-07-28 10:39:11.862,0.02,-0.02,1.0,0.06,0.49,0.31,NO_FALL,,
2026-07-28 10:39:11.921,0.02,-0.02,1.0,0.06,0.49,0.31,NO_FALL,,
2026-07-28 10:39:11.922,0.02,-0.02,1.0,0.06,0.55,0.24,NO_FALL,,
2026-07-28 10:39:11.922,0.02,-0.02,1.0,0.06,0.55,0.24,NO_FALL,,
2026-07-28 10:39:11.981,0.02,-0.02,1.0,0.0,0.24,0.18,NO_FALL,,
2026-07-28 10:39:11.982,0.02,-0.02,1.0,0.0,0.24,0.18,NO_FALL,,
2026-07-28 10:39:11.983,0.02,-0.02,1.0,0.06,0.0,0.12,NO_FALL,,
2026-07-28 10:39:12.041,0.02,-0.02,1.0,0.06,0.0,0.12,NO_FALL,,
2026-07-28 10:39:12.042,0.02,-0.02,1.0,0.06,0.0,0.12,NO_FALL,,
2026-07-28 10:39:12.043,0.02,-0.02,1.0,0.06,0.0,0.12,NO_FALL,,
2026-07-28 10:39:12.101,0.02,-0.02,1.0,0.12,-0.06,0.24,NO_FALL,,
2026-07-28 10:39:12.102,0.02,-0.02,1.0,0.12,-0.06,0.24,NO_FALL,,
2026-07-28 10:39:12.103,0.02,-0.02,1.0,0.06,-0.06,0.24,NO_FALL,,
2026-07-28 10:39:12.162,0.02,-0.02,1.0,0.06,-0.06,0.18,NO_FALL,,
2026-07-28 10:39:12.162,0.02,-0.02,1.0,0.06,-0.06,0.18,NO_FALL,,
2026-07-28 10:39:12.221,0.02,-0.02,1.0,0.12,0.0,0.18,NO_FALL,,
2026-07-28 10:39:12.222,0.02,-0.02,1.0,0.12,0.0,0.18,NO_FALL,,
2026-07-28 10:39:12.223,0.02,-0.02,1.0,0.12,0.0,0.12,NO_FALL,,
2026-07-28 10:39:12.281,0.02,-0.02,1.0,0.12,0.0,0.12,NO_FALL,,
2026-07-28 10:39:12.282,0.02,-0.02,1.0,0.12,-0.06,0.12,NO_FALL,,
2026-07-28 10:39:12.283,0.02,-0.02,1.0,0.12,-0.06,0.12,NO_FALL,,
2026-07-28 10:39:12.341,0.02,-0.02,1.0,0.12,-0.12,0.12,NO_FALL,,
2026-07-28 10:39:12.342,0.02,-0.02,1.0,0.12,-0.12,0.12,NO_FALL,,
2026-07-28 10:39:12.343,0.02,-0.02,1.0,0.12,-0.06,0.12,NO_FALL,,
2026-07-28 10:39:12.401,0.02,-0.02,1.0,0.12,-0.06,0.12,NO_FALL,,
2026-07-28 10:39:12.402,0.02,-0.02,1.0,0.12,0.0,0.12,NO_FALL,,
2026-07-28 10:39:12.461,0.01,-0.02,1.0,0.12,0.0,0.12,NO_FALL,,
2026-07-28 10:39:12.462,0.01,-0.02,1.0,0.12,0.0,0.12,NO_FALL,,
2026-07-28 10:39:12.462,0.01,-0.02,1.0,0.06,-0.06,0.12,NO_FALL,,
2026-07-28 10:39:12.522,0.01,-0.02,1.0,0.06,-0.06,0.12,NO_FALL,,
2026-07-28 10:39:12.522,0.02,-0.02,1.0,0.06,-0.12,0.12,NO_FALL,,
2026-07-28 10:39:12.523,0.02,-0.02,1.0,0.06,-0.12,0.12,NO_FALL,,
2026-07-28 10:39:12.581,0.02,-0.02,1.0,0.12,-0.06,0.12,NO_FALL,,
2026-07-28 10:39:12.582,0.02,-0.02,1.0,0.12,-0.06,0.12,NO_FALL,,
2026-07-28 10:39:12.583,0.02,-0.02,1.0,0.18,0.0,0.18,NO_FALL,,
2026-07-28 10:39:12.642,0.02,-0.02,1.0,0.18,0.0,0.18,NO_FALL,,
2026-07-28 10:39:12.642,0.02,-0.02,1.0,0.18,0.0,0.18,NO_FALL,,
2026-07-28 10:39:12.643,0.02,-0.02,1.0,0.12,-0.06,0.18,NO_FALL,,
2026-07-28 10:39:12.701,0.02,-0.02,1.0,0.12,-0.06,0.18,NO_FALL,,
2026-07-28 10:39:12.702,0.02,-0.02,1.0,0.06,-0.06,0.12,NO_FALL,,
2026-07-28 10:39:12.703,0.02,-0.02,1.0,0.06,-0.06,0.12,NO_FALL,,
2026-07-28 10:39:12.761,0.02,-0.02,1.0,0.06,0.0,0.12,NO_FALL,,
2026-07-28 10:39:12.762,0.02,-0.02,1.0,0.06,0.0,0.12,NO_FALL,,
2026-07-28 10:39:12.821,0.02,-0.02,1.0,0.12,0.0,0.18,NO_FALL,,
2026-07-28 10:39:12.822,0.02,-0.02,1.0,0.12,0.0,0.18,NO_FALL,,
2026-07-28 10:39:12.822,0.02,-0.02,1.0,0.06,0.0,0.12,NO_FALL,,
2026-07-28 10:39:12.881,0.02,-0.02,1.0,0.06,0.0,0.12,NO_FALL,,
2026-07-28 10:39:12.882,0.02,-0.02,1.0,0.06,-0.06,0.12,NO_FALL,,
2026-07-28 10:39:12.883,0.02,-0.02,1.0,0.06,-0.06,0.12,NO_FALL,,
2026-07-28 10:39:12.941,0.02,-0.02,1.0,0.06,-0.12,0.12,NO_FALL,,
2026-07-28 10:39:12.942,0.02,-0.02,1.0,0.12,-0.06,0.12,NO_FALL,,
2026-07-28 10:39:12.943,0.02,-0.02,1.0,0.12,-0.06,0.12,NO_FALL,,
2026-07-28 10:39:13.001,0.02,-0.02,1.0,0.18,0.06,0.18,NO_FALL,,
2026-07-28 10:39:13.002,0.02,-0.02,1.0,0.18,0.06,0.18,NO_FALL,,
2026-07-28 10:39:13.061,0.02,-0.02,1.0,0.18,0.0,0.18,NO_FALL,,
2026-07-28 10:39:13.062,0.02,-0.02,1.0,0.18,0.0,0.18,NO_FALL,,
2026-07-28 10:39:13.062,0.02,-0.02,1.0,0.12,-0.06,0.18,NO_FALL,,
2026-07-28 10:39:13.121,0.02,-0.02,1.0,0.12,-0.06,0.18,NO_FALL,,
2026-07-28 10:39:13.122,0.02,-0.02,1.0,0.06,-0.06,0.12,NO_FALL,,
2026-07-28 10:39:13.122,0.02,-0.02,1.0,0.06,-0.06,0.12,NO_FALL,,
2026-07-28 10:39:13.181,0.02,-0.02,1.0,0.06,-0.06,0.12,NO_FALL,,
2026-07-28 10:39:13.182,0.02,-0.02,1.0,0.12,0.0,0.12,NO_FALL,,
2026-07-28 10:39:13.183,0.02,-0.02,1.0,0.12,0.0,0.12,NO_FALL,,
2026-07-28 10:39:13.241,0.02,-0.02,1.0,0.12,0.0,0.18,NO_FALL,,
2026-07-28 10:39:13.242,0.02,-0.02,1.0,0.12,0.0,0.18,NO_FALL,,
2026-07-28 10:39:13.301,0.02,-0.02,1.0,0.12,-0.06,0.18,NO_FALL,,
2026-07-28 10:39:13.302,0.02,-0.02,1.0,0.12,-0.06,0.18,NO_FALL,,
2026-07-28 10:39:13.303,0.02,-0.02,1.0,0.12,-0.06,0.18,NO_FALL,,
2026-07-28 10:39:13.362,0.02,-0.02,1.0,0.12,-0.06,0.18,NO_FALL,,
2026-07-28 10:39:13.362,0.02,-0.02,1.0,0.12,-0.06,0.12,NO_FALL,,
2026-07-28 10:39:13.363,0.02,-0.02,1.0,0.12,-0.06,0.12,NO_FALL,,
2026-07-28 10:39:13.422,0.02,-0.02,1.0,0.12,-0.06,0.12,NO_FALL,,
2026-07-28 10:39:13.422,0.02,-0.02,1.0,0.12,0.0,0.18,NO_FALL,,
2026-07-28 10:39:13.423,0.02,-0.02,1.0,0.12,0.0,0.18,NO_FALL,,
2026-07-28 10:39:13.481,0.02,-0.02,1.0,0.12,0.0,0.18,NO_FALL,,
2026-07-28 10:39:13.482,0.02,-0.02,1.0,0.12,0.0,0.18,NO_FALL,,
2026-07-28 10:39:13.541,0.02,-0.02,1.0,0.12,-0.06,0.12,NO_FALL,,
2026-07-28 10:39:13.542,0.02,-0.02,1.0,0.12,-0.06,0.12,NO_FALL,,
2026-07-28 10:39:13.543,0.02,-0.02,1.0,0.12,-0.06,0.12,NO_FALL,,
2026-07-28 10:39:13.601,0.02,-0.02,1.0,0.12,-0.06,0.12,NO_FALL,,
2026-07-28 10:39:13.602,0.02,-0.02,1.0,0.12,0.0,0.12,NO_FALL,,
2026-07-28 10:39:13.603,0.02,-0.02,1.0,0.12,0.0,0.12,NO_FALL,,
2026-07-28 10:39:13.661,0.02,-0.02,1.0,0.12,0.0,0.12,NO_FALL,,
2026-07-28 10:39:13.662,0.02,-0.02,1.0,0.12,-0.06,0.18,NO_FALL,,
2026-07-28 10:39:13.662,0.02,-0.02,1.0,0.12,-0.06,0.18,NO_FALL,,
2026-07-28 10:39:13.722,0.02,-0.02,1.0,0.12,-0.06,0.18,NO_FALL,,
2026-07-28 10:39:13.722,0.02,-0.02,1.0,0.12,-0.06,0.18,NO_FALL,,
2026-07-28 10:39:13.781,0.02,-0.02,1.0,0.12,0.0,0.18,NO_FALL,,
2026-07-28 10:39:13.782,0.02,-0.02,1.0,0.12,0.0,0.18,NO_FALL,,
2026-07-28 10:39:13.783,0.02,-0.02,1.0,0.12,0.0,0.18,NO_FALL,,
2026-07-28 10:39:13.841,0.02,-0.02,1.0,0.12,0.0,0.18,NO_FALL,,
2026-07-28 10:39:13.842,0.02,-0.02,1.0,0.12,-0.06,0.12,NO_FALL,,
2026-07-28 10:39:13.843,0.02,-0.02,1.0,0.12,-0.06,0.18,NO_FALL,,
2026-07-28 10:39:13.901,0.02,-0.02,1.0,0.12,-0.06,0.18,NO_FALL,,
2026-07-28 10:39:13.902,0.02,-0.02,1.0,0.12,-0.12,0.18,NO_FALL,,
2026-07-28 10:39:13.903,0.02,-0.02,1.0,0.12,-0.12,0.18,NO_FALL,,
2026-07-28 10:39:13.961,0.02,-0.02,1.0,0.06,-0.12,0.18,NO_FALL,,
2026-07-28 10:39:13.962,0.02,-0.02,1.0,0.06,-0.12,0.18,NO_FALL,,
2026-07-28 10:39:14.021,0.02,-0.02,1.0,0.06,-0.06,0.18,NO_FALL,,
2026-07-28 10:39:14.022,0.02,-0.02,1.0,0.06,-0.06,0.18,NO_FALL,,
2026-07-28 10:39:14.022,0.02,-0.02,1.0,0.12,0.0,0.12,NO_FALL,,
2026-07-28 10:39:14.081,0.02,-0.02,1.0,0.12,0.0,0.12,NO_FALL,,
2026-07-28 10:39:14.082,0.02,-0.02,1.0,0.12,0.0,0.12,NO_FALL,,
2026-07-28 10:39:14.082,0.02,-0.02,1.0,0.06,-0.06,0.12,NO_FALL,,
2026-07-28 10:39:14.141,0.02,-0.02,1.0,0.06,-0.06,0.12,NO_FALL,,
2026-07-28 10:39:14.142,0.02,-0.02,1.0,0.06,-0.06,0.12,NO_FALL,,
2026-07-28 10:39:14.143,0.02,-0.02,1.0,0.06,-0.06,0.12,NO_FALL,,
2026-07-28 10:39:14.201,0.02,-0.02,1.0,0.12,0.0,0.12,NO_FALL,,
2026-07-28 10:39:14.202,0.02,-0.02,1.0,0.12,0.0,0.12,NO_FALL,,
2026-07-28 10:39:14.203,0.02,-0.02,1.0,0.18,0.0,0.12,NO_FALL,,
2026-07-28 10:39:14.261,0.02,-0.02,1.0,0.18,0.0,0.12,NO_FALL,,
2026-07-28 10:39:14.262,0.02,-0.02,1.0,0.18,0.0,0.12,NO_FALL,,
2026-07-28 10:39:14.321,0.02,-0.02,1.0,0.18,0.0,0.12,NO_FALL,,
2026-07-28 10:39:14.322,0.02,-0.02,1.0,0.12,-0.06,0.18,NO_FALL,,
2026-07-28 10:39:14.322,0.02,-0.02,1.0,0.12,-0.06,0.18,NO_FALL,,
2026-07-28 10:39:14.381,0.02,-0.02,1.0,0.06,-0.12,0.18,NO_FALL,,
2026-07-28 10:39:14.382,0.02,-0.02,1.0,0.06,0.0,0.18,NO_FALL,,
2026-07-28 10:39:14.383,0.02,-0.02,1.0,0.06,0.0,0.18,NO_FALL,,
2026-07-28 10:39:14.441,0.02,-0.02,1.0,0.12,0.0,0.18,NO_FALL,,
2026-07-28 10:39:14.442,0.02,-0.02,1.0,0.12,0.0,0.18,NO_FALL,,
2026-07-28 10:39:14.443,0.02,-0.02,1.0,0.12,0.0,0.12,NO_FALL,,
2026-07-28 10:39:14.501,0.02,-0.02,1.0,0.12,0.0,0.12,NO_FALL,,
2026-07-28 10:39:14.502,0.02,-0.02,1.0,0.12,-0.06,0.12,NO_FALL,,
2026-07-28 10:39:14.503,0.02,-0.02,1.0,0.12,-0.06,0.12,NO_FALL,,
2026-07-28 10:39:14.561,0.02,-0.02,1.0,0.12,-0.12,0.12,NO_FALL,,
2026-07-28 10:39:14.562,0.02,-0.02,1.0,0.12,-0.12,0.12,NO_FALL,,
2026-07-28 10:39:14.621,0.02,-0.02,1.0,0.12,-0.06,0.12,NO_FALL,,
2026-07-28 10:39:14.622,0.02,-0.02,1.0,0.18,0.0,0.12,NO_FALL,,
2026-07-28 10:39:14.622,0.02,-0.02,1.0,0.18,0.0,0.12,NO_FALL,,
2026-07-28 10:39:14.681,0.02,-0.02,1.0,0.18,0.0,0.18,NO_FALL,,
2026-07-28 10:39:14.682,0.02,-0.02,1.0,0.18,0.0,0.18,NO_FALL,,
2026-07-28 10:39:14.683,0.02,-0.02,1.0,0.06,-0.06,0.18,NO_FALL,,
2026-07-28 10:39:14.741,0.02,-0.02,1.0,0.06,-0.06,0.18,NO_FALL,,
2026-07-28 10:39:14.742,0.02,-0.02,1.0,0.06,-0.12,0.18,NO_FALL,,
2026-07-28 10:39:14.742,0.02,-0.02,1.0,0.06,-0.12,0.18,NO_FALL,,
2026-07-28 10:39:14.801,0.02,-0.02,1.0,0.12,-0.06,0.18,NO_FALL,,
2026-07-28 10:39:14.802,0.02,-0.02,1.0,0.12,-0.06,0.18,NO_FALL,,
2026-07-28 10:39:14.861,0.02,-0.02,1.0,0.18,0.0,0.18,NO_FALL,,
2026-07-28 10:39:14.862,0.02,-0.02,1.0,0.12,0.0,0.18,NO_FALL,,
2026-07-28 10:39:14.863,0.02,-0.02,1.0,0.12,0.0,0.18,NO_FALL,,
2026-07-28 10:39:14.922,0.02,-0.02,1.0,0.06,-0.06,0.18,NO_FALL,,
2026-07-28 10:39:14.922,0.02,-0.02,1.0,0.06,-0.06,0.18,NO_FALL,,
2026-07-28 10:39:14.923,0.02,-0.02,1.0,0.06,-0.12,0.12,NO_FALL,,
2026-07-28 10:39:14.981,0.02,-0.02,1.0,0.06,-0.12,0.12,NO_FALL,,
2026-07-28 10:39:14.982,0.02,-0.02,1.0,0.12,-0.12,0.12,NO_FALL,,
2026-07-28 10:39:14.982,0.02,-0.02,1.0,0.12,-0.12,0.12,NO_FALL,,
2026-07-28 10:39:15.041,0.02,-0.02,1.0,0.12,-0.06,0.12,NO_FALL,,
2026-07-28 10:39:15.042,0.02,-0.02,1.0,0.12,-0.06,0.12,NO_FALL,,
2026-07-28 10:39:15.102,0.02,-0.02,1.0,0.12,0.0,0.18,NO_FALL,,
2026-07-28 10:39:15.102,0.02,-0.02,1.0,0.12,-0.06,0.18,NO_FALL,,
2026-07-28 10:39:15.103,0.02,-0.02,1.0,0.12,-0.06,0.18,NO_FALL,,
2026-07-28 10:39:15.161,0.02,-0.02,1.0,0.12,-0.06,0.18,NO_FALL,,
2026-07-28 10:39:15.162,0.02,-0.02,1.0,0.12,-0.06,0.18,NO_FALL,,
2026-07-28 10:39:15.163,0.02,-0.02,1.0,0.12,0.0,0.12,NO_FALL,,
2026-07-28 10:39:15.222,0.02,-0.02,1.0,0.12,0.0,0.12,NO_FALL,,
2026-07-28 10:39:15.222,0.02,-0.02,1.0,0.18,0.06,0.12,NO_FALL,,
2026-07-28 10:39:15.222,0.02,-0.02,1.0,0.18,0.06,0.12,NO_FALL,,
2026-07-28 10:39:15.281,0.02,-0.02,1.0,0.12,0.0,0.12,NO_FALL,,
2026-07-28 10:39:15.282,0.02,-0.02,1.0,0.06,-0.06,0.12,NO_FALL,,
2026-07-28 10:39:15.341,0.02,-0.02,1.0,0.06,-0.06,0.12,NO_FALL,,
2026-07-28 10:39:15.342,0.02,-0.02,1.0,0.12,-0.06,0.12,NO_FALL,,
2026-07-28 10:39:15.343,0.02,-0.02,1.0,0.12,-0.06,0.12,NO_FALL,,
2026-07-28 10:39:15.401,0.02,-0.02,1.0,0.12,-0.12,0.12,NO_FALL,,
2026-07-28 10:39:15.402,0.02,-0.02,1.0,0.12,-0.12,0.12,NO_FALL,,
2026-07-28 10:39:15.403,0.02,-0.02,1.0,0.18,-0.06,0.12,NO_FALL,,
2026-07-28 10:39:15.461,0.02,-0.02,1.0,0.18,-0.06,0.12,NO_FALL,,
2026-07-28 10:39:15.462,0.02,-0.02,1.0,0.18,0.0,0.18,NO_FALL,,
2026-07-28 10:39:15.463,0.02,-0.02,1.0,0.18,0.0,0.18,NO_FALL,,
2026-07-28 10:39:15.521,0.02,-0.02,1.0,0.12,0.0,0.18,NO_FALL,,
2026-07-28 10:39:15.522,0.02,-0.02,1.0,0.12,0.0,0.18,NO_FALL,,
2026-07-28 10:39:15.581,0.02,-0.02,1.0,0.06,-0.06,0.12,NO_FALL,,
2026-07-28 10:39:15.582,0.02,-0.02,1.0,0.06,-0.12,0.12,NO_FALL,,
2026-07-28 10:39:15.582,0.02,-0.02,1.0,0.06,-0.12,0.12,NO_FALL,,
2026-07-28 10:39:15.641,0.02,-0.02,1.0,0.12,-0.06,0.12,NO_FALL,,
2026-07-28 10:39:15.642,0.02,-0.02,1.0,0.12,-0.06,0.12,NO_FALL,,
2026-07-28 10:39:15.643,0.02,-0.02,1.0,0.18,0.06,0.12,NO_FALL,,
2026-07-28 10:39:15.701,0.02,-0.02,1.0,0.18,0.06,0.12,NO_FALL,,
2026-07-28 10:39:15.702,0.02,-0.02,1.0,0.18,0.0,0.18,NO_FALL,,
2026-07-28 10:39:15.703,0.02,-0.02,1.0,0.18,0.0,0.18,NO_FALL,,
2026-07-28 10:39:15.761,0.02,-0.02,1.0,0.12,-0.06,0.12,NO_FALL,,
2026-07-28 10:39:15.762,0.02,-0.02,1.0,0.12,-0.06,0.12,NO_FALL,,
2026-07-28 10:39:15.763,0.02,-0.02,1.0,0.12,-0.12,0.12,NO_FALL,,
2026-07-28 10:39:15.821,0.02,-0.02,1.0,0.12,-0.06,0.12,NO_FALL,,
2026-07-28 10:39:15.822,0.02,-0.02,1.0,0.12,-0.06,0.12,NO_FALL,,
2026-07-28 10:39:15.881,0.02,-0.02,1.0,0.18,0.0,0.12,NO_FALL,,
2026-07-28 10:39:15.882,0.02,-0.02,1.0,0.18,0.0,0.12,NO_FALL,,
2026-07-28 10:39:15.883,0.02,-0.02,1.0,0.18,0.06,0.12,NO_FALL,,
2026-07-28 10:39:15.941,0.02,-0.02,1.0,0.18,0.06,0.12,NO_FALL,,
2026-07-28 10:39:15.942,0.02,-0.02,1.0,0.12,0.0,0.12,NO_FALL,,
2026-07-28 10:39:15.943,0.02,-0.02,1.0,0.12,0.0,0.12,NO_FALL,,
2026-07-28 10:39:16.001,0.02,-0.02,1.0,0.12,-0.06,0.12,NO_FALL,,
2026-07-28 10:39:16.002,0.02,-0.02,1.0,0.12,-0.06,0.12,NO_FALL,,
2026-07-28 10:39:16.002,0.02,-0.02,1.0,0.12,-0.06,0.12,NO_FALL,,
2026-07-28 10:39:16.061,0.02,-0.02,1.0,0.12,-0.06,0.12,NO_FALL,,
2026-07-28 10:39:16.062,0.02,-0.02,1.0,0.12,0.0,0.12,NO_FALL,,
2026-07-28 10:39:16.123,0.02,-0.02,1.0,0.12,0.0,0.12,NO_FALL,,
2026-07-28 10:39:16.123,0.02,-0.02,1.0,0.12,0.0,0.12,NO_FALL,,
2026-07-28 10:39:16.123,0.02,-0.02,1.0,0.12,-0.06,0.12,NO_FALL,,
2026-07-28 10:39:16.181,0.02,-0.02,1.0,0.12,-0.06,0.12,NO_FALL,,
2026-07-28 10:39:16.182,0.02,-0.02,1.0,0.12,-0.12,0.12,NO_FALL,,
2026-07-28 10:39:16.183,0.02,-0.02,1.0,0.12,-0.12,0.12,NO_FALL,,
2026-07-28 10:39:16.242,0.02,-0.02,1.0,0.12,-0.06,0.12,NO_FALL,,
2026-07-28 10:39:16.242,0.02,-0.02,1.0,0.12,-0.06,0.12,NO_FALL,,
2026-07-28 10:39:16.242,0.02,-0.02,1.0,0.18,0.06,0.12,NO_FALL,,
2026-07-28 10:39:16.301,0.02,-0.02,1.0,0.18,0.06,0.12,NO_FALL,,
2026-07-28 10:39:16.302,0.02,-0.02,1.0,0.12,0.0,0.12,NO_FALL,,
2026-07-28 10:39:16.303,0.02,-0.02,1.0,0.12,0.0,0.12,NO_FALL,,
2026-07-28 10:39:16.361,0.02,-0.02,1.0,0.06,-0.06,0.18,NO_FALL,,
2026-07-28 10:39:16.362,0.02,-0.02,1.0,0.06,-0.12,0.18,NO_FALL,,
2026-07-28 10:39:16.421,0.02,-0.02,1.0,0.06,-0.12,0.18,NO_FALL,,
2026-07-28 10:39:16.422,0.02,-0.02,1.0,0.06,-0.06,0.18,NO_FALL,,
2026-07-28 10:39:16.422,0.02,-0.02,1.0,0.06,-0.06,0.18,NO_FALL,,
2026-07-28 10:39:16.481,0.02,-0.02,1.0,0.12,0.0,0.18,NO_FALL,,
2026-07-28 10:39:16.482,0.02,-0.02,1.0,0.12,0.0,0.18,NO_FALL,,
2026-07-28 10:39:16.483,0.02,-0.02,1.0,0.18,0.0,0.18,NO_FALL,,
2026-07-28 10:39:16.541,0.02,-0.02,1.0,0.18,0.0,0.18,NO_FALL,,
2026-07-28 10:39:16.542,0.02,-0.02,1.0,0.12,-0.06,0.12,NO_FALL,,
2026-07-28 10:39:16.542,0.02,-0.02,1.0,0.12,-0.06,0.12,NO_FALL,,
2026-07-28 10:39:16.601,0.02,-0.02,1.0,0.06,-0.12,0.12,NO_FALL,,
2026-07-28 10:39:16.602,0.02,-0.02,1.0,0.12,-0.06,0.12,NO_FALL,,
2026-07-28 10:39:16.603,0.02,-0.02,1.0,0.12,-0.06,0.12,NO_FALL,,
2026-07-28 10:39:16.661,0.02,-0.02,1.0,0.12,-0.06,0.12,NO_FALL,,
2026-07-28 10:39:16.662,0.02,-0.02,1.0,0.12,-0.06,0.12,NO_FALL,,
2026-07-28 10:39:16.721,0.02,-0.02,1.0,0.12,0.0,0.18,NO_FALL,,
2026-07-28 10:39:16.722,0.02,-0.02,1.0,0.12,0.0,0.18,NO_FALL,,
2026-07-28 10:39:16.722,0.02,-0.02,1.0,0.12,-0.06,0.18,NO_FALL,,
2026-07-28 10:39:16.781,0.02,-0.02,1.0,0.12,-0.06,0.18,NO_FALL,,
2026-07-28 10:39:16.782,0.02,-0.02,1.0,0.06,-0.06,0.12,NO_FALL,,
2026-07-28 10:39:16.782,0.02,-0.02,1.0,0.06,-0.06,0.12,NO_FALL,,
2026-07-28 10:39:16.841,0.02,-0.02,1.0,0.06,-0.12,0.12,NO_FALL,,
2026-07-28 10:39:16.842,0.02,-0.02,1.0,0.06,-0.12,0.12,NO_FALL,,
2026-07-28 10:39:16.843,0.02,-0.02,1.0,0.12,-0.06,0.18,NO_FALL,,
2026-07-28 10:39:16.901,0.02,-0.02,1.0,0.18,0.0,0.18,NO_FALL,,
2026-07-28 10:39:16.902,0.02,-0.02,1.0,0.18,0.0,0.18,NO_FALL,,
2026-07-28 10:39:16.962,0.02,-0.02,1.0,0.18,0.0,0.18,NO_FALL,,
2026-07-28 10:39:16.962,0.02,-0.02,1.0,0.18,0.0,0.18,NO_FALL,,
2026-07-28 10:39:16.963,0.02,-0.02,1.0,0.12,-0.06,0.12,NO_FALL,,
2026-07-28 10:39:17.022,0.02,-0.02,1.0,0.12,-0.06,0.12,NO_FALL,,
2026-07-28 10:39:17.022,0.02,-0.02,1.0,0.06,-0.12,0.12,NO_FALL,,
2026-07-28 10:39:17.023,0.02,-0.02,1.0,0.06,-0.12,0.12,NO_FALL,,
2026-07-28 10:39:17.083,0.02,-0.02,1.0,0.12,-0.06,0.12,NO_FALL,,
2026-07-28 10:39:17.083,0.02,-0.02,1.0,0.12,-0.06,0.12,NO_FALL,,
2026-07-28 10:39:17.083,0.02,-0.02,1.0,0.12,0.06,0.12,NO_FALL,,
2026-07-28 10:39:17.142,0.02,-0.02,1.0,0.18,0.06,0.18,NO_FALL,,
2026-07-28 10:39:17.142,0.02,-0.02,1.0,0.18,0.06,0.18,NO_FALL,,
2026-07-28 10:39:17.201,0.02,-0.02,1.0,0.12,-0.06,0.18,NO_FALL,,
2026-07-28 10:39:17.203,0.02,-0.02,1.0,0.12,-0.06,0.18,NO_FALL,,
2026-07-28 10:39:17.204,0.02,-0.02,1.0,0.12,-0.12,0.12,NO_FALL,,
2026-07-28 10:39:17.261,0.02,-0.02,1.0,0.12,-0.12,0.12,NO_FALL,,
2026-07-28 10:39:17.262,0.02,-0.02,1.0,0.12,-0.06,0.12,NO_FALL,,
2026-07-28 10:39:17.263,0.02,-0.02,1.0,0.12,-0.06,0.12,NO_FALL,,
2026-07-28 10:39:17.321,0.02,-0.02,1.0,0.12,0.0,0.12,NO_FALL,,
2026-07-28 10:39:17.322,0.02,-0.02,1.0,0.12,0.06,0.12,NO_FALL,,
2026-07-28 10:39:17.322,0.02,-0.02,1.0,0.12,0.06,0.12,NO_FALL,,
2026-07-28 10:39:17.381,0.02,-0.02,1.0,0.12,-0.06,0.12,NO_FALL,,
2026-07-28 10:39:17.382,0.02,-0.02,1.0,0.12,-0.06,0.12,NO_FALL,,
2026-07-28 10:39:17.441,0.02,-0.02,1.0,0.12,-0.12,0.12,NO_FALL,,
2026-07-28 10:39:17.442,0.02,-0.02,1.0,0.12,-0.12,0.12,NO_FALL,,
2026-07-28 10:39:17.443,0.02,-0.02,1.0,0.12,-0.06,0.12,NO_FALL,,
2026-07-28 10:39:17.501,0.02,-0.02,1.0,0.12,-0.06,0.12,NO_FALL,,
2026-07-28 10:39:17.502,0.02,-0.02,1.0,0.12,0.0,0.12,NO_FALL,,
2026-07-28 10:39:17.503,0.02,-0.02,1.0,0.12,0.0,0.12,NO_FALL,,
2026-07-28 10:39:17.561,0.02,-0.02,1.0,0.12,0.0,0.12,NO_FALL,,
2026-07-28 10:39:17.562,0.02,-0.02,1.0,0.12,-0.06,0.12,NO_FALL,,
2026-07-28 10:39:17.563,0.02,-0.02,1.0,0.12,-0.06,0.12,NO_FALL,,
2026-07-28 10:39:17.622,0.02,-0.02,1.0,0.06,-0.12,0.18,NO_FALL,,
2026-07-28 10:39:17.622,0.02,-0.02,1.0,0.06,-0.12,0.18,NO_FALL,,
2026-07-28 10:39:17.681,0.02,-0.02,1.0,0.12,-0.06,0.18,NO_FALL,,
2026-07-28 10:39:17.682,0.02,-0.02,1.0,0.12,-0.06,0.18,NO_FALL,,
2026-07-28 10:39:17.682,0.02,-0.02,1.0,0.12,0.0,0.12,NO_FALL,,
2026-07-28 10:39:17.741,0.02,-0.02,1.0,0.12,0.0,0.12,NO_FALL,,
2026-07-28 10:39:17.742,0.02,-0.02,1.0,0.18,0.06,0.12,NO_FALL,,
2026-07-28 10:39:17.742,0.02,-0.02,1.0,0.18,0.06,0.12,NO_FALL,,
2026-07-28 10:39:17.801,0.02,-0.02,1.0,0.12,0.0,0.12,NO_FALL,,
2026-07-28 10:39:17.802,0.02,-0.02,1.0,0.12,-0.06,0.12,NO_FALL,,
2026-07-28 10:39:17.803,0.02,-0.02,1.0,0.12,-0.06,0.12,NO_FALL,,
2026-07-28 10:39:17.861,0.02,-0.02,1.0,0.12,-0.12,0.12,NO_FALL,,
2026-07-28 10:39:17.862,0.02,-0.02,1.0,0.12,-0.12,0.12,NO_FALL,,
2026-07-28 10:39:17.921,0.02,-0.02,1.0,0.12,-0.06,0.12,NO_FALL,,
2026-07-28 10:39:17.922,0.02,-0.02,1.0,0.12,-0.06,0.12,NO_FALL,,
2026-07-28 10:39:17.922,0.02,-0.02,1.0,0.12,0.0,0.12,NO_FALL,,
2026-07-28 10:39:17.923,0.02,-0.02,1.0,0.12,0.0,0.12,NO_FALL,,
2026-07-28 10:39:17.981,0.02,-0.02,1.0,0.12,-0.06,0.12,NO_FALL,,
2026-07-28 10:39:17.982,0.02,-0.02,1.0,0.12,-0.06,0.12,NO_FALL,,
2026-07-28 10:39:18.041,0.02,-0.02,1.0,0.06,-0.06,0.18,NO_FALL,,
2026-07-28 10:39:18.042,0.02,-0.02,1.0,0.06,-0.06,0.18,NO_FALL,,
2026-07-28 10:39:18.043,0.02,-0.02,1.0,0.12,-0.06,0.12,NO_FALL,,
2026-07-28 10:39:18.101,0.02,-0.02,1.0,0.12,0.0,0.18,NO_FALL,,
2026-07-28 10:39:18.102,0.02,-0.02,1.0,0.12,0.0,0.18,NO_FALL,,
2026-07-28 10:39:18.103,0.02,-0.02,1.0,0.12,0.0,0.18,NO_FALL,,
2026-07-28 10:39:18.161,0.02,-0.02,1.0,0.12,0.0,0.18,NO_FALL,,
2026-07-28 10:39:18.162,0.02,-0.02,1.0,0.12,-0.06,0.18,NO_FALL,,
2026-07-28 10:39:18.162,0.02,-0.02,1.0,0.12,-0.06,0.18,NO_FALL,,
2026-07-28 10:39:18.222,0.02,-0.02,1.0,0.06,-0.12,0.12,NO_FALL,,
2026-07-28 10:39:18.222,0.02,-0.02,1.0,0.06,-0.12,0.12,NO_FALL,,
2026-07-28 10:39:18.281,0.02,-0.02,1.0,0.06,-0.12,0.12,NO_FALL,,
2026-07-28 10:39:18.282,0.02,-0.02,1.0,0.06,-0.12,0.12,NO_FALL,,
2026-07-28 10:39:18.283,0.02,-0.02,1.0,0.18,0.0,0.12,NO_FALL,,
2026-07-28 10:39:18.341,0.02,-0.02,1.0,0.18,0.06,0.12,NO_FALL,,
2026-07-28 10:39:18.342,0.02,-0.02,1.0,0.18,0.06,0.12,NO_FALL,,
2026-07-28 10:39:18.343,0.02,-0.02,1.0,0.12,-0.06,0.12,NO_FALL,,
2026-07-28 10:39:18.401,0.02,-0.02,1.0,0.12,-0.06,0.12,NO_FALL,,
2026-07-28 10:39:18.402,0.02,-0.02,1.0,0.06,-0.12,0.12,NO_FALL,,
2026-07-28 10:39:18.402,0.02,-0.02,1.0,0.06,-0.12,0.12,NO_FALL,,
2026-07-28 10:39:18.461,0.02,-0.02,1.0,0.06,-0.06,0.12,NO_FALL,,
2026-07-28 10:39:18.462,0.02,-0.02,1.0,0.06,-0.06,0.12,NO_FALL,,
2026-07-28 10:39:18.521,0.02,-0.02,1.0,0.18,0.06,0.12,NO_FALL,,
2026-07-28 10:39:18.522,0.02,-0.02,1.0,0.18,0.06,0.12,NO_FALL,,
2026-07-28 10:39:18.523,0.02,-0.02,1.0,0.12,0.06,0.12,NO_FALL,,
2026-07-28 10:39:18.581,0.02,-0.02,1.0,0.12,0.06,0.12,NO_FALL,,
2026-07-28 10:39:18.582,0.01,0.01,1.0,0.0,0.0,1.16,NO_FALL,,
2026-07-28 10:39:18.582,0.01,0.02,1.0,0.0,-0.24,13.12,NO_FALL,,
2026-07-28 10:39:18.642,0.01,0.02,1.0,0.0,-0.24,13.12,NO_FALL,,
2026-07-28 10:39:18.642,0.02,-0.04,1.0,0.12,-0.37,35.46,NO_FALL,,
2026-07-28 10:39:18.643,0.02,-0.04,1.0,0.12,-0.37,35.46,NO_FALL,,
2026-07-28 10:39:18.702,0.02,-0.06,1.0,0.06,-0.31,38.39,NO_FALL,,
2026-07-28 10:39:18.702,0.02,-0.06,1.0,0.06,-0.31,38.39,NO_FALL,,
2026-07-28 10:39:18.761,0.02,-0.03,1.0,0.06,-0.18,17.27,NO_FALL,,
2026-07-28 10:39:18.762,0.02,-0.03,1.0,0.06,-0.18,17.27,NO_FALL,,
2026-07-28 10:39:18.762,0.01,-0.02,1.0,0.12,-0.06,-0.61,NO_FALL,,
2026-07-28 10:39:18.821,0.01,-0.01,1.0,0.12,0.0,-5.13,NO_FALL,,
2026-07-28 10:39:18.822,0.01,-0.01,1.0,0.12,0.0,-5.13,NO_FALL,,
2026-07-28 10:39:18.823,0.01,-0.02,1.0,0.12,-0.06,-2.69,NO_FALL,,
2026-07-28 10:39:18.881,0.01,-0.02,1.0,0.12,-0.06,-2.69,NO_FALL,,
2026-07-28 10:39:18.882,0.02,-0.02,1.0,0.12,-0.06,0.0,NO_FALL,,
2026-07-28 10:39:18.882,0.02,-0.02,1.0,0.12,-0.06,0.0,NO_FALL,,
2026-07-28 10:39:18.941,0.02,-0.02,1.0,0.18,0.0,0.85,NO_FALL,,
2026-07-28 10:39:18.942,0.02,-0.02,1.0,0.18,0.0,0.85,NO_FALL,,
2026-07-28 10:39:19.001,0.01,-0.02,1.0,0.12,0.0,0.61,NO_FALL,,
2026-07-28 10:39:19.002,0.01,-0.02,1.0,0.12,0.0,0.61,NO_FALL,,
2026-07-28 10:39:19.003,0.01,-0.02,1.0,0.06,-0.06,0.24,NO_FALL,,
2026-07-28 10:39:19.061,0.01,-0.02,1.0,0.06,-0.06,0.06,NO_FALL,,
2026-07-28 10:39:19.062,0.01,-0.02,1.0,0.06,-0.06,0.06,NO_FALL,,
2026-07-28 10:39:19.063,0.02,-0.02,1.0,0.06,0.0,0.06,NO_FALL,,
2026-07-28 10:39:19.121,0.02,-0.02,1.0,0.06,0.0,0.06,NO_FALL,,
2026-07-28 10:39:19.122,0.01,-0.02,1.0,0.12,0.06,0.12,NO_FALL,,
2026-07-28 10:39:19.122,0.01,-0.02,1.0,0.12,0.06,0.12,NO_FALL,,
2026-07-28 10:39:19.181,0.01,-0.02,1.0,0.12,0.06,0.18,NO_FALL,,
2026-07-28 10:39:19.182,0.01,-0.02,1.0,0.12,0.06,0.18,NO_FALL,,
2026-07-28 10:39:19.241,0.01,-0.02,1.0,0.12,0.0,0.18,NO_FALL,,
2026-07-28 10:39:19.242,0.01,-0.02,1.0,0.12,0.0,0.18,NO_FALL,,
2026-07-28 10:39:19.243,0.02,-0.02,1.0,0.12,0.0,0.18,NO_FALL,,
2026-07-28 10:39:19.301,0.02,-0.02,1.0,0.12,0.0,0.18,NO_FALL,,
2026-07-28 10:39:19.302,0.02,-0.02,1.0,0.12,0.0,0.18,NO_FALL,,
2026-07-28 10:39:19.303,0.01,-0.02,1.0,0.12,0.0,0.18,NO_FALL,,
2026-07-28 10:39:19.361,0.01,-0.02,1.0,0.12,0.0,0.18,NO_FALL,,
2026-07-28 10:39:19.362,0.02,-0.02,1.0,0.12,0.0,0.18,NO_FALL,,
2026-07-28 10:39:19.362,0.02,-0.02,1.0,0.12,0.0,0.18,NO_FALL,,
2026-07-28 10:39:19.421,0.02,-0.02,1.0,0.12,-0.06,0.18,NO_FALL,,
2026-07-28 10:39:19.422,0.02,-0.02,1.0,0.06,-0.06,0.12,NO_FALL,,
2026-07-28 10:39:19.481,0.02,-0.02,1.0,0.06,-0.06,0.12,NO_FALL,,
2026-07-28 10:39:19.482,0.01,-0.02,1.0,0.06,0.0,0.12,NO_FALL,,
2026-07-28 10:39:19.482,0.01,-0.02,1.0,0.06,0.0,0.12,NO_FALL,,
2026-07-28 10:39:19.541,0.01,-0.02,1.0,0.12,0.06,0.12,NO_FALL,,
2026-07-28 10:39:19.542,0.01,-0.02,1.0,0.12,0.06,0.12,NO_FALL,,
2026-07-28 10:39:19.542,0.02,-0.01,1.0,0.12,0.0,0.12,NO_FALL,,
2026-07-28 10:39:19.601,0.02,-0.01,1.0,0.12,0.0,0.12,NO_FALL,,
2026-07-28 10:39:19.602,0.02,-0.02,1.0,0.12,-0.06,0.12,NO_FALL,,
2026-07-28 10:39:19.602,0.02,-0.02,1.0,0.12,-0.06,0.12,NO_FALL,,
2026-07-28 10:39:19.661,0.01,-0.02,1.0,0.12,-0.06,0.12,NO_FALL,,
2026-07-28 10:39:19.662,0.01,-0.02,1.0,0.12,-0.06,0.12,NO_FALL,,
2026-07-28 10:39:19.721,0.02,-0.02,1.0,0.12,-0.06,0.18,NO_FALL,,
2026-07-28 10:39:19.722,0.01,-0.01,1.0,0.12,0.0,0.24,NO_FALL,,
2026-07-28 10:39:19.723,0.01,-0.01,1.0,0.12,0.0,0.24,NO_FALL,,
2026-07-28 10:39:19.781,0.01,-0.02,1.0,0.12,0.0,0.18,NO_FALL,,
2026-07-28 10:39:19.782,0.01,-0.02,1.0,0.12,0.0,0.18,NO_FALL,,
2026-07-28 10:39:19.782,0.01,-0.02,1.0,0.06,0.0,0.12,NO_FALL,,
2026-07-28 10:39:19.841,0.01,-0.02,1.0,0.06,0.0,0.12,NO_FALL,,
2026-07-28 10:39:19.842,0.01,-0.02,1.0,0.06,-0.06,0.12,NO_FALL,,
2026-07-28 10:39:19.842,0.01,-0.02,1.0,0.06,-0.06,0.12,NO_FALL,,
2026-07-28 10:39:19.901,0.01,-0.02,1.0,0.12,-0.06,0.12,NO_FALL,,
2026-07-28 10:39:19.902,0.01,-0.02,1.0,0.12,-0.06,0.12,NO_FALL,,
2026-07-28 10:39:19.961,0.01,-0.02,1.0,0.12,-0.06,0.18,NO_FALL,,
2026-07-28 10:39:19.962,0.01,-0.02,1.0,0.12,-0.06,0.18,NO_FALL,,
2026-07-28 10:39:19.963,0.01,-0.02,1.0,0.12,-0.06,0.18,NO_FALL,,
2026-07-28 10:39:20.021,0.01,-0.02,1.0,0.06,-0.12,0.18,NO_FALL,,
2026-07-28 10:39:20.022,0.01,-0.02,1.0,0.06,-0.12,0.18,NO_FALL,,
2026-07-28 10:39:20.023,0.01,-0.02,1.0,0.06,-0.12,0.12,NO_FALL,,
2026-07-28 10:39:20.081,0.01,-0.02,1.0,0.06,-0.12,0.12,NO_FALL,,
2026-07-28 10:39:20.082,0.01,-0.02,1.0,0.18,-0.06,0.18,NO_FALL,,
2026-07-28 10:39:20.083,0.01,-0.02,1.0,0.18,-0.06,0.18,NO_FALL,,
2026-07-28 10:39:20.141,0.02,-0.01,1.0,0.18,0.0,0.18,NO_FALL,,
2026-07-28 10:39:20.142,0.02,-0.01,1.0,0.18,0.0,0.18,NO_FALL,,
2026-07-28 10:39:20.143,0.02,-0.02,1.0,0.12,0.0,0.18,NO_FALL,,
2026-07-28 10:39:20.201,0.02,-0.02,1.0,0.12,0.0,0.18,NO_FALL,,
2026-07-28 10:39:20.202,0.02,-0.02,1.0,0.06,-0.06,0.18,NO_FALL,,
2026-07-28 10:39:20.261,0.02,-0.02,1.0,0.06,-0.06,0.18,NO_FALL,,
2026-07-28 10:39:20.262,0.02,-0.02,1.0,0.06,-0.06,0.18,NO_FALL,,
2026-07-28 10:39:20.263,0.02,-0.02,1.0,0.12,-0.06,0.18,NO_FALL,,
2026-07-28 10:39:20.321,0.02,-0.02,1.0,0.12,-0.06,0.18,NO_FALL,,
2026-07-28 10:39:20.322,0.02,-0.02,1.0,0.12,0.0,0.12,NO_FALL,,
2026-07-28 10:39:20.323,0.02,-0.02,1.0,0.12,0.0,0.12,NO_FALL,,
2026-07-28 10:39:20.386,0.02,-0.02,1.0,0.12,-0.06,0.12,NO_FALL,,
2026-07-28 10:39:20.386,0.02,-0.02,1.0,0.12,-0.06,0.12,NO_FALL,,
2026-07-28 10:39:20.386,0.01,-0.02,1.0,0.06,-0.06,0.12,NO_FALL,,
2026-07-28 10:39:20.441,0.01,-0.02,1.0,0.06,-0.06,0.12,NO_FALL,,
2026-07-28 10:39:20.442,0.01,-0.02,1.0,0.12,-0.06,0.18,NO_FALL,,
2026-07-28 10:39:20.501,0.01,-0.02,1.0,0.18,-0.06,0.18,NO_FALL,,
2026-07-28 10:39:20.502,0.01,-0.02,1.0,0.18,-0.06,0.18,NO_FALL,,
2026-07-28 10:39:20.503,0.01,-0.02,1.0,0.24,0.0,0.12,NO_FALL,,
2026-07-28 10:39:20.561,0.01,-0.02,1.0,0.24,0.0,0.12,NO_FALL,,
2026-07-28 10:39:20.562,0.01,-0.02,1.0,0.18,0.06,0.12,NO_FALL,,
2026-07-28 10:39:20.563,0.01,-0.02,1.0,0.18,0.06,0.12,NO_FALL,,
2026-07-28 10:39:20.621,0.01,-0.02,1.0,0.12,0.0,0.12,NO_FALL,,
2026-07-28 10:39:20.622,0.01,-0.02,1.0,0.12,0.0,0.12,NO_FALL,,
2026-07-28 10:39:20.622,0.02,-0.02,1.0,0.06,-0.12,0.12,NO_FALL,,
2026-07-28 10:39:20.681,0.02,-0.02,1.0,0.06,-0.12,0.12,NO_FALL,,
2026-07-28 10:39:20.682,0.02,-0.02,1.0,0.12,-0.12,0.12,NO_FALL,,
2026-07-28 10:39:20.741,0.02,-0.02,1.0,0.18,-0.06,0.12,NO_FALL,,
2026-07-28 10:39:20.742,0.02,-0.02,1.0,0.18,-0.06,0.12,NO_FALL,,
2026-07-28 10:39:20.743,0.01,-0.02,1.0,0.12,-0.06,0.12,NO_FALL,,
2026-07-28 10:39:20.802,0.01,-0.02,1.0,0.12,-0.06,0.12,NO_FALL,,
2026-07-28 10:39:20.802,0.01,-0.02,1.0,0.12,-0.12,0.12,NO_FALL,,
2026-07-28 10:39:20.803,0.01,-0.02,1.0,0.12,-0.12,0.12,NO_FALL,,
2026-07-28 10:39:20.862,0.01,-0.02,1.0,0.06,-0.12,0.12,NO_FALL,,
2026-07-28 10:39:20.862,0.01,-0.02,1.0,0.06,-0.12,0.12,NO_FALL,,
2026-07-28 10:39:20.863,0.01,-0.02,1.0,0.12,0.0,0.12,NO_FALL,,
2026-07-28 10:39:20.921,0.01,-0.02,1.0,0.12,0.0,0.12,NO_FALL,,
2026-07-28 10:39:20.922,0.01,-0.02,1.0,0.18,0.06,0.12,NO_FALL,,
2026-07-28 10:39:20.923,0.01,-0.02,1.0,0.18,0.06,0.12,NO_FALL,,
2026-07-28 10:39:20.981,0.01,-0.02,1.0,0.18,0.0,0.12,NO_FALL,,
2026-07-28 10:39:20.982,0.01,-0.02,1.0,0.12,-0.06,0.12,NO_FALL,,
2026-07-28 10:39:21.041,0.01,-0.02,1.0,0.12,-0.06,0.12,NO_FALL,,
2026-07-28 10:39:21.042,0.01,-0.02,1.0,0.12,-0.06,0.12,NO_FALL,,
2026-07-28 10:39:21.043,0.01,-0.02,1.0,0.12,-0.06,0.12,NO_FALL,,
2026-07-28 10:39:21.102,0.01,-0.02,1.0,0.12,-0.06,0.18,NO_FALL,,
2026-07-28 10:39:21.102,0.01,-0.02,1.0,0.12,-0.06,0.18,NO_FALL,,
2026-07-28 10:39:21.103,0.01,-0.02,1.0,0.18,0.0,0.18,NO_FALL,,
2026-07-28 10:39:21.161,0.01,-0.02,1.0,0.18,0.0,0.18,NO_FALL,,
2026-07-28 10:39:21.162,0.01,-0.02,1.0,0.12,0.0,0.18,NO_FALL,,
2026-07-28 10:39:21.162,0.01,-0.02,1.0,0.12,0.0,0.18,NO_FALL,,
2026-07-28 10:39:21.221,0.02,-0.02,1.0,0.12,-0.06,0.18,NO_FALL,,
2026-07-28 10:39:21.222,0.02,-0.02,1.0,0.12,-0.12,0.18,NO_FALL,,
2026-07-28 10:39:21.281,0.02,-0.02,1.0,0.12,-0.12,0.18,NO_FALL,,
2026-07-28 10:39:21.282,0.02,-0.02,1.0,0.06,-0.12,0.12,NO_FALL,,
2026-07-28 10:39:21.283,0.02,-0.02,1.0,0.06,-0.12,0.12,NO_FALL,,
2026-07-28 10:39:21.341,0.01,-0.02,1.0,0.12,0.0,0.12,NO_FALL,,
2026-07-28 10:39:21.342,0.01,-0.02,1.0,0.12,0.0,0.12,NO_FALL,,
2026-07-28 10:39:21.342,0.01,-0.02,1.0,0.12,0.0,0.18,NO_FALL,,
2026-07-28 10:39:21.401,0.01,-0.02,1.0,0.12,-0.06,0.18,NO_FALL,,
2026-07-28 10:39:21.402,0.01,-0.02,1.0,0.12,-0.06,0.18,NO_FALL,,
2026-07-28 10:39:21.461,0.01,-0.02,1.0,0.12,-0.06,0.18,NO_FALL,,
2026-07-28 10:39:21.462,0.01,-0.02,1.0,0.12,-0.06,0.18,NO_FALL,,
2026-07-28 10:39:21.462,0.01,-0.02,1.0,0.12,-0.06,0.18,NO_FALL,,
2026-07-28 10:39:21.522,0.01,-0.02,1.0,0.12,-0.06,0.18,NO_FALL,,
2026-07-28 10:39:21.522,0.01,-0.02,1.0,0.18,0.0,0.12,NO_FALL,,
2026-07-28 10:39:21.523,0.01,-0.02,1.0,0.18,0.0,0.12,NO_FALL,,
2026-07-28 10:39:21.581,0.02,-0.02,1.0,0.12,-0.06,0.12,NO_FALL,,
2026-07-28 10:39:21.582,0.02,-0.02,1.0,0.12,-0.06,0.12,NO_FALL,,
2026-07-28 10:39:21.583,0.02,-0.02,1.0,0.12,-0.06,0.12,NO_FALL,,
2026-07-28 10:39:21.642,0.02,-0.02,1.0,0.18,-0.06,0.18,NO_FALL,,
2026-07-28 10:39:21.642,0.02,-0.02,1.0,0.18,-0.06,0.18,NO_FALL,,
2026-07-28 10:39:21.701,0.01,-0.02,1.0,0.12,-0.06,0.18,NO_FALL,,
2026-07-28 10:39:21.703,0.01,-0.02,1.0,0.12,-0.06,0.18,NO_FALL,,
2026-07-28 10:39:21.704,0.01,-0.02,1.0,0.12,-0.06,0.18,NO_FALL,,
2026-07-28 10:39:21.761,0.01,-0.02,1.0,0.12,-0.06,0.18,NO_FALL,,
2026-07-28 10:39:21.762,0.01,-0.02,1.0,0.12,0.0,0.18,NO_FALL,,
2026-07-28 10:39:21.763,0.01,-0.02,1.0,0.12,0.0,0.18,NO_FALL,,
2026-07-28 10:39:21.842,0.01,-0.02,1.0,0.12,0.0,0.12,NO_FALL,,
2026-07-28 10:39:21.842,0.01,-0.02,1.0,0.12,0.0,0.12,NO_FALL,,
2026-07-28 10:39:21.845,0.01,-0.02,1.0,0.12,-0.06,0.18,NO_FALL,,
2026-07-28 10:39:21.882,0.01,-0.02,1.0,0.12,-0.06,0.18,NO_FALL,,
2026-07-28 10:39:21.882,0.01,-0.02,1.0,0.12,0.0,0.18,NO_FALL,,
2026-07-28 10:39:21.941,0.01,-0.02,1.0,0.12,0.0,0.12,NO_FALL,,
2026-07-28 10:39:21.942,0.01,-0.02,1.0,0.12,0.0,0.12,NO_FALL,,
2026-07-28 10:39:21.943,0.02,-0.02,1.0,0.12,0.0,0.18,NO_FALL,,
2026-07-28 10:39:21.943,0.02,-0.02,1.0,0.12,0.0,0.18,NO_FALL,,
2026-07-28 10:39:22.001,0.02,-0.02,1.0,0.12,-0.06,0.18,NO_FALL,,
2026-07-28 10:39:22.002,0.02,-0.02,1.0,0.12,-0.06,0.18,NO_FALL,,
2026-07-28 10:39:22.061,0.02,-0.02,1.0,0.06,-0.12,0.18,NO_FALL,,
2026-07-28 10:39:22.062,0.02,-0.02,1.0,0.06,-0.12,0.18,NO_FALL,,
2026-07-28 10:39:22.063,0.02,-0.02,1.0,0.12,-0.06,0.18,NO_FALL,,
2026-07-28 10:39:22.121,0.02,-0.02,1.0,0.12,-0.06,0.18,NO_FALL,,
2026-07-28 10:39:22.122,0.01,-0.02,1.0,0.18,0.0,0.18,NO_FALL,,
2026-07-28 10:39:22.122,0.01,-0.02,1.0,0.12,-0.06,0.18,NO_FALL,,
2026-07-28 10:39:22.181,0.01,-0.02,1.0,0.12,-0.06,0.18,NO_FALL,,
2026-07-28 10:39:22.182,0.01,-0.02,1.0,0.06,-0.12,0.12,NO_FALL,,
2026-07-28 10:39:22.183,0.01,-0.02,1.0,0.06,-0.12,0.12,NO_FALL,,
2026-07-28 10:39:22.241,0.01,-0.02,1.0,0.06,-0.12,0.12,NO_FALL,,
2026-07-28 10:39:22.242,0.01,-0.02,1.0,0.06,-0.12,0.12,NO_FALL,,
2026-07-28 10:39:22.301,0.01,-0.02,1.0,0.18,0.0,0.12,NO_FALL,,
2026-07-28 10:39:22.302,0.01,-0.02,1.0,0.18,0.0,0.12,NO_FALL,,
2026-07-28 10:39:22.303,0.01,-0.02,1.0,0.18,0.06,0.18,NO_FALL,,
2026-07-28 10:39:22.362,0.01,-0.02,1.0,0.18,0.06,0.18,NO_FALL,,
2026-07-28 10:39:22.362,0.01,-0.02,1.0,0.12,0.0,0.18,NO_FALL,,
2026-07-28 10:39:22.362,0.01,-0.02,1.0,0.06,-0.06,0.18,NO_FALL,,
2026-07-28 10:39:22.421,0.01,-0.02,1.0,0.06,-0.06,0.18,NO_FALL,,
2026-07-28 10:39:22.422,0.01,-0.02,1.0,0.12,-0.06,0.12,NO_FALL,,
2026-07-28 10:39:22.422,0.01,-0.02,1.0,0.12,-0.06,0.12,NO_FALL,,
2026-07-28 10:39:22.481,0.01,-0.02,1.0,0.12,0.0,0.12,NO_FALL,,
2026-07-28 10:39:22.482,0.01,-0.02,1.0,0.12,0.0,0.12,NO_FALL,,
2026-07-28 10:39:22.541,0.01,-0.02,1.0,0.12,0.0,0.18,NO_FALL,,
2026-07-28 10:39:22.542,0.01,-0.02,1.0,0.12,0.0,0.18,NO_FALL,,
2026-07-28 10:39:22.542,0.01,-0.02,1.0,0.12,0.0,0.18,NO_FALL,,
2026-07-28 10:39:22.601,0.01,-0.02,1.0,0.12,0.0,0.18,NO_FALL,,
2026-07-28 10:39:22.602,0.01,-0.02,1.0,0.12,-0.06,0.18,NO_FALL,,
2026-07-28 10:39:22.603,0.01,-0.02,1.0,0.12,-0.06,0.12,NO_FALL,,
2026-07-28 10:39:22.661,0.01,-0.02,1.0,0.12,-0.06,0.12,NO_FALL,,
2026-07-28 10:39:22.662,0.01,-0.02,1.0,0.12,-0.06,0.12,NO_FALL,,
2026-07-28 10:39:22.662,0.01,-0.02,1.0,0.12,-0.06,0.12,NO_FALL,,
2026-07-28 10:39:22.721,0.01,-0.02,1.0,0.12,0.0,0.12,NO_FALL,,
2026-07-28 10:39:22.722,0.01,-0.02,1.0,0.12,0.0,0.12,NO_FALL,,
2026-07-28 10:39:22.781,0.01,-0.02,1.0,0.12,-0.06,0.12,NO_FALL,,
2026-07-28 10:39:22.782,0.01,-0.02,1.0,0.12,-0.06,0.12,NO_FALL,,
2026-07-28 10:39:22.782,0.02,-0.02,1.0,0.12,-0.06,0.18,NO_FALL,,
2026-07-28 10:39:22.841,0.02,-0.02,1.0,0.12,-0.06,0.18,NO_FALL,,
2026-07-28 10:39:22.842,0.02,-0.02,1.0,0.12,-0.06,0.18,NO_FALL,,
2026-07-28 10:39:22.843,0.02,-0.02,1.0,0.12,-0.06,0.18,NO_FALL,,
2026-07-28 10:39:22.901,0.02,-0.02,1.0,0.12,-0.06,0.18,NO_FALL,,
2026-07-28 10:39:22.902,0.01,-0.02,1.0,0.12,-0.06,0.12,NO_FALL,,
2026-07-28 10:39:22.903,0.01,-0.02,1.0,0.12,-0.06,0.12,NO_FALL,,
2026-07-28 10:39:22.961,0.01,-0.02,1.0,0.12,-0.06,0.12,NO_FALL,,
2026-07-28 10:39:22.962,0.01,-0.02,1.0,0.12,-0.06,0.12,NO_FALL,,
2026-07-28 10:39:22.963,0.01,-0.02,1.0,0.12,-0.06,0.12,NO_FALL,,
2026-07-28 10:39:23.022,0.01,-0.02,1.0,0.12,-0.06,0.12,NO_FALL,,
2026-07-28 10:39:23.022,0.01,-0.02,1.0,0.12,-0.06,0.12,NO_FALL,,
2026-07-28 10:39:23.023,0.01,-0.02,1.0,0.12,-0.06,0.12,NO_FALL,,
2026-07-28 10:39:23.081,0.01,-0.02,1.0,0.12,-0.06,0.12,NO_FALL,,
2026-07-28 10:39:23.082,0.01,-0.02,1.0,0.12,-0.06,0.12,NO_FALL,,
2026-07-28 10:39:23.141,0.01,-0.02,1.0,0.12,-0.06,0.12,NO_FALL,,
2026-07-28 10:39:23.142,0.01,-0.02,1.0,0.12,-0.06,0.18,NO_FALL,,
2026-07-28 10:39:23.142,0.01,-0.02,1.0,0.12,-0.06,0.18,NO_FALL,,
2026-07-28 10:39:23.201,0.01,-0.02,1.0,0.12,-0.06,0.18,NO_FALL,,
2026-07-28 10:39:23.202,0.01,-0.02,1.0,0.12,-0.06,0.18,NO_FALL,,
2026-07-28 10:39:23.203,0.01,-0.02,1.0,0.12,-0.06,0.18,NO_FALL,,
2026-07-28 10:39:23.261,0.01,-0.02,1.0,0.12,-0.06,0.18,NO_FALL,,
2026-07-28 10:39:23.262,0.01,-0.02,1.0,0.12,0.0,0.18,NO_FALL,,
2026-07-28 10:39:23.262,0.01,-0.02,1.0,0.12,0.0,0.18,NO_FALL,,
2026-07-28 10:39:23.321,0.01,-0.02,1.0,0.18,0.06,0.18,NO_FALL,,
2026-07-28 10:39:23.322,0.01,-0.02,1.0,0.12,0.0,0.18,NO_FALL,,
2026-07-28 10:39:23.381,0.01,-0.02,1.0,0.12,0.0,0.18,NO_FALL,,
2026-07-28 10:39:23.382,0.01,-0.02,1.0,0.12,-0.12,0.18,NO_FALL,,
2026-07-28 10:39:23.382,0.01,-0.02,1.0,0.12,-0.12,0.18,NO_FALL,,
2026-07-28 10:39:23.441,0.01,-0.02,1.0,0.12,-0.12,0.18,NO_FALL,,
2026-07-28 10:39:23.442,0.01,-0.02,1.0,0.12,-0.12,0.18,NO_FALL,,
2026-07-28 10:39:23.501,0.01,-0.02,1.0,0.12,-0.06,0.12,NO_FALL,,
2026-07-28 10:39:23.502,0.01,-0.02,1.0,0.12,-0.06,0.12,NO_FALL,,
2026-07-28 10:39:23.502,0.01,-0.02,1.0,0.18,0.0,0.18,NO_FALL,,
2026-07-28 10:39:23.503,0.01,-0.02,1.0,0.18,0.0,0.18,NO_FALL,,
2026-07-28 10:39:23.561,0.01,-0.02,1.0,0.12,-0.06,0.18,NO_FALL,,
2026-07-28 10:39:23.562,0.02,-0.02,1.0,0.12,-0.06,0.18,NO_FALL,,
2026-07-28 10:39:23.621,0.02,-0.02,1.0,0.12,-0.06,0.18,NO_FALL,,
2026-07-28 10:39:23.622,0.01,-0.02,1.0,0.12,-0.06,0.18,NO_FALL,,
2026-07-28 10:39:23.622,0.01,-0.02,1.0,0.12,-0.06,0.18,NO_FALL,,
2026-07-28 10:39:23.682,0.01,-0.02,1.0,0.12,0.0,0.18,NO_FALL,,
2026-07-28 10:39:23.682,0.01,-0.02,1.0,0.12,0.0,0.18,NO_FALL,,
2026-07-28 10:39:23.683,0.01,-0.02,1.0,0.24,0.06,0.18,NO_FALL,,
2026-07-28 10:39:23.741,0.01,-0.02,1.0,0.24,0.06,0.18,NO_FALL,,
2026-07-28 10:39:23.742,0.01,-0.02,1.0,0.31,0.12,0.18,NO_FALL,,
2026-07-28 10:39:23.743,0.01,-0.02,1.0,0.31,0.12,0.18,NO_FALL,,
2026-07-28 10:39:23.802,0.01,-0.02,1.01,0.43,0.24,0.18,NO_FALL,,
2026-07-28 10:39:23.802,0.01,-0.02,1.01,0.43,0.24,0.18,NO_FALL,,
2026-07-28 10:39:23.803,0.01,-0.02,1.01,0.43,0.24,0.18,NO_FALL,,
2026-07-28 10:39:23.862,0.01,-0.02,1.01,0.43,0.24,0.18,NO_FALL,,
2026-07-28 10:39:23.862,0.01,-0.02,1.0,0.85,0.85,0.24,NO_FALL,,
2026-07-28 10:39:23.922,0.01,-0.02,1.0,0.85,0.85,0.24,NO_FALL,,
2026-07-28 10:39:23.922,0.01,-0.01,0.99,0.79,0.85,0.24,NO_FALL,,
2026-07-28 10:39:23.923,0.01,-0.01,1.0,0.49,0.49,0.18,NO_FALL,,
2026-07-28 10:39:23.982,0.01,-0.01,1.0,0.49,0.49,0.18,NO_FALL,,
2026-07-28 10:39:23.982,0.01,-0.02,1.0,0.18,0.12,0.18,NO_FALL,,
2026-07-28 10:39:23.983,0.01,-0.02,1.0,0.18,0.12,0.18,NO_FALL,,
2026-07-28 10:39:24.041,0.01,-0.02,1.0,0.06,-0.06,0.18,NO_FALL,,
2026-07-28 10:39:24.042,0.01,-0.02,1.0,0.06,-0.06,0.18,NO_FALL,,
2026-07-28 10:39:24.101,0.01,-0.02,1.0,0.12,-0.06,0.18,NO_FALL,,
2026-07-28 10:39:24.103,0.01,-0.02,1.0,0.12,-0.06,0.18,NO_FALL,,
2026-07-28 10:39:24.103,0.01,-0.02,1.0,0.12,0.0,0.18,NO_FALL,,
2026-07-28 10:39:24.104,0.01,-0.02,1.0,0.12,0.0,0.18,NO_FALL,,
2026-07-28 10:39:24.162,0.01,-0.02,1.0,0.12,0.0,0.18,NO_FALL,,
2026-07-28 10:39:24.162,0.01,-0.02,1.0,0.12,0.0,0.18,NO_FALL,,
2026-07-28 10:39:24.222,-0.15,0.07,1.0,-0.06,-0.24,6.65,NO_FALL,,
2026-07-28 10:39:24.222,-0.15,0.07,1.0,-0.06,-0.24,6.65,NO_FALL,,
2026-07-28 10:39:24.223,-0.2,0.17,1.02,-0.37,-0.61,34.36,NO_FALL,,
2026-07-28 10:39:24.281,-0.05,0.19,1.08,10.13,-8.85,77.15,NO_FALL,,
2026-07-28 10:39:24.282,-0.05,0.19,1.08,10.13,-8.85,77.15,NO_FALL,,
2026-07-28 10:39:24.283,0.04,0.22,1.11,47.73,-44.31,112.92,NO_FALL,,
2026-07-28 10:39:24.341,0.04,0.22,1.11,47.73,-44.31,112.92,NO_FALL,,
2026-07-28 10:39:24.342,0.11,0.32,1.11,98.27,-93.87,122.99,NO_FALL,,
2026-07-28 10:39:24.342,0.11,0.32,1.11,98.27,-93.87,122.99,NO_FALL,,
2026-07-28 10:39:24.402,0.28,0.32,1.24,136.47,-105.65,99.06,NO_FALL,,
2026-07-28 10:39:24.402,0.28,0.32,1.24,142.15,-65.12,56.15,NO_FALL,,
2026-07-28 10:39:24.462,0.45,0.18,1.39,142.15,-65.12,56.15,NO_FALL,,
2026-07-28 10:39:24.462,0.56,0.09,1.39,99.67,-24.6,48.16,NO_FALL,,
2026-07-28 10:39:24.463,0.56,0.09,1.39,99.67,-24.6,48.16,NO_FALL,,
2026-07-28 10:39:24.521,0.64,0.12,1.33,14.83,-29.54,122.74,NO_FALL,,
2026-07-28 10:39:24.522,0.64,0.12,1.33,14.83,-29.54,122.74,NO_FALL,,
2026-07-28 10:39:24.581,0.66,0.18,1.24,-70.13,-65.61,192.75,NO_FALL,,
2026-07-28 10:39:24.582,0.59,0.17,1.06,-119.75,-96.25,162.35,NO_FALL,,
2026-07-28 10:39:24.583,0.59,0.17,1.06,-119.75,-96.25,162.35,NO_FALL,,
2026-07-28 10:39:24.642,0.55,0.06,0.87,-142.82,-109.07,102.05,NO_FALL,,
2026-07-28 10:39:24.642,0.55,0.06,0.87,-142.82,-109.07,102.05,NO_FALL,,
2026-07-28 10:39:24.643,0.51,-0.11,0.74,-136.66,-107.79,85.14,NO_FALL,,
2026-07-28 10:39:24.702,0.51,-0.11,0.74,-136.66,-107.79,85.14,NO_FALL,,
2026-07-28 10:39:24.702,0.44,-0.3,0.65,-104.74,-89.84,90.94,NO_FALL,,
2026-07-28 10:39:24.761,0.38,-0.35,0.58,-80.2,-53.16,99.37,NO_FALL,,
2026-07-28 10:39:24.762,0.38,-0.35,0.58,-80.2,-53.16,99.37,NO_FALL,,
2026-07-28 10:39:24.763,0.33,-0.34,0.5,-80.26,-14.59,96.8,NO_FALL,,
2026-07-28 10:39:24.821,0.33,-0.34,0.5,-80.26,-14.59,96.8,NO_FALL,,
2026-07-28 10:39:24.822,0.32,-0.31,0.39,-81.3,-4.27,60.67,NO_FALL,,
2026-07-28 10:39:24.823,0.32,-0.31,0.39,-81.3,-4.27,60.67,NO_FALL,,
2026-07-28 10:39:24.882,0.38,-0.25,0.33,-34.48,-19.1,5.49,NO_FALL,,
2026-07-28 10:39:24.882,0.45,-0.19,0.4,57.43,-15.93,-23.13,NO_FALL,,
2026-07-28 10:39:24.942,0.45,-0.19,0.4,57.43,-15.93,-23.13,NO_FALL,,
2026-07-28 10:39:24.942,0.41,-0.13,0.53,105.96,25.63,-8.24,NO_FALL,,
2026-07-28 10:39:24.943,0.41,-0.13,0.53,105.96,25.63,-8.24,NO_FALL,,
2026-07-28 10:39:25.001,0.35,-0.16,0.59,62.68,59.57,19.41,NO_FALL,,
2026-07-28 10:39:25.002,0.35,-0.16,0.59,62.68,59.57,19.41,NO_FALL,,
2026-07-28 10:39:25.061,0.37,-0.28,0.62,-9.89,41.5,26.12,NO_FALL,,
2026-07-28 10:39:25.062,0.45,-0.47,0.67,-57.98,9.77,23.13,NO_FALL,,
2026-07-28 10:39:25.063,0.45,-0.47,0.67,-57.98,9.77,23.13,NO_FALL,,
2026-07-28 10:39:25.122,0.51,-0.66,0.74,-73.91,16.05,23.8,NO_FALL,,
2026-07-28 10:39:25.122,0.51,-0.66,0.74,-73.91,16.05,23.8,NO_FALL,,
2026-07-28 10:39:25.123,0.53,-0.69,0.8,-40.22,51.03,14.89,NO_FALL,,
2026-07-28 10:39:25.182,0.53,-0.69,0.8,-40.22,51.03,14.89,NO_FALL,,
2026-07-28 10:39:25.182,0.48,-0.54,0.82,21.36,76.42,3.17,NO_FALL,,
2026-07-28 10:39:25.241,0.42,-0.35,0.77,36.99,61.58,7.14,NO_FALL,,
2026-07-28 10:39:25.242,0.42,-0.35,0.77,36.99,61.58,7.14,NO_FALL,,
2026-07-28 10:39:25.242,0.36,-0.21,0.68,9.03,24.9,20.94,NO_FALL,,
2026-07-28 10:39:25.301,0.36,-0.21,0.68,9.03,24.9,20.94,NO_FALL,,
2026-07-28 10:39:25.302,0.31,-0.13,0.55,-0.85,4.21,29.17,NO_FALL,,
2026-07-28 10:39:25.303,0.31,-0.13,0.55,-0.85,4.21,29.17,NO_FALL,,
2026-07-28 10:39:25.361,0.27,-0.09,0.39,21.91,0.92,31.37,NO_FALL,,
2026-07-28 10:39:25.362,0.17,-0.04,0.19,47.73,5.92,52.67,NO_FALL,,
2026-07-28 10:39:25.422,0.17,-0.04,0.19,47.73,5.92,52.67,NO_FALL,,
2026-07-28 10:39:25.422,0.05,0.0,0.01,38.09,16.85,101.87,NO_FALL,,
2026-07-28 10:39:25.423,0.05,0.0,0.01,38.09,16.85,101.87,NO_FALL,,
2026-07-28 10:39:25.481,-0.01,0.01,-0.04,3.85,26.92,143.07,NO_FALL,,
2026-07-28 10:39:25.482,-0.01,0.01,-0.04,3.85,26.92,143.07,NO_FALL,,
2026-07-28 10:39:25.483,-0.01,-0.0,-0.02,-19.78,30.27,155.76,NO_FALL,,
2026-07-28 10:39:25.541,-0.19,-0.27,0.38,-10.31,36.5,153.2,NO_FALL,,
2026-07-28 10:39:25.542,-0.19,-0.27,0.38,-10.31,36.5,153.2,NO_FALL,,
2026-07-28 10:39:25.601,-0.44,-0.43,0.85,225.22,47.06,128.05,NO_FALL,,
2026-07-28 10:39:25.602,-0.44,-0.43,0.85,225.22,47.06,128.05,NO_FALL,,
2026-07-28 10:39:25.603,-0.24,-0.01,0.71,661.19,-6.1,44.92,NO_FALL,,
2026-07-28 10:39:25.661,-0.24,-0.01,0.71,661.19,-6.1,44.92,NO_FALL,,
2026-07-28 10:39:25.662,-0.05,0.47,0.56,755.07,-77.76,-74.83,NO_FALL,,
2026-07-28 10:39:25.721,-0.07,0.59,0.74,350.77,-81.73,-106.2,NO_FALL,,
2026-07-28 10:39:25.722,-0.07,0.59,0.74,350.77,-81.73,-106.2,NO_FALL,,
2026-07-28 10:39:25.723,0.08,0.52,0.95,-128.17,-63.11,12.15,NO_FALL,,
2026-07-28 10:39:25.781,0.08,0.52,0.95,-128.17,-63.11,12.15,NO_FALL,,
2026-07-28 10:39:25.782,0.23,0.26,1.19,-398.5,-37.54,119.75,NO_FALL,,
2026-07-28 10:39:25.841,0.23,0.26,1.19,-398.5,-37.54,119.75,NO_FALL,,
2026-07-28 10:39:25.842,0.24,-0.01,1.35,-381.35,2.62,94.36,NO_FALL,,
2026-07-28 10:39:25.843,0.17,0.14,1.3,-130.98,22.64,16.3,NO_FALL,,
2026-07-28 10:39:25.902,0.17,0.14,1.3,-130.98,22.64,16.3,NO_FALL,,
2026-07-28 10:39:25.902,0.13,0.38,1.18,54.93,9.46,-26.61,NO_FALL,,
2026-07-28 10:39:25.903,0.13,0.38,1.18,54.93,9.46,-26.61,NO_FALL,,
2026-07-28 10:39:25.961,0.14,0.32,1.09,9.95,6.84,-29.48,NO_FALL,,
2026-07-28 10:39:25.962,0.14,0.32,1.09,9.95,6.84,-29.48,NO_FALL,,
2026-07-28 10:39:25.962,0.11,0.06,1.02,-105.41,37.78,-23.93,NO_FALL,,
2026-07-28 10:39:26.021,0.04,-0.12,0.99,-139.53,70.01,-21.91,NO_FALL,,
2026-07-28 10:39:26.022,0.04,-0.12,0.99,-139.53,70.01,-21.91,NO_FALL,,
2026-07-28 10:39:26.082,-0.04,-0.14,1.01,-95.4,66.96,-19.53,NO_FALL,,
2026-07-28 10:39:26.082,-0.04,-0.14,1.01,-95.4,66.96,-19.53,NO_FALL,,
2026-07-28 10:39:26.083,-0.03,-0.19,1.03,-50.6,33.57,-18.13,NO_FALL,,
2026-07-28 10:39:26.142,-0.03,-0.19,1.03,-50.6,33.57,-18.13,NO_FALL,,
2026-07-28 10:39:26.142,0.05,-0.2,1.04,-32.23,14.1,-24.54,NO_FALL,,
2026-07-28 10:39:26.143,0.05,-0.2,1.04,-15.14,25.76,-52.12,NO_FALL,,
2026-07-28 10:39:26.201,0.09,-0.09,1.08,-15.14,25.76,-52.12,NO_FALL,,
2026-07-28 10:39:26.202,0.04,-0.2,1.27,8.06,26.67,-127.08,NO_FALL,,
2026-07-28 10:39:26.261,0.04,-0.2,1.27,8.06,26.67,-127.08,NO_FALL,,
2026-07-28 10:39:26.262,-0.03,-0.4,1.4,29.6,-18.68,-155.27,NO_FALL,,
2026-07-28 10:39:26.263,-0.03,-0.4,1.4,29.6,-18.68,-155.27,NO_FALL,,
2026-07-28 10:39:26.322,-0.03,-0.39,1.31,17.09,-74.58,-70.31,NO_FALL,,
2026-07-28 10:39:26.322,-0.03,-0.39,1.31,-25.88,-86.85,18.74,NO_FALL,,
2026-07-28 10:39:26.323,0.08,-0.27,1.2,-25.88,-86.85,18.74,NO_FALL,,
2026-07-28 10:39:26.382,0.18,-0.2,1.13,-45.29,-70.37,40.89,NO_FALL,,
2026-07-28 10:39:26.382,0.18,-0.2,1.13,-45.29,-70.37,40.89,NO_FALL,,
2026-07-28 10:39:26.442,0.21,-0.22,1.04,-41.5,-52.8,19.23,NO_FALL,,
2026-07-28 10:39:26.442,0.21,-0.22,1.04,-41.5,-52.8,19.23,NO_FALL,,
2026-07-28 10:39:26.443,0.22,-0.26,1.01,-57.5,-32.41,6.29,NO_FALL,,
2026-07-28 10:39:26.501,0.22,-0.26,1.01,-57.5,-32.41,6.29,NO_FALL,,
2026-07-28 10:39:26.502,0.23,-0.32,1.01,-82.89,-15.81,10.68,NO_FALL,,
2026-07-28 10:39:26.562,0.23,-0.33,0.95,-84.47,-17.7,13.92,NO_FALL,,
2026-07-28 10:39:26.562,0.23,-0.33,0.95,-84.47,-17.7,13.92,NO_FALL,,
2026-07-28 10:39:26.563,0.24,-0.31,0.84,-69.15,-32.84,14.59,NO_FALL,,
2026-07-28 10:39:26.622,0.24,-0.31,0.84,-69.15,-32.84,14.59,NO_FALL,,
2026-07-28 10:39:26.622,0.26,-0.29,0.74,-50.9,-46.57,12.82,NO_FALL,,
2026-07-28 10:39:26.623,0.26,-0.29,0.74,-50.9,-46.57,12.82,NO_FALL,,
2026-07-28 10:39:26.681,0.29,-0.29,0.67,-42.11,-51.57,10.13,NO_FALL,,
2026-07-28 10:39:26.682,0.31,-0.3,0.59,-44.13,-53.22,13.06,NO_FALL,,
2026-07-28 10:39:26.683,0.31,-0.3,0.59,-44.13,-53.22,13.06,NO_FALL,,
2026-07-28 10:39:26.741,0.27,-0.3,0.46,-42.79,-56.46,19.1,NO_FALL,,
2026-07-28 10:39:26.742,0.27,-0.3,0.46,-42.79,-56.46,19.1,NO_FALL,,
2026-07-28 10:39:26.801,0.22,-0.27,0.34,-28.81,-50.84,22.16,NO_FALL,,
2026-07-28 10:39:26.802,0.22,-0.27,0.34,-28.81,-50.84,22.16,NO_FALL,,
2026-07-28 10:39:26.802,0.19,-0.15,0.27,3.6,-34.97,15.99,NO_FALL,,
2026-07-28 10:39:26.862,0.12,-0.03,0.15,44.86,-21.55,-0.18,FALL,5,AUTO_FALL_LIKE
2026-07-28 10:39:26.862,0.12,-0.03,0.15,44.86,-21.55,-0.18,FALL,5,AUTO_FALL_LIKE
2026-07-28 10:39:26.921,0.03,0.01,0.02,91.55,-12.7,-15.2,FALL,5,AUTO_FALL_LIKE
2026-07-28 10:39:26.922,0.03,0.01,0.02,91.55,-12.7,-15.2,FALL,5,AUTO_FALL_LIKE
2026-07-28 10:39:26.923,-0.01,0.01,-0.03,144.1,-6.71,-20.75,FALL,5,AUTO_FALL_LIKE
2026-07-28 10:39:26.981,-0.01,0.01,-0.03,144.1,-6.71,-20.75,FALL,5,AUTO_FALL_LIKE
2026-07-28 10:39:26.982,-0.0,-0.0,-0.02,175.84,-4.94,-18.86,FALL,5,AUTO_FALL_LIKE
2026-07-28 10:39:26.982,0.01,-0.0,0.01,177.43,-5.37,-14.53,FALL,5,AUTO_FALL_LIKE
2026-07-28 10:39:27.041,0.01,-0.0,0.01,177.43,-5.37,-14.53,FALL,5,AUTO_FALL_LIKE
2026-07-28 10:39:27.042,0.02,-0.0,0.02,168.15,-5.0,-11.35,FALL,5,AUTO_FALL_LIKE
2026-07-28 10:39:27.043,0.02,-0.0,0.02,168.15,-5.0,-11.35,FALL,5,AUTO_FALL_LIKE
2026-07-28 10:39:27.101,-0.06,0.27,0.62,154.3,20.69,-17.46,FALL,5,AUTO_FALL_LIKE
2026-07-28 10:39:27.102,-0.06,0.27,0.62,154.3,20.69,-17.46,FALL,5,AUTO_FALL_LIKE
2026-07-28 10:39:27.161,-0.05,0.42,1.4,-42.11,124.33,-63.48,FALL,5,AUTO_FALL_LIKE
2026-07-28 10:39:27.162,0.17,-0.11,1.1,-518.98,153.63,-108.52,FALL,5,AUTO_FALL_LIKE
2026-07-28 10:39:27.163,0.17,-0.11,1.1,-518.98,153.63,-108.52,FALL,5,AUTO_FALL_LIKE
2026-07-28 10:39:27.221,0.28,-0.94,0.16,-862.49,39.06,-99.0,FALL,5,AUTO_FALL_LIKE
2026-07-28 10:39:27.222,0.28,-0.94,0.16,-862.49,39.06,-99.0,FALL,5,AUTO_FALL_LIKE
2026-07-28 10:39:27.281,0.16,-1.29,-0.27,-599.0,-0.85,-90.88,FALL,5,AUTO_FALL_LIKE
2026-07-28 10:39:27.282,0.16,-1.29,-0.27,-599.0,-0.85,-90.88,FALL,5,AUTO_FALL_LIKE
2026-07-28 10:39:27.282,0.11,-1.01,0.03,115.11,47.0,-113.1,FALL,5,AUTO_FALL_LIKE
2026-07-28 10:39:27.341,0.41,-0.47,0.63,718.63,42.3,-153.2,FALL,5,AUTO_FALL_LIKE
2026-07-28 10:39:27.342,0.41,-0.47,0.63,718.63,42.3,-153.2,FALL,5,AUTO_FALL_LIKE
2026-07-28 10:39:27.401,0.55,0.11,0.95,900.51,57.25,-150.15,FALL,5,AUTO_FALL_LIKE
2026-07-28 10:39:27.402,0.55,0.11,0.95,900.51,57.25,-150.15,FALL,5,AUTO_FALL_LIKE
2026-07-28 10:39:27.403,0.35,0.55,0.86,730.16,103.64,-76.97,FALL,5,AUTO_FALL_LIKE
2026-07-28 10:39:27.461,0.25,0.75,0.7,473.57,75.62,-9.16,FALL,5,AUTO_FALL_LIKE
2026-07-28 10:39:27.462,0.25,0.75,0.7,473.57,75.62,-9.16,FALL,5,AUTO_FALL_LIKE
2026-07-28 10:39:27.522,0.27,0.97,0.36,365.42,22.58,20.39,FALL,5,AUTO_FALL_LIKE
2026-07-28 10:39:27.522,0.27,0.97,0.36,365.42,22.58,20.39,FALL,5,AUTO_FALL_LIKE
2026-07-28 10:39:27.523,0.31,1.12,0.09,319.21,0.73,28.02,FALL,5,AUTO_FALL_LIKE
2026-07-28 10:39:27.581,0.31,1.12,0.09,319.21,0.73,28.02,FALL,5,AUTO_FALL_LIKE
2026-07-28 10:39:27.582,0.31,1.02,0.15,177.31,9.4,10.56,FALL,5,AUTO_FALL_LIKE
2026-07-28 10:39:27.583,0.31,0.93,0.17,87.83,25.57,-9.83,FALL,5,AUTO_FALL_LIKE
2026-07-28 10:39:27.641,0.31,0.93,0.17,87.83,25.57,-9.83,FALL,5,AUTO_FALL_LIKE
2026-07-28 10:39:27.642,0.29,0.96,-0.15,171.26,8.67,8.54,FALL,5,AUTO_FALL_LIKE
2026-07-28 10:39:27.643,0.29,0.96,-0.15,171.26,8.67,8.54,FALL,5,AUTO_FALL_LIKE
2026-07-28 10:39:27.701,0.24,1.16,-0.41,231.45,-66.96,10.5,FALL,5,AUTO_FALL_LIKE
2026-07-28 10:39:27.702,0.24,1.16,-0.41,231.45,-66.96,10.5,FALL,5,AUTO_FALL_LIKE
2026-07-28 10:39:27.761,0.24,1.46,-0.34,126.65,-116.88,-52.61,FALL,5,AUTO_FALL_LIKE
2026-07-28 10:39:27.762,0.27,1.69,-0.18,-62.07,-45.9,-101.14,FALL,5,AUTO_FALL_LIKE
2026-07-28 10:39:27.763,0.27,1.69,-0.18,-62.07,-45.9,-101.14,FALL,5,AUTO_FALL_LIKE
2026-07-28 10:39:27.821,0.29,1.77,0.04,-227.84,67.87,-60.73,FALL,5,AUTO_FALL_LIKE
2026-07-28 10:39:27.822,0.29,1.77,0.04,-227.84,67.87,-60.73,FALL,5,AUTO_FALL_LIKE
2026-07-28 10:39:27.881,0.25,1.63,0.26,-278.26,85.39,30.15,FALL,5,AUTO_FALL_LIKE
2026-07-28 10:39:27.882,0.25,1.63,0.26,-278.26,85.39,30.15,FALL,5,AUTO_FALL_LIKE
2026-07-28 10:39:27.882,0.16,1.29,0.43,-267.58,24.17,95.46,FALL,5,AUTO_FALL_LIKE
2026-07-28 10:39:27.941,0.1,0.88,0.53,-302.0,-10.38,96.8,FALL,5,AUTO_FALL_LIKE
2026-07-28 10:39:27.942,0.1,0.88,0.53,-302.0,-10.38,96.8,FALL,5,AUTO_FALL_LIKE
2026-07-28 10:39:27.943,0.1,0.54,0.51,-350.1,-30.94,49.56,FALL,5,AUTO_FALL_LIKE
2026-07-28 10:39:28.002,0.1,0.54,0.51,-350.1,-30.94,49.56,FALL,5,AUTO_FALL_LIKE
2026-07-28 10:39:28.002,0.17,0.34,0.48,-360.96,-53.28,-5.92,FALL,5,AUTO_FALL_LIKE
2026-07-28 10:39:28.061,0.17,0.34,0.48,-360.96,-53.28,-5.92,FALL,5,AUTO_FALL_LIKE
2026-07-28 10:39:28.062,0.17,0.34,0.48,-360.96,-53.28,-5.92,FALL,5,AUTO_FALL_LIKE
2026-07-28 10:39:28.062,0.17,0.34,0.48,-360.96,-53.28,-5.92,FALL,5,AUTO_FALL_LIKE
2026-07-28 10:39:28.121,0.35,0.06,0.69,-261.84,-13.06,-8.67,FALL,5,AUTO_FALL_LIKE
2026-07-28 10:39:28.122,0.35,0.06,0.69,-175.23,-25.7,25.94,FALL,5,AUTO_FALL_LIKE
2026-07-28 10:39:28.122,0.37,-0.03,0.68,-175.23,-25.7,25.94,FALL,5,AUTO_FALL_LIKE
2026-07-28 10:39:28.181,0.4,-0.01,0.59,-108.7,-51.76,40.28,FALL,5,AUTO_FALL_LIKE
2026-07-28 10:39:28.182,0.4,-0.01,0.59,-108.7,-51.76,40.28,FALL,5,AUTO_FALL_LIKE
2026-07-28 10:39:28.242,0.41,0.01,0.56,-79.96,-49.01,37.84,FALL,5,AUTO_FALL_LIKE
2026-07-28 10:39:28.243,0.41,0.01,0.56,-79.96,-49.01,37.84,FALL,5,AUTO_FALL_LIKE
2026-07-28 10:39:28.243,0.38,-0.08,0.54,-59.2,-29.97,41.44,FALL,5,AUTO_FALL_LIKE
2026-07-28 10:39:28.301,0.38,-0.08,0.54,-59.2,-29.97,41.44,FALL,5,AUTO_FALL_LIKE
2026-07-28 10:39:28.302,0.38,-0.08,0.54,-59.2,-29.97,41.44,FALL,5,AUTO_FALL_LIKE
2026-07-28 10:39:28.303,0.38,-0.08,0.54,-59.2,-29.97,41.44,FALL,5,AUTO_FALL_LIKE
2026-07-28 10:39:28.421,0.34,-0.21,0.65,-1.28,41.32,39.49,FALL,5,AUTO_FALL_LIKE
2026-07-28 10:39:28.422,0.28,-0.09,0.81,3.97,91.37,24.54,FALL,5,AUTO_FALL_LIKE
2026-07-28 10:39:28.422,0.28,-0.09,0.81,3.97,91.37,24.54,FALL,5,AUTO_FALL_LIKE
2026-07-28 10:39:28.423,0.24,-0.03,0.86,-26.37,77.27,-5.13,FALL,5,AUTO_FALL_LIKE
2026-07-28 10:39:28.424,0.24,-0.03,0.86,-26.37,77.27,-5.13,FALL,5,AUTO_FALL_LIKE
2026-07-28 10:39:28.425,0.24,-0.08,0.75,-50.54,12.27,-23.56,FALL,5,AUTO_FALL_LIKE
2026-07-28 10:39:28.481,0.24,-0.08,0.75,-50.54,12.27,-23.56,FALL,5,AUTO_FALL_LIKE
2026-07-28 10:39:28.482,0.27,-0.15,0.57,-19.47,-32.17,-6.59,FALL,5,AUTO_FALL_LIKE
2026-07-28 10:39:28.541,0.27,-0.15,0.57,57.13,-13.61,23.93,FALL,5,AUTO_FALL_LIKE
2026-07-28 10:39:28.542,0.26,-0.14,0.38,57.13,-13.61,23.93,FALL,5,AUTO_FALL_LIKE
2026-07-28 10:39:28.542,0.13,-0.06,0.14,167.05,56.64,33.75,FALL,5,AUTO_FALL_LIKE
2026-07-28 10:39:28.601,0.13,-0.06,0.14,167.05,56.64,33.75,FALL,5,AUTO_FALL_LIKE
2026-07-28 10:39:28.602,0.02,0.0,-0.03,272.28,124.02,18.68,FALL,5,AUTO_FALL_LIKE
2026-07-28 10:39:28.602,0.02,0.0,-0.03,272.28,124.02,18.68,FALL,5,AUTO_FALL_LIKE
2026-07-28 10:39:28.661,-0.02,0.02,-0.06,318.66,147.89,-4.94,FALL,5,AUTO_FALL_LIKE
2026-07-28 10:39:28.662,-0.01,0.02,-0.02,315.55,138.61,-25.57,FALL,5,AUTO_FALL_LIKE
2026-07-28 10:39:28.721,-0.01,0.02,-0.02,315.55,138.61,-25.57,FALL,5,AUTO_FALL_LIKE
2026-07-28 10:39:28.722,0.01,0.01,0.01,300.54,120.24,-41.14,FALL,5,AUTO_FALL_LIKE
2026-07-28 10:39:28.722,0.01,0.01,0.01,300.54,120.24,-41.14,FALL,5,AUTO_FALL_LIKE
2026-07-28 10:39:28.782,0.01,0.02,0.02,294.74,103.82,-52.92,FALL,5,AUTO_FALL_LIKE
2026-07-28 10:39:28.782,0.01,0.02,0.02,294.74,103.82,-52.92,FALL,5,AUTO_FALL_LIKE
2026-07-28 10:39:28.841,-0.45,0.65,0.14,365.42,80.44,-21.55,FALL,5,AUTO_FALL_LIKE
2026-07-28 10:39:28.842,-0.7,1.13,0.05,693.91,48.28,89.11,FALL,5,AUTO_FALL_LIKE
2026-07-28 10:39:28.843,-0.7,1.13,0.05,693.91,48.28,89.11,FALL,5,AUTO_FALL_LIKE
2026-07-28 10:39:28.902,-0.05,0.45,-0.63,1012.45,100.16,88.93,FALL,5,AUTO_FALL_LIKE
2026-07-28 10:39:28.903,-0.05,0.45,-0.63,1012.45,100.16,88.93,FALL,5,AUTO_FALL_LIKE
2026-07-28 10:39:28.961,0.48,-0.16,-1.09,837.59,205.93,-41.08,FALL,5,AUTO_FALL_LIKE
2026-07-28 10:39:28.962,0.43,-0.05,-1.05,236.63,122.8,-106.32,FALL,5,AUTO_FALL_LIKE
2026-07-28 10:39:28.963,0.43,-0.05,-1.05,236.63,122.8,-106.32,FALL,5,AUTO_FALL_LIKE
2026-07-28 10:39:29.021,0.04,0.43,-0.9,-361.27,-109.62,-132.93,FALL,5,AUTO_FALL_LIKE
2026-07-28 10:39:29.022,0.04,0.43,-0.9,-361.27,-109.62,-132.93,FALL,5,AUTO_FALL_LIKE
2026-07-28 10:39:29.023,-0.21,0.79,-0.69,-538.21,-185.24,-111.3,FALL,5,AUTO_FALL_LIKE
2026-07-28 10:39:29.081,-0.21,0.79,-0.69,-538.21,-185.24,-111.3,FALL,5,AUTO_FALL_LIKE
2026-07-28 10:39:29.082,-0.16,0.88,-0.56,-301.76,-88.44,-33.02,FALL,5,AUTO_FALL_LIKE
2026-07-28 10:39:29.141,-0.1,0.75,-0.6,40.34,-1.89,17.94,FALL,5,AUTO_FALL_LIKE
2026-07-28 10:39:29.142,-0.1,0.75,-0.6,40.34,-1.89,17.94,FALL,5,AUTO_FALL_LIKE
2026-07-28 10:39:29.142,-0.04,0.44,-0.78,294.25,36.5,25.45,FALL,5,AUTO_FALL_LIKE
2026-07-28 10:39:29.201,-0.04,0.44,-0.78,294.25,36.5,25.45,FALL,5,AUTO_FALL_LIKE
2026-07-28 10:39:29.202,-0.0,0.23,-0.97,328.37,52.61,22.71,FALL,5,AUTO_FALL_LIKE
2026-07-28 10:39:29.261,-0.0,0.23,-0.97,193.91,43.03,19.53,FALL,5,AUTO_FALL_LIKE
2026-07-28 10:39:29.262,0.04,0.21,-1.08,193.91,43.03,19.53,FALL,5,AUTO_FALL_LIKE
2026-07-28 10:39:29.263,0.01,0.25,-1.09,53.65,2.5,21.42,FALL,5,AUTO_FALL_LIKE
2026-07-28 10:39:29.321,0.01,0.25,-1.09,53.65,2.5,21.42,FALL,5,AUTO_FALL_LIKE
2026-07-28 10:39:29.322,-0.17,0.3,-1.08,-18.13,-68.42,49.74,NO_FALL,,
2026-07-28 10:39:29.322,-0.17,0.3,-1.08,-18.13,-68.42,49.74,NO_FALL,,
2026-07-28 10:39:29.381,-0.34,0.29,-1.07,-31.07,-176.94,100.46,NO_FALL,,
2026-07-28 10:39:29.382,-0.38,0.24,-0.9,-74.58,-289.79,109.13,NO_FALL,,
2026-07-28 10:39:29.441,-0.38,0.24,-0.9,-74.58,-289.79,109.13,NO_FALL,,
2026-07-28 10:39:29.442,-0.49,0.29,-0.8,-72.02,-324.22,15.99,NO_FALL,,
2026-07-28 10:39:29.443,-0.49,0.29,-0.8,-72.02,-324.22,15.99,NO_FALL,,
2026-07-28 10:39:29.501,-0.74,0.54,-0.91,-7.93,-231.57,-88.32,NO_FALL,,
2026-07-28 10:39:29.502,-0.87,0.76,-1.05,-14.83,-65.43,-76.97,NO_FALL,,
2026-07-28 10:39:29.562,-0.87,0.76,-1.05,-14.83,-65.43,-76.97,NO_FALL,,
2026-07-28 10:39:29.562,-0.9,0.88,-1.01,-85.57,66.1,19.41,NO_FALL,,
2026-07-28 10:39:29.563,-0.9,0.88,-1.01,-85.57,66.1,19.41,NO_FALL,,
2026-07-28 10:39:29.621,-0.87,0.87,-0.78,-148.13,118.59,101.5,NO_FALL,,
2026-07-28 10:39:29.622,-0.87,0.87,-0.78,-148.13,118.59,101.5,NO_FALL,,
2026-07-28 10:39:29.623,-0.74,0.76,-0.58,-185.42,103.27,126.16,NO_FALL,,
2026-07-28 10:39:29.682,-0.51,0.67,-0.52,-179.32,51.7,111.02,NO_FALL,,
2026-07-28 10:39:29.682,-0.51,0.67,-0.52,-179.32,51.7,111.02,NO_FALL,,
2026-07-28 10:39:29.742,-0.3,0.69,-0.55,-133.06,19.04,103.33,NO_FALL,,
2026-07-28 10:39:29.742,-0.3,0.69,-0.55,-133.06,19.04,103.33,NO_FALL,,
2026-07-28 10:39:29.743,-0.13,0.71,-0.61,-84.72,26.55,126.34,NO_FALL,,
2026-07-28 10:39:29.801,-0.13,0.71,-0.61,-84.72,26.55,126.34,NO_FALL,,
2026-07-28 10:39:29.802,-0.03,0.76,-0.62,-44.25,58.04,148.07,NO_FALL,,
2026-07-28 10:39:29.861,0.03,0.83,-0.54,-37.35,79.16,127.93,NO_FALL,,
2026-07-28 10:39:29.862,0.03,0.83,-0.54,-37.35,79.16,127.93,NO_FALL,,
2026-07-28 10:39:29.863,0.09,0.82,-0.42,-83.62,61.1,90.7,NO_FALL,,
2026-07-28 10:39:29.921,0.09,0.82,-0.42,-83.62,61.1,90.7,NO_FALL,,
2026-07-28 10:39:29.922,0.16,0.79,-0.32,-139.28,26.92,68.66,NO_FALL,,
2026-07-28 10:39:29.923,0.16,0.79,-0.32,-139.28,26.92,68.66,NO_FALL,,
2026-07-28 10:39:29.982,0.22,0.83,-0.21,-153.99,14.1,51.03,NO_FALL,,
2026-07-28 10:39:29.982,0.22,0.9,-0.08,-139.16,31.86,32.35,NO_FALL,,
2026-07-28 10:39:30.042,0.22,0.9,-0.08,-139.16,31.86,32.35,NO_FALL,,
2026-07-28 10:39:30.042,0.18,0.88,0.0,-119.81,44.92,22.34,NO_FALL,,
2026-07-28 10:39:30.043,0.18,0.88,0.0,-119.81,44.92,22.34,NO_FALL,,
2026-07-28 10:39:30.101,0.18,0.78,0.06,-92.29,16.3,25.76,NO_FALL,,
2026-07-28 10:39:30.102,0.18,0.78,0.06,-92.29,16.3,25.76,NO_FALL,,
2026-07-28 10:39:30.103,0.23,0.7,0.1,-58.11,-23.74,36.44,NO_FALL,,
2026-07-28 10:39:30.161,0.26,0.66,0.16,-31.19,-43.15,38.21,NO_FALL,,
2026-07-28 10:39:30.162,0.26,0.66,0.16,-31.19,-43.15,38.21,NO_FALL,,
2026-07-28 10:39:30.222,0.27,0.65,0.2,-10.13,-37.54,29.54,NO_FALL,,
2026-07-28 10:39:30.222,0.27,0.65,0.2,-10.13,-37.54,29.54,NO_FALL,,
2026-07-28 10:39:30.223,0.27,0.7,0.16,1.71,-8.79,21.55,NO_FALL,,
2026-07-28 10:39:30.282,0.27,0.7,0.16,0.85,18.98,20.39,NO_FALL,,
2026-07-28 10:39:30.282,0.28,0.77,0.11,0.85,18.98,20.39,NO_FALL,,
2026-07-28 10:39:30.341,0.27,0.82,0.1,3.66,33.26,28.69,NO_FALL,,
2026-07-28 10:39:30.342,0.27,0.82,0.1,3.66,33.26,28.69,NO_FALL,,
2026-07-28 10:39:30.343,0.26,0.81,0.14,5.62,33.33,28.87,NO_FALL,,
2026-07-28 10:39:30.401,0.26,0.81,0.14,5.62,33.33,28.87,NO_FALL,,
2026-07-28 10:39:30.402,0.26,0.8,0.19,-1.22,20.94,12.76,NO_FALL,,
2026-07-28 10:39:30.403,0.26,0.8,0.19,-1.22,20.94,12.76,NO_FALL,,
2026-07-28 10:39:30.462,0.28,0.87,0.21,-1.95,4.7,-4.46,NO_FALL,,
2026-07-28 10:39:30.462,0.31,0.96,0.17,8.3,-5.8,-11.66,NO_FALL,,
2026-07-28 10:39:30.464,0.31,0.96,0.17,8.3,-5.8,-11.66,NO_FALL,,
2026-07-28 10:39:30.522,0.32,1.03,0.14,11.23,-7.75,-10.31,NO_FALL,,
2026-07-28 10:39:30.522,0.32,1.03,0.14,11.23,-7.75,-10.31,NO_FALL,,
2026-07-28 10:39:30.581,0.32,1.07,0.13,3.36,-7.39,-5.13,NO_FALL,,
2026-07-28 10:39:30.582,0.32,1.07,0.13,3.36,-7.39,-5.13,NO_FALL,,
2026-07-28 10:39:30.583,0.33,1.09,0.11,-7.26,-8.3,-2.08,NO_FALL,,
2026-07-28 10:39:30.641,0.33,1.09,0.11,-7.26,-8.3,-2.08,NO_FALL,,
2026-07-28 10:39:30.642,0.35,1.07,0.1,-18.19,-10.68,-4.03,NO_FALL,,
2026-07-28 10:39:30.643,0.35,1.07,0.1,-18.19,-10.68,-4.03,NO_FALL,,
2026-07-28 10:39:30.702,0.35,1.07,0.1,-18.19,-10.68,-4.03,NO_FALL,,
2026-07-28 10:39:30.702,0.35,1.07,0.1,-18.19,-10.68,-4.03,NO_FALL,,
2026-07-28 10:39:30.703,0.35,1.01,0.12,-23.86,-6.77,-1.34,NO_FALL,,
2026-07-28 10:39:30.761,0.35,1.01,0.12,-31.25,-1.83,-3.36,NO_FALL,,
2026-07-28 10:39:30.762,0.36,0.97,0.17,-31.25,-1.83,-3.36,NO_FALL,,
2026-07-28 10:39:30.821,0.35,0.89,0.19,-36.32,3.85,-7.69,NO_FALL,,
2026-07-28 10:39:30.822,0.35,0.89,0.19,-36.32,3.85,-7.69,NO_FALL,,
2026-07-28 10:39:30.822,0.32,0.77,0.19,-32.59,9.83,-18.86,NO_FALL,,
2026-07-28 10:39:30.881,0.32,0.77,0.19,-32.59,9.83,-18.86,NO_FALL,,
2026-07-28 10:39:30.882,0.29,0.64,0.18,-17.88,13.49,-28.44,NO_FALL,,
2026-07-28 10:39:30.883,0.29,0.64,0.18,-17.88,13.49,-28.44,NO_FALL,,
2026-07-28 10:39:30.941,0.25,0.47,0.14,39.73,17.64,-10.19,NO_FALL,,
2026-07-28 10:39:30.942,0.19,0.24,0.03,201.54,-8.24,62.5,NO_FALL,,
2026-07-28 10:39:30.943,0.19,0.24,0.03,201.54,-8.24,62.5,NO_FALL,,
2026-07-28 10:39:31.001,0.1,0.03,-0.06,473.82,-73.91,179.02,NO_FALL,,
2026-07-28 10:39:31.002,0.1,0.03,-0.06,473.82,-73.91,179.02,NO_FALL,,
2026-07-28 10:39:31.061,0.04,-0.05,-0.09,713.87,-97.84,274.6,NO_FALL,,
2026-07-28 10:39:31.062,0.04,-0.05,-0.09,713.87,-97.84,274.6,NO_FALL,,
2026-07-28 10:39:31.063,0.03,-0.05,-0.08,802.37,-33.57,306.34,NO_FALL,,
2026-07-28 10:39:31.121,0.04,-0.02,-0.07,784.73,75.13,285.52,NO_FALL,,
2026-07-28 10:39:31.122,0.04,-0.02,-0.07,784.73,75.13,285.52,NO_FALL,,
2026-07-28 10:39:31.181,0.05,-0.01,-0.06,744.45,176.27,236.45,NO_FALL,,
2026-07-28 10:39:31.182,0.05,-0.01,-0.06,744.45,176.27,236.45,NO_FALL,,
2026-07-28 10:39:31.183,0.04,-0.01,-0.04,721.25,248.6,172.67,NO_FALL,,
2026-07-28 10:39:31.241,-0.08,-0.29,0.39,698.24,292.66,97.84,NO_FALL,,
2026-07-28 10:39:31.242,-0.08,-0.29,0.39,698.24,292.66,97.84,NO_FALL,,
2026-07-28 10:39:31.303,-0.04,-0.89,0.93,392.33,227.11,4.39,NO_FALL,,
2026-07-28 10:39:31.303,-0.04,-0.89,0.93,392.33,227.11,4.39,NO_FALL,,
2026-07-28 10:39:31.303,0.19,-1.13,0.81,-165.53,-35.95,-33.87,NO_FALL,,
2026-07-28 10:39:31.361,0.19,-1.13,0.81,-165.53,-35.95,-33.87,NO_FALL,,
2026-07-28 10:39:31.362,0.2,-0.93,0.48,-368.23,-232.85,51.64,NO_FALL,,
2026-07-28 10:39:31.421,0.18,-0.8,0.41,-187.5,-165.71,102.54,NO_FALL,,
2026-07-28 10:39:31.422,0.18,-0.8,0.41,-187.5,-165.71,102.54,NO_FALL,,
2026-07-28 10:39:31.423,0.22,-0.77,0.52,-8.06,-28.56,49.56,NO_FALL,,
2026-07-28 10:39:31.481,0.22,-0.77,0.52,-8.06,-28.56,49.56,NO_FALL,,
2026-07-28 10:39:31.482,0.22,-0.75,0.62,63.05,37.41,1.04,NO_FALL,,
2026-07-28 10:39:31.483,0.21,-0.76,0.64,43.21,42.36,-11.47,NO_FALL,,
2026-07-28 10:39:31.541,0.21,-0.76,0.64,43.21,42.36,-11.47,NO_FALL,,
2026-07-28 10:39:31.542,0.18,-0.78,0.62,-15.14,29.85,0.18,NO_FALL,,
2026-07-28 10:39:31.601,0.18,-0.78,0.62,-15.14,29.85,0.18,NO_FALL,,
2026-07-28 10:39:31.602,0.15,-0.8,0.57,-77.7,20.75,16.42,NO_FALL,,
2026-07-28 10:39:31.603,0.15,-0.8,0.57,-77.7,20.75,16.42,NO_FALL,,
2026-07-28 10:39:31.661,0.13,-0.88,0.45,-141.42,15.99,26.18,NO_FALL,,
2026-07-28 10:39:31.662,0.1,-0.97,0.27,-182.98,9.83,20.63,NO_FALL,,
2026-07-28 10:39:31.663,0.1,-0.97,0.27,-182.98,9.83,20.63,NO_FALL,,
2026-07-28 10:39:31.721,0.09,-0.99,0.22,-133.12,0.43,6.71,NO_FALL,,
2026-07-28 10:39:31.722,0.09,-0.99,0.22,-133.12,0.43,6.71,NO_FALL,,
2026-07-28 10:39:31.781,0.11,-0.89,0.29,-30.4,-6.29,-3.78,NO_FALL,,
2026-07-28 10:39:31.782,0.11,-0.89,0.29,-30.4,-6.29,-3.78,NO_FALL,,
2026-07-28 10:39:31.783,0.18,-0.91,0.26,-5.98,-10.56,-26.43,NO_FALL,,
2026-07-28 10:39:31.841,0.2,-1.03,0.14,-41.26,-16.48,-44.74,NO_FALL,,
2026-07-28 10:39:31.842,0.2,-1.03,0.14,-41.26,-16.48,-44.74,NO_FALL,,
2026-07-28 10:39:31.843,0.17,-1.0,0.16,-13.49,-18.25,-21.85,NO_FALL,,
2026-07-28 10:39:31.901,0.17,-1.0,0.16,-13.49,-18.25,-21.85,NO_FALL,,
2026-07-28 10:39:31.902,0.13,-0.92,0.29,46.08,-15.44,18.8,NO_FALL,,
2026-07-28 10:39:31.961,0.13,-0.92,0.29,46.08,-15.44,18.8,NO_FALL,,
2026-07-28 10:39:31.962,0.13,-0.96,0.3,32.1,-22.46,30.4,NO_FALL,,
2026-07-28 10:39:31.963,0.13,-0.96,0.3,1.1,-44.19,20.02,NO_FALL,,
2026-07-28 10:39:32.023,0.19,-1.1,0.24,1.1,-44.19,20.02,NO_FALL,,
2026-07-28 10:39:32.023,0.3,-1.24,0.27,29.17,-57.86,4.52,NO_FALL,,
2026-07-28 10:39:32.023,0.3,-1.24,0.27,29.17,-57.86,4.52,NO_FALL,,
2026-07-28 10:39:32.086,0.41,-1.34,0.36,94.85,-37.84,-22.34,NO_FALL,,
2026-07-28 10:39:32.086,0.41,-1.34,0.36,94.85,-37.84,-22.34,NO_FALL,,
2026-07-28 10:39:32.141,0.45,-1.36,0.47,146.36,-0.98,-54.81,NO_FALL,,
2026-07-28 10:39:32.142,0.45,-1.36,0.47,146.36,-0.98,-54.81,NO_FALL,,
2026-07-28 10:39:32.143,0.43,-1.36,0.7,141.91,17.58,-80.87,NO_FALL,,
2026-07-28 10:39:32.204,0.43,-1.32,0.9,110.53,9.22,-93.51,NO_FALL,,
2026-07-28 10:39:32.204,0.43,-1.32,0.9,110.53,9.22,-93.51,NO_FALL,,
2026-07-28 10:39:32.204,0.45,-1.11,0.84,110.41,-15.87,-105.41,NO_FALL,,
2026-07-28 10:39:32.261,0.45,-1.11,0.84,110.41,-15.87,-105.41,NO_FALL,,
2026-07-28 10:39:32.262,0.46,-0.79,0.69,111.88,-54.93,-130.0,NO_FALL,,
2026-07-28 10:39:32.322,0.46,-0.79,0.69,111.88,-54.93,-130.0,NO_FALL,,
2026-07-28 10:39:32.322,0.48,-0.54,0.68,58.04,-108.03,-153.93,NO_FALL,,
2026-07-28 10:39:32.323,0.51,-0.41,0.7,-9.89,-148.19,-163.57,NO_FALL,,
2026-07-28 10:39:32.381,0.51,-0.41,0.7,-9.89,-148.19,-163.57,NO_FALL,,
2026-07-28 10:39:32.382,0.53,-0.3,0.63,-25.88,-153.14,-164.73,NO_FALL,,
2026-07-28 10:39:32.383,0.53,-0.3,0.63,-25.88,-153.14,-164.73,NO_FALL,,
2026-07-28 10:39:32.441,0.53,-0.15,0.45,6.29,-139.22,-160.52,NO_FALL,,
2026-07-28 10:39:32.442,0.55,-0.0,0.2,33.63,-126.83,-142.82,NO_FALL,,
2026-07-28 10:39:32.501,0.55,-0.0,0.2,33.63,-126.83,-142.82,NO_FALL,,
2026-07-28 10:39:32.502,0.6,0.07,0.04,14.47,-118.41,-109.74,NO_FALL,,
2026-07-28 10:39:32.503,0.6,0.07,0.04,14.47,-118.41,-109.74,NO_FALL,,
2026-07-28 10:39:32.561,0.7,0.06,0.07,-33.26,-115.36,-73.49,NO_FALL,,
2026-07-28 10:39:32.562,0.7,0.06,0.07,-33.26,-115.36,-73.49,NO_FALL,,
2026-07-28 10:39:32.622,0.78,0.04,0.12,-53.71,-99.18,-49.13,NO_FALL,,
2026-07-28 10:39:32.622,0.79,0.06,0.08,-35.22,-60.85,-38.7,NO_FALL,,
2026-07-28 10:39:32.623,0.79,0.06,0.08,-35.22,-60.85,-38.7,NO_FALL,,
2026-07-28 10:39:32.681,0.78,0.07,0.06,-16.66,-31.13,-31.07,NO_FALL,,
2026-07-28 10:39:32.682,0.78,0.07,0.06,-16.66,-31.13,-31.07,NO_FALL,,
2026-07-28 10:39:32.741,0.76,0.07,0.06,-11.35,-24.41,-20.32,NO_FALL,,
2026-07-28 10:39:32.742,0.76,0.07,0.06,-11.35,-24.41,-20.32,NO_FALL,,
2026-07-28 10:39:32.743,0.71,0.07,0.0,3.72,-20.81,-8.24,NO_FALL,,
2026-07-28 10:39:32.801,0.55,0.05,-0.07,19.78,-10.07,8.91,NO_FALL,,
2026-07-28 10:39:32.802,0.55,0.05,-0.07,19.78,-10.07,8.91,NO_FALL,,
2026-07-28 10:39:32.803,0.25,0.01,-0.06,1.65,-1.1,27.16,NO_FALL,,
2026-07-28 10:39:32.861,0.25,0.01,-0.06,1.65,-1.1,27.16,NO_FALL,,
2026-07-28 10:39:32.862,0.0,-0.01,-0.01,-40.89,-2.56,36.07,NO_FALL,,
2026-07-28 10:39:32.863,0.0,-0.01,-0.01,-40.89,-2.56,36.07,NO_FALL,,
2026-07-28 10:39:32.921,-0.06,-0.01,0.01,-66.96,-10.74,36.56,NO_FALL,,
2026-07-28 10:39:32.922,-0.06,-0.01,0.01,-66.96,-10.74,36.56,NO_FALL,,
2026-07-28 10:39:32.981,-0.02,-0.0,0.01,-66.96,-16.48,34.79,NO_FALL,,
2026-07-28 10:39:32.982,0.02,-0.0,0.0,-56.27,-18.8,34.24,NO_FALL,,
2026-07-28 10:39:32.983,0.02,-0.0,0.0,-56.27,-18.8,34.24,NO_FALL,,
2026-07-28 10:39:33.041,0.03,-0.0,-0.0,-47.06,-20.57,35.16,NO_FALL,,
2026-07-28 10:39:33.042,0.03,-0.0,-0.0,-47.06,-20.57,35.16,NO_FALL,,
2026-07-28 10:39:33.101,0.03,-0.0,-0.0,-41.87,-23.44,36.93,NO_FALL,,
2026-07-28 10:39:33.102,0.03,-0.0,-0.0,-41.87,-23.44,36.93,NO_FALL,,
2026-07-28 10:39:33.103,0.5,-0.36,-0.25,-23.99,-84.29,97.41,NO_FALL,,
2026-07-28 10:39:33.161,0.36,-1.21,-0.54,139.4,-445.8,543.52,NO_FALL,,
2026-07-28 10:39:33.162,0.36,-1.21,-0.54,139.4,-445.8,543.52,NO_FALL,,
2026-07-28 10:39:33.163,-0.29,-1.28,-0.41,399.78,-803.22,1225.1,NO_FALL,,
2026-07-28 10:39:33.221,-0.29,-1.28,-0.41,399.78,-803.22,1225.1,NO_FALL,,
2026-07-28 10:39:33.222,-0.16,-0.42,-0.1,515.08,-677.12,1574.2,NO_FALL,,
2026-07-28 10:39:33.281,0.43,0.49,0.04,595.64,-254.03,1476.14,NO_FALL,,
2026-07-28 10:39:33.282,0.43,0.49,0.04,595.64,-254.03,1476.14,NO_FALL,,
2026-07-28 10:39:33.283,0.67,0.65,-0.17,953.31,124.27,829.16,NO_FALL,,
2026-07-28 10:39:33.341,0.67,0.65,-0.17,953.31,124.27,829.16,NO_FALL,,
2026-07-28 10:39:33.342,0.21,-0.06,-0.93,1194.52,130.13,60.42,NO_FALL,,
2026-07-28 10:39:33.401,0.21,-0.06,-0.93,763.06,-90.39,-178.89,NO_FALL,,
2026-07-28 10:39:33.402,-0.16,-0.47,-1.41,763.06,-90.39,-178.89,NO_FALL,,
2026-07-28 10:39:33.403,-0.25,-0.41,-1.2,121.03,-149.23,-78.43,NO_FALL,,
2026-07-28 10:39:33.461,-0.25,-0.41,-1.2,121.03,-149.23,-78.43,NO_FALL,,
2026-07-28 10:39:33.462,-0.2,-0.25,-0.98,-153.38,-75.2,13.61,NO_FALL,,
2026-07-28 10:39:33.521,-0.15,-0.16,-0.91,-125.06,-10.19,31.74,NO_FALL,,
2026-07-28 10:39:33.522,-0.15,-0.16,-0.91,-125.06,-10.19,31.74,NO_FALL,,
2026-07-28 10:39:33.523,-0.14,-0.14,-0.94,-31.74,13.92,12.33,NO_FALL,,
2026-07-28 10:39:33.581,-0.14,-0.14,-0.94,-31.74,13.92,12.33,NO_FALL,,
2026-07-28 10:39:33.582,-0.14,-0.16,-0.97,16.24,15.5,-4.94,NO_FALL,,
2026-07-28 10:39:33.583,-0.14,-0.16,-0.97,16.24,15.5,-4.94,NO_FALL,,
2026-07-28 10:39:33.641,-0.15,-0.18,-0.95,17.76,10.38,-7.39,NO_FALL,,
2026-07-28 10:39:33.642,-0.15,-0.18,-0.95,23.07,12.57,-2.38,NO_FALL,,
2026-07-28 10:39:33.701,-0.16,-0.23,-0.98,23.07,12.57,-2.38,NO_FALL,,
2026-07-28 10:39:33.702,-0.09,-0.28,-1.08,37.84,35.16,3.42,NO_FALL,,
2026-07-28 10:39:33.703,-0.09,-0.28,-1.08,37.84,35.16,3.42,NO_FALL,,
2026-07-28 10:39:33.762,-0.07,-0.35,-1.28,5.0,52.37,20.2,NO_FALL,,
2026-07-28 10:39:33.762,-0.07,-0.35,-1.28,5.0,52.37,20.2,NO_FALL,,
2026-07-28 10:39:33.763,-0.12,-0.42,-1.46,-63.05,18.74,57.92,NO_FALL,,
2026-07-28 10:39:33.822,-0.12,-0.42,-1.46,-63.05,18.74,57.92,NO_FALL,,
2026-07-28 10:39:33.822,-0.14,-0.4,-1.5,-83.13,-60.42,80.02,NO_FALL,,
2026-07-28 10:39:33.882,-0.26,-0.32,-1.56,-34.61,-115.05,52.31,NO_FALL,,
2026-07-28 10:39:33.882,-0.26,-0.32,-1.56,-34.61,-115.05,52.31,NO_FALL,,
2026-07-28 10:39:33.883,-0.46,-0.2,-1.62,30.64,-120.79,15.2,NO_FALL,,
2026-07-28 10:39:33.941,-0.46,-0.2,-1.62,30.64,-120.79,15.2,NO_FALL,,
2026-07-28 10:39:33.942,-0.55,-0.11,-1.5,75.01,-121.64,2.32,NO_FALL,,
2026-07-28 10:39:33.943,-0.55,-0.11,-1.5,75.01,-121.64,2.32,NO_FALL,,
2026-07-28 10:39:34.001,-0.49,-0.08,-1.16,98.14,-138.43,-2.99,NO_FALL,,
2026-07-28 10:39:34.002,-0.41,-0.09,-0.79,110.11,-147.52,-16.17,NO_FALL,,
2026-07-28 10:39:34.062,-0.41,-0.09,-0.79,110.11,-147.52,-16.17,NO_FALL,,
2026-07-28 10:39:34.062,-0.42,-0.13,-0.54,117.31,-132.63,-33.33,NO_FALL,,
2026-07-28 10:39:34.063,-0.42,-0.13,-0.54,117.31,-132.63,-33.33,NO_FALL,,
2026-07-28 10:39:34.122,-0.48,-0.15,-0.38,118.23,-109.25,-43.82,NO_FALL,,
2026-07-28 10:39:34.122,-0.48,-0.15,-0.38,118.23,-109.25,-43.82,NO_FALL,,
2026-07-28 10:39:34.181,-0.49,-0.19,-0.25,101.93,-95.28,-42.85,NO_FALL,,
2026-07-28 10:39:34.182,-0.48,-0.26,-0.14,75.26,-84.59,-38.7,NO_FALL,,
2026-07-28 10:39:34.183,-0.48,-0.26,-0.14,75.26,-84.59,-38.7,NO_FALL,,
2026-07-28 10:39:34.241,-0.48,-0.32,-0.08,54.32,-56.52,-28.87,NO_FALL,,
2026-07-28 10:39:34.242,-0.48,-0.32,-0.08,54.32,-56.52,-28.87,NO_FALL,,
2026-07-28 10:39:34.243,-0.53,-0.35,-0.11,44.98,-14.22,-19.04,NO_FALL,,
2026-07-28 10:39:34.301,-0.53,-0.35,-0.11,44.98,-14.22,-19.04,NO_FALL,,
2026-07-28 10:39:34.302,-0.53,-0.35,-0.11,44.98,-14.22,-19.04,NO_FALL,,
2026-07-28 10:39:34.303,-0.53,-0.35,-0.11,44.98,-14.22,-19.04,NO_FALL,,
2026-07-28 10:39:34.362,-0.54,-0.45,-0.3,48.95,17.64,-47.18,NO_FALL,,
2026-07-28 10:39:34.362,-0.54,-0.45,-0.3,31.43,-2.01,-46.63,NO_FALL,,
2026-07-28 10:39:34.421,-0.47,-0.51,-0.3,31.43,-2.01,-46.63,NO_FALL,,
2026-07-28 10:39:34.422,-0.43,-0.45,-0.24,5.8,-19.53,-27.16,NO_FALL,,
2026-07-28 10:39:34.423,-0.43,-0.45,-0.24,5.8,-19.53,-27.16,NO_FALL,,
2026-07-28 10:39:34.481,-0.38,-0.3,-0.2,-24.29,-20.39,-4.33,NO_FALL,,
2026-07-28 10:39:34.482,-0.38,-0.3,-0.2,-24.29,-20.39,-4.33,NO_FALL,,
2026-07-28 10:39:34.483,-0.23,-0.12,-0.13,-79.35,14.28,25.09,NO_FALL,,
2026-07-28 10:39:34.542,-0.23,-0.12,-0.13,-174.01,77.33,70.56,NO_FALL,,
2026-07-28 10:39:34.542,-0.04,0.0,-0.04,-174.01,77.33,70.56,NO_FALL,,
2026-07-28 10:39:34.601,0.04,0.03,0.0,-263.85,119.93,113.1,NO_FALL,,
2026-07-28 10:39:34.602,0.04,0.03,0.0,-263.85,119.93,113.1,NO_FALL,,
2026-07-28 10:39:34.603,0.04,0.02,-0.0,-302.25,119.32,134.64,NO_FALL,,
2026-07-28 10:39:34.661,0.04,0.02,-0.0,-302.25,119.32,134.64,NO_FALL,,
2026-07-28 10:39:34.662,0.01,0.0,-0.02,-304.26,95.89,141.36,NO_FALL,,
2026-07-28 10:39:34.663,0.01,0.0,-0.02,-297.97,70.98,145.14,NO_FALL,,
2026-07-28 10:39:34.721,-0.0,0.0,-0.03,-297.97,70.98,145.14,NO_FALL,,
2026-07-28 10:39:34.722,-0.0,0.01,-0.04,-292.66,51.33,151.55,NO_FALL,,
2026-07-28 10:39:34.782,-0.0,0.01,-0.04,-292.66,51.33,151.55,NO_FALL,,
2026-07-28 10:39:34.782,-0.04,0.62,-0.55,-284.85,41.44,170.65,NO_FALL,,
2026-07-28 10:39:34.783,-0.04,0.62,-0.55,-284.85,41.44,170.65,NO_FALL,,
2026-07-28 10:39:34.841,-0.08,1.18,-0.95,-341.49,32.29,165.34,NO_FALL,,
2026-07-28 10:39:34.842,-0.18,0.84,-0.42,-442.14,-35.58,78.06,NO_FALL,,
2026-07-28 10:39:34.901,-0.18,0.84,-0.42,-442.14,-35.58,78.06,NO_FALL,,
2026-07-28 10:39:34.902,-0.11,0.64,0.26,-376.46,-147.28,22.71,NO_FALL,,
2026-07-28 10:39:34.903,-0.11,0.64,0.26,-376.46,-147.28,22.71,NO_FALL,,
2026-07-28 10:39:34.961,-0.0,0.86,0.29,-85.51,-166.26,30.03,NO_FALL,,
2026-07-28 10:39:34.962,-0.0,0.86,0.29,-85.51,-166.26,30.03,NO_FALL,,
2026-07-28 10:39:34.963,-0.13,1.03,-0.07,170.9,-70.19,3.66,NO_FALL,,
2026-07-28 10:39:35.022,-0.18,1.05,-0.13,145.94,17.33,-11.05,NO_FALL,,
2026-07-28 10:39:35.022,-0.18,1.05,-0.13,145.94,17.33,-11.05,NO_FALL,,
2026-07-28 10:39:35.082,-0.15,1.02,-0.06,1.77,32.23,5.19,NO_FALL,,
2026-07-28 10:39:35.082,-0.15,1.02,-0.06,1.77,32.23,5.19,NO_FALL,,
2026-07-28 10:39:35.083,-0.13,0.98,-0.06,-42.24,10.74,14.22,NO_FALL,,
2026-07-28 10:39:35.141,-0.13,0.98,-0.06,-42.24,10.74,14.22,NO_FALL,,
2026-07-28 10:39:35.142,-0.09,0.96,-0.01,-28.32,-3.85,16.3,NO_FALL,,
2026-07-28 10:39:35.201,-0.08,0.98,-0.03,11.54,-0.92,14.89,NO_FALL,,
2026-07-28 10:39:35.202,-0.08,0.98,-0.03,11.54,-0.92,14.89,NO_FALL,,
2026-07-28 10:39:35.203,-0.1,0.97,-0.14,54.99,14.59,6.59,NO_FALL,,
2026-07-28 10:39:35.261,-0.1,0.97,-0.14,54.99,14.59,6.59,NO_FALL,,
2026-07-28 10:39:35.262,-0.09,0.96,-0.15,24.11,39.18,-2.62,NO_FALL,,
2026-07-28 10:39:35.263,-0.09,0.96,-0.15,24.11,39.18,-2.62,NO_FALL,,
2026-07-28 10:39:35.322,-0.06,1.01,-0.06,-73.97,50.42,-7.57,NO_FALL,,
2026-07-28 10:39:35.322,-0.06,1.01,-0.06,-165.59,47.18,-7.39,NO_FALL,,
2026-07-28 10:39:35.323,-0.11,1.14,0.11,-165.59,47.18,-7.39,NO_FALL,,
2026-07-28 10:39:35.381,-0.25,1.33,0.27,-187.01,81.67,-17.82,NO_FALL,,
2026-07-28 10:39:35.382,-0.25,1.33,0.27,-187.01,81.67,-17.82,NO_FALL,,
2026-07-28 10:39:35.441,-0.39,1.43,0.35,-140.2,128.66,-59.51,NO_FALL,,
2026-07-28 10:39:35.442,-0.39,1.43,0.35,-87.77,124.08,-115.91,NO_FALL,,
2026-07-28 10:39:35.443,-0.49,1.4,0.35,-87.77,124.08,-115.91,NO_FALL,,
2026-07-28 10:39:35.501,-0.52,1.28,0.28,-39.61,84.9,-149.05,NO_FALL,,
2026-07-28 10:39:35.502,-0.52,1.28,0.28,-39.61,84.9,-149.05,NO_FALL,,
2026-07-28 10:39:35.561,-0.54,1.13,0.23,17.46,50.35,-146.06,NO_FALL,,
2026-07-28 10:39:35.562,-0.54,1.13,0.23,17.46,50.35,-146.06,NO_FALL,,
2026-07-28 10:39:35.563,-0.61,0.99,0.28,66.41,50.78,-126.28,NO_FALL,,
2026-07-28 10:39:35.621,-0.66,0.82,0.31,85.14,79.65,-115.91,NO_FALL,,
2026-07-28 10:39:35.622,-0.66,0.82,0.31,85.14,79.65,-115.91,NO_FALL,,
2026-07-28 10:39:35.681,-0.61,0.62,0.23,77.94,103.09,-114.99,NO_FALL,,
2026-07-28 10:39:35.682,-0.61,0.62,0.23,77.94,103.09,-114.99,NO_FALL,,
2026-07-28 10:39:35.683,-0.59,0.48,0.09,75.93,119.08,-106.02,NO_FALL,,
2026-07-28 10:39:35.742,-0.59,0.48,0.09,75.93,119.08,-106.02,NO_FALL,,
2026-07-28 10:39:35.742,-0.65,0.42,-0.04,90.82,136.96,-85.69,NO_FALL,,
2026-07-28 10:39:35.743,-0.72,0.4,-0.13,99.3,134.22,-67.2,NO_FALL,,
2026-07-28 10:39:35.802,-0.72,0.4,-0.13,99.3,134.22,-67.2,NO_FALL,,
2026-07-28 10:39:35.802,-0.71,0.35,-0.22,88.99,100.34,-58.04,NO_FALL,,
2026-07-28 10:39:35.861,-0.71,0.35,-0.22,88.99,100.34,-58.04,NO_FALL,,
2026-07-28 10:39:35.862,-0.63,0.29,-0.31,74.65,62.44,-51.15,NO_FALL,,
2026-07-28 10:39:35.862,-0.63,0.29,-0.31,74.65,62.44,-51.15,NO_FALL,,
2026-07-28 10:39:35.921,-0.61,0.25,-0.38,74.83,40.41,-32.71,NO_FALL,,
2026-07-28 10:39:35.922,-0.64,0.26,-0.42,80.02,39.92,-11.72,NO_FALL,,
2026-07-28 10:39:35.923,-0.64,0.26,-0.42,80.02,39.92,-11.72,NO_FALL,,
2026-07-28 10:39:35.982,-0.62,0.23,-0.45,64.27,54.57,-7.63,NO_FALL,,
2026-07-28 10:39:35.982,-0.62,0.23,-0.45,64.27,54.57,-7.63,NO_FALL,,
2026-07-28 10:39:36.042,-0.57,0.19,-0.48,35.16,60.67,-11.11,NO_FALL,,
2026-07-28 10:39:36.042,-0.57,0.19,-0.48,35.16,60.67,-11.11,NO_FALL,,
2026-07-28 10:39:36.043,-0.56,0.18,-0.52,21.48,49.01,-4.76,NO_FALL,,
2026-07-28 10:39:36.101,-0.6,0.21,-0.54,28.87,34.91,6.71,NO_FALL,,
2026-07-28 10:39:36.102,-0.6,0.21,-0.54,28.87,34.91,6.71,NO_FALL,,
2026-07-28 10:39:36.162,-0.61,0.23,-0.55,33.87,26.79,10.13,NO_FALL,,
2026-07-28 10:39:36.162,-0.61,0.23,-0.55,33.87,26.79,10.13,NO_FALL,,
2026-07-28 10:39:36.163,-0.6,0.23,-0.58,21.85,20.69,6.59,NO_FALL,,
2026-07-28 10:39:36.221,-0.6,0.23,-0.58,21.85,20.69,6.59,NO_FALL,,
2026-07-28 10:39:36.222,-0.59,0.24,-0.62,7.32,15.38,4.27,NO_FALL,,
2026-07-28 10:39:36.222,-0.58,0.25,-0.66,2.5,10.31,4.03,NO_FALL,,
2026-07-28 10:39:36.281,-0.58,0.25,-0.66,2.5,10.31,4.03,NO_FALL,,
2026-07-28 10:39:36.282,-0.58,0.26,-0.7,3.54,3.23,3.72,NO_FALL,,
2026-07-28 10:39:36.283,-0.58,0.26,-0.7,3.54,3.23,3.72,NO_FALL,,
2026-07-28 10:39:36.341,-0.62,0.28,-0.74,8.79,-2.99,5.92,NO_FALL,,
2026-07-28 10:39:36.342,-0.62,0.28,-0.74,8.79,-2.99,5.92,NO_FALL,,
2026-07-28 10:39:36.401,-0.71,0.33,-0.76,18.74,-1.28,11.84,NO_FALL,,
2026-07-28 10:39:36.402,-0.71,0.33,-0.76,18.74,-1.28,11.84,NO_FALL,,
2026-07-28 10:39:36.403,-0.78,0.37,-0.76,25.33,7.63,15.32,NO_FALL,,
2026-07-28 10:39:36.461,-0.79,0.35,-0.75,22.16,13.12,10.07,NO_FALL,,
2026-07-28 10:39:36.462,-0.79,0.35,-0.75,22.16,13.12,10.07,NO_FALL,,
2026-07-28 10:39:36.522,-0.74,0.29,-0.73,13.98,12.27,0.12,NO_FALL,,
2026-07-28 10:39:36.522,-0.74,0.29,-0.73,13.98,12.27,0.12,NO_FALL,,
2026-07-28 10:39:36.523,-0.67,0.21,-0.71,7.51,10.56,-5.55,NO_FALL,,
2026-07-28 10:39:36.581,-0.67,0.21,-0.71,7.51,10.56,-5.55,NO_FALL,,
2026-07-28 10:39:36.582,-0.62,0.17,-0.68,3.72,10.68,-4.88,NO_FALL,,
2026-07-28 10:39:36.582,-0.58,0.14,-0.66,0.61,10.38,-1.77,NO_FALL,,
2026-07-28 10:39:36.641,-0.58,0.14,-0.66,0.61,10.38,-1.77,NO_FALL,,
2026-07-28 10:39:36.642,-0.55,0.13,-0.67,-2.93,7.02,1.34,NO_FALL,,
2026-07-28 10:39:36.642,-0.55,0.13,-0.67,-2.93,7.02,1.34,NO_FALL,,
2026-07-28 10:39:36.702,-0.52,0.15,-0.7,-4.94,2.32,5.49,NO_FALL,,
2026-07-28 10:39:36.702,-0.52,0.15,-0.7,-4.94,2.32,5.49,NO_FALL,,
2026-07-28 10:39:36.762,-0.56,0.23,-0.72,-1.22,3.3,13.0,NO_FALL,,
2026-07-28 10:39:36.762,-0.56,0.23,-0.72,-1.22,3.3,13.0,NO_FALL,,
2026-07-28 10:39:36.763,-0.63,0.3,-0.72,4.15,7.63,16.91,NO_FALL,,
2026-07-28 10:39:36.821,-0.62,0.31,-0.72,-2.38,2.99,7.26,NO_FALL,,
2026-07-28 10:39:36.822,-0.62,0.31,-0.72,-2.38,2.99,7.26,NO_FALL,,
2026-07-28 10:39:36.823,-0.59,0.28,-0.71,-10.13,-3.17,-4.21,NO_FALL,,
2026-07-28 10:39:36.881,-0.59,0.28,-0.71,-10.13,-3.17,-4.21,NO_FALL,,
2026-07-28 10:39:36.882,-0.59,0.26,-0.68,-1.71,0.49,-1.83,NO_FALL,,
2026-07-28 10:39:36.882,-0.59,0.26,-0.68,-1.71,0.49,-1.83,NO_FALL,,
2026-07-28 10:39:36.942,-0.6,0.24,-0.66,7.87,2.81,5.07,NO_FALL,,
2026-07-28 10:39:36.942,-0.6,0.24,-0.66,7.87,2.81,5.07,NO_FALL,,
2026-07-28 10:39:37.002,-0.59,0.22,-0.67,4.21,-2.2,4.58,NO_FALL,,
2026-07-28 10:39:37.002,-0.57,0.21,-0.7,-5.43,-5.55,1.53,NO_FALL,,
2026-07-28 10:39:37.003,-0.57,0.21,-0.7,-5.43,-5.55,1.53,NO_FALL,,
2026-07-28 10:39:37.061,-0.57,0.24,-0.72,-11.66,-4.21,2.81,NO_FALL,,
2026-07-28 10:39:37.062,-0.57,0.24,-0.72,-11.66,-4.21,2.81,NO_FALL,,
2026-07-28 10:39:37.063,-0.58,0.28,-0.73,-13.37,-3.78,7.32,NO_FALL,,
2026-07-28 10:39:37.121,-0.58,0.28,-0.73,-13.37,-3.78,7.32,NO_FALL,,
2026-07-28 10:39:37.122,-0.59,0.31,-0.73,-14.1,-5.13,11.47,NO_FALL,,
2026-07-28 10:39:37.123,-0.59,0.31,-0.73,-14.1,-5.13,11.47,NO_FALL,,
2026-07-28 10:39:37.182,-0.61,0.34,-0.72,-16.05,-7.08,13.49,NO_FALL,,
2026-07-28 10:39:37.182,-0.63,0.36,-0.72,-18.25,-10.56,12.27,NO_FALL,,
2026-07-28 10:39:37.242,-0.63,0.36,-0.72,-18.25,-10.56,12.27,NO_FALL,,
2026-07-28 10:39:37.242,-0.63,0.36,-0.72,-18.43,-11.23,8.48,NO_FALL,,
2026-07-28 10:39:37.243,-0.63,0.36,-0.72,-18.43,-11.23,8.48,NO_FALL,,
2026-07-28 10:39:37.301,-0.61,0.36,-0.7,-16.91,-7.32,5.55,NO_FALL,,
2026-07-28 10:39:37.302,-0.61,0.36,-0.7,-16.91,-7.32,5.55,NO_FALL,,
2026-07-28 10:39:37.361,-0.62,0.36,-0.68,-15.56,-5.13,6.35,NO_FALL,,
2026-07-28 10:39:37.362,-0.62,0.36,-0.68,-15.56,-5.13,6.35,NO_FALL,,
2026-07-28 10:39:37.363,-0.64,0.38,-0.67,-14.95,-5.25,9.46,NO_FALL,,
2026-07-28 10:39:37.422,-0.65,0.4,-0.67,-13.85,-5.8,11.11,NO_FALL,,
2026-07-28 10:39:37.422,-0.65,0.4,-0.67,-13.85,-5.8,11.11,NO_FALL,,
2026-07-28 10:39:37.423,-0.67,0.42,-0.68,-11.72,-7.45,10.07,NO_FALL,,
2026-07-28 10:39:37.482,-0.67,0.42,-0.68,-11.72,-7.45,10.07,NO_FALL,,
2026-07-28 10:39:37.482,-0.67,0.43,-0.69,-8.61,-6.23,6.77,NO_FALL,,
2026-07-28 10:39:37.541,-0.67,0.43,-0.69,-8.61,-6.23,6.77,NO_FALL,,
2026-07-28 10:39:37.542,-0.66,0.43,-0.69,-4.46,1.77,3.48,NO_FALL,,
2026-07-28 10:39:37.543,-0.65,0.43,-0.67,-2.08,11.47,0.85,NO_FALL,,
2026-07-28 10:39:37.601,-0.65,0.43,-0.67,-2.08,11.47,0.85,NO_FALL,,
2026-07-28 10:39:37.602,-0.64,0.42,-0.65,-4.15,15.14,-2.32,NO_FALL,,
2026-07-28 10:39:37.603,-0.64,0.42,-0.65,-4.15,15.14,-2.32,NO_FALL,,
2026-07-28 10:39:37.662,-0.63,0.41,-0.63,-5.0,13.18,-4.58,NO_FALL,,
2026-07-28 10:39:37.662,-0.63,0.41,-0.63,-5.0,13.18,-4.58,NO_FALL,,
2026-07-28 10:39:37.722,-0.61,0.38,-0.61,-2.93,7.93,-6.04,NO_FALL,,
2026-07-28 10:39:37.722,-0.61,0.38,-0.61,-4.21,1.28,-6.65,NO_FALL,,
2026-07-28 10:39:37.723,-0.57,0.34,-0.61,-4.21,1.28,-6.65,NO_FALL,,
2026-07-28 10:39:37.781,-0.55,0.34,-0.63,-7.51,-2.26,-1.95,NO_FALL,,
2026-07-28 10:39:37.782,-0.55,0.34,-0.63,-7.51,-2.26,-1.95,NO_FALL,,
2026-07-28 10:39:37.783,-0.56,0.38,-0.66,-7.75,-0.92,7.69,NO_FALL,,
2026-07-28 10:39:37.841,-0.56,0.38,-0.66,-7.75,-0.92,7.69,NO_FALL,,
2026-07-28 10:39:37.842,-0.59,0.44,-0.68,-6.29,0.85,15.32,NO_FALL,,
2026-07-28 10:39:37.843,-0.59,0.44,-0.68,-6.29,0.85,15.32,NO_FALL,,
2026-07-28 10:39:37.902,-0.61,0.47,-0.69,-7.14,-0.61,15.93,NO_FALL,,
2026-07-28 10:39:37.902,-0.61,0.47,-0.69,-8.85,-2.44,12.39,NO_FALL,,
2026-07-28 10:39:37.961,-0.61,0.48,-0.69,-8.85,-2.44,12.39,NO_FALL,,
2026-07-28 10:39:37.962,-0.61,0.48,-0.67,-7.02,-0.12,10.01,NO_FALL,,
2026-07-28 10:39:37.963,-0.61,0.48,-0.67,-7.02,-0.12,10.01,NO_FALL,,
2026-07-28 10:39:38.021,-0.6,0.47,-0.65,-3.85,2.99,8.42,NO_FALL,,
2026-07-28 10:39:38.022,-0.6,0.47,-0.65,-3.85,2.99,8.42,NO_FALL,,
2026-07-28 10:39:38.023,-0.59,0.45,-0.64,-3.72,3.6,6.23,NO_FALL,,
2026-07-28 10:39:38.081,-0.59,0.45,-0.64,-3.72,3.6,6.23,NO_FALL,,
2026-07-28 10:39:38.082,-0.57,0.44,-0.63,-6.9,2.26,4.64,NO_FALL,,
2026-07-28 10:39:38.141,-0.57,0.44,-0.63,-11.47,-0.12,4.58,NO_FALL,,
2026-07-28 10:39:38.142,-0.55,0.44,-0.63,-11.47,-0.12,4.58,NO_FALL,,
2026-07-28 10:39:38.143,-0.55,0.46,-0.64,-15.01,-2.56,5.98,NO_FALL,,
2026-07-28 10:39:38.201,-0.55,0.46,-0.64,-15.01,-2.56,5.98,NO_FALL,,
2026-07-28 10:39:38.202,-0.56,0.49,-0.65,-15.56,-3.42,7.51,NO_FALL,,
2026-07-28 10:39:38.203,-0.56,0.49,-0.65,-15.56,-3.42,7.51,NO_FALL,,
2026-07-28 10:39:38.261,-0.57,0.51,-0.64,-13.0,-2.56,7.57,NO_FALL,,
2026-07-28 10:39:38.262,-0.57,0.51,-0.64,-13.0,-2.56,7.57,NO_FALL,,
2026-07-28 10:39:38.263,-0.57,0.52,-0.63,-10.31,-3.42,5.8,NO_FALL,,
2026-07-28 10:39:38.322,-0.57,0.51,-0.63,-9.28,-6.96,3.17,NO_FALL,,
2026-07-28 10:39:38.322,-0.57,0.51,-0.63,-9.28,-6.96,3.17,NO_FALL,,
2026-07-28 10:39:38.382,-0.56,0.51,-0.62,-7.63,-8.97,2.08,NO_FALL,,
2026-07-28 10:39:38.382,-0.56,0.51,-0.62,-7.63,-8.97,2.08,NO_FALL,,
2026-07-28 10:39:38.382,-0.57,0.52,-0.61,-5.49,-8.0,2.99,NO_FALL,,
2026-07-28 10:39:38.441,-0.57,0.52,-0.61,-5.49,-8.0,2.99,NO_FALL,,
2026-07-28 10:39:38.442,-0.57,0.52,-0.6,-5.19,-7.69,3.91,NO_FALL,,
2026-07-28 10:39:38.442,-0.57,0.52,-0.6,-5.19,-7.69,3.91,NO_FALL,,
2026-07-28 10:39:38.502,-0.58,0.53,-0.61,-5.92,-8.79,4.88,NO_FALL,,
2026-07-28 10:39:38.502,-0.61,0.55,-0.6,-4.82,-9.16,7.2,NO_FALL,,
2026-07-28 10:39:38.561,-0.61,0.55,-0.6,-4.82,-9.16,7.2,NO_FALL,,
2026-07-28 10:39:38.562,-0.63,0.57,-0.59,-3.17,-8.0,8.79,NO_FALL,,
2026-07-28 10:39:38.563,-0.63,0.57,-0.59,-3.17,-8.0,8.79,NO_FALL,,
2026-07-28 10:39:38.621,-0.63,0.57,-0.58,-4.15,-6.29,6.71,NO_FALL,,
2026-07-28 10:39:38.622,-0.63,0.57,-0.58,-4.15,-6.29,6.71,NO_FALL,,
2026-07-28 10:39:38.623,-0.62,0.56,-0.57,-5.43,-4.58,3.48,NO_FALL,,
2026-07-28 10:39:38.681,-0.62,0.56,-0.57,-5.43,-4.58,3.48,NO_FALL,,
2026-07-28 10:39:38.682,-0.6,0.56,-0.56,-4.88,-2.87,1.83,NO_FALL,,
2026-07-28 10:39:38.742,-0.59,0.55,-0.57,-4.15,-1.95,1.46,NO_FALL,,
2026-07-28 10:39:38.742,-0.59,0.55,-0.57,-4.15,-1.95,1.46,NO_FALL,,
2026-07-28 10:39:38.743,-0.58,0.55,-0.58,-3.78,-0.98,1.4,NO_FALL,,
2026-07-28 10:39:38.803,-0.58,0.55,-0.58,-3.78,-0.98,1.4,NO_FALL,,
2026-07-28 10:39:38.803,-0.58,0.56,-0.59,-2.56,1.1,1.59,NO_FALL,,
2026-07-28 10:39:38.803,-0.58,0.56,-0.59,-2.56,1.1,1.59,NO_FALL,,
2026-07-28 10:39:38.862,-0.58,0.57,-0.6,-0.06,3.6,2.14,NO_FALL,,
2026-07-28 10:39:38.862,-0.58,0.57,-0.6,-0.06,3.6,2.14,NO_FALL,,
2026-07-28 10:39:38.863,-0.59,0.58,-0.61,2.2,5.37,1.89,NO_FALL,,
2026-07-28 10:39:38.921,-0.59,0.58,-0.61,4.82,7.93,0.73,NO_FALL,,
2026-07-28 10:39:38.922,-0.61,0.59,-0.63,4.82,7.93,0.73,NO_FALL,,
2026-07-28 10:39:38.982,-0.66,0.64,-0.66,9.77,12.51,-2.75,NO_FALL,,
2026-07-28 10:39:38.982,-0.66,0.64,-0.66,9.77,12.51,-2.75,NO_FALL,,
2026-07-28 10:39:38.983,-0.69,0.65,-0.69,16.05,17.52,-9.64,NO_FALL,,
2026-07-28 10:39:39.041,-0.69,0.65,-0.69,16.05,17.52,-9.64,NO_FALL,,
2026-07-28 10:39:39.042,-0.71,0.62,-0.69,20.81,26.49,-18.68,NO_FALL,,
2026-07-28 10:39:39.043,-0.71,0.62,-0.69,20.81,26.49,-18.68,NO_FALL,,
2026-07-28 10:39:39.101,-0.66,0.54,-0.66,20.32,36.99,-32.65,NO_FALL,,
2026-07-28 10:39:39.102,-0.55,0.4,-0.57,16.6,38.88,-46.2,NO_FALL,,
2026-07-28 10:39:39.162,-0.55,0.4,-0.57,16.6,38.88,-46.2,NO_FALL,,
2026-07-28 10:39:39.162,-0.44,0.25,-0.46,11.96,22.03,-47.06,NO_FALL,,
2026-07-28 10:39:39.163,-0.44,0.25,-0.46,11.96,22.03,-47.06,NO_FALL,,
2026-07-28 10:39:39.221,-0.38,0.15,-0.37,3.72,-0.24,-33.69,NO_FALL,,
2026-07-28 10:39:39.222,-0.38,0.15,-0.37,3.72,-0.24,-33.69,NO_FALL,,
2026-07-28 10:39:39.223,-0.4,0.16,-0.28,-13.92,-7.08,-14.53,NO_FALL,,
2026-07-28 10:39:39.341,-0.37,0.18,-0.14,-56.09,-24.41,8.42,FALL,6,AUTO_FALL_LIKE
2026-07-28 10:39:39.342,-0.37,0.18,-0.14,-56.09,-24.41,8.42,FALL,6,AUTO_FALL_LIKE
2026-07-28 10:39:39.342,-0.17,0.09,-0.01,-124.39,-90.39,42.18,FALL,6,AUTO_FALL_LIKE
2026-07-28 10:39:39.343,-0.17,0.09,-0.01,-124.39,-90.39,42.18,FALL,6,AUTO_FALL_LIKE
2026-07-28 10:39:39.344,0.02,0.0,0.02,-181.52,-171.51,70.74,FALL,6,AUTO_FALL_LIKE
2026-07-28 10:39:39.402,0.02,0.0,0.02,-181.52,-171.51,70.74,FALL,6,AUTO_FALL_LIKE
2026-07-28 10:39:39.402,0.07,-0.02,0.01,-199.22,-211.55,73.06,FALL,6,AUTO_FALL_LIKE
2026-07-28 10:39:39.461,0.04,-0.01,-0.01,-191.65,-213.68,57.43,FALL,6,AUTO_FALL_LIKE
2026-07-28 10:39:39.462,0.04,-0.01,-0.01,-191.65,-213.68,57.43,FALL,6,AUTO_FALL_LIKE
2026-07-28 10:39:39.463,0.01,0.01,-0.01,-180.48,-205.02,39.61,FALL,6,AUTO_FALL_LIKE
2026-07-28 10:39:39.521,0.01,0.01,-0.01,-180.48,-205.02,39.61,FALL,6,AUTO_FALL_LIKE
2026-07-28 10:39:39.522,-0.18,0.27,0.05,-176.33,-202.03,28.02,FALL,6,AUTO_FALL_LIKE
2026-07-28 10:39:39.581,-0.43,0.94,0.8,-351.87,-270.14,85.82,FALL,6,AUTO_FALL_LIKE
2026-07-28 10:39:39.582,-0.43,0.94,0.8,-351.87,-270.14,85.82,FALL,6,AUTO_FALL_LIKE
2026-07-28 10:39:39.583,-0.19,1.03,0.57,-1006.29,-391.17,137.21,FALL,6,AUTO_FALL_LIKE
2026-07-28 10:39:39.641,-0.19,1.03,0.57,-1006.29,-391.17,137.21,FALL,6,AUTO_FALL_LIKE
2026-07-28 10:39:39.642,-0.11,0.57,-0.87,-1729.68,-549.62,-46.8,FALL,6,AUTO_FALL_LIKE
2026-07-28 10:39:39.643,-0.11,0.57,-0.87,-1729.68,-549.62,-46.8,FALL,6,AUTO_FALL_LIKE
2026-07-28 10:39:39.701,-0.54,0.23,-1.07,-1742.86,-600.16,-350.0,FALL,6,AUTO_FALL_LIKE
2026-07-28 10:39:39.702,-0.83,-0.09,-0.43,-1072.2,-347.23,-480.0,FALL,6,AUTO_FALL_LIKE
2026-07-28 10:39:39.761,-0.83,-0.09,-0.43,-1072.2,-347.23,-480.0,FALL,6,AUTO_FALL_LIKE
2026-07-28 10:39:39.762,-0.7,-0.09,-0.04,-332.34,65.92,-306.64,FALL,6,AUTO_FALL_LIKE
2026-07-28 10:39:39.763,-0.7,-0.09,-0.04,-332.34,65.92,-306.64,FALL,6,AUTO_FALL_LIKE
2026-07-28 10:39:39.822,-0.17,0.35,-0.3,50.48,439.76,103.76,FALL,6,AUTO_FALL_LIKE
2026-07-28 10:39:39.822,0.33,0.58,-1.01,277.04,557.19,411.32,FALL,6,AUTO_FALL_LIKE
2026-07-28 10:39:39.881,0.33,0.58,-1.01,277.04,557.19,411.32,FALL,6,AUTO_FALL_LIKE
2026-07-28 10:39:39.882,0.37,0.2,-1.36,469.79,303.34,348.51,FALL,6,AUTO_FALL_LIKE
2026-07-28 10:39:39.883,0.37,0.2,-1.36,469.79,303.34,348.51,FALL,6,AUTO_FALL_LIKE
2026-07-28 10:39:39.941,0.1,-0.05,-1.17,303.96,-24.11,105.22,FALL,6,AUTO_FALL_LIKE
2026-07-28 10:39:39.942,-0.06,0.04,-0.99,-35.1,-145.87,-35.28,FALL,6,AUTO_FALL_LIKE
2026-07-28 10:39:39.943,-0.06,0.04,-0.99,-35.1,-145.87,-35.28,FALL,6,AUTO_FALL_LIKE
2026-07-28 10:39:40.001,-0.11,0.18,-0.99,-193.48,-130.43,-52.55,FALL,6,AUTO_FALL_LIKE
2026-07-28 10:39:40.002,-0.11,0.18,-0.99,-193.48,-130.43,-52.55,FALL,6,AUTO_FALL_LIKE
2026-07-28 10:39:40.062,-0.12,0.41,-0.9,-339.9,-115.54,-22.52,FALL,6,AUTO_FALL_LIKE
2026-07-28 10:39:40.062,-0.12,0.41,-0.9,-339.9,-115.54,-22.52,FALL,6,AUTO_FALL_LIKE
2026-07-28 10:39:40.063,-0.21,0.73,-0.62,-453.37,-104.61,1.04,FALL,6,AUTO_FALL_LIKE
2026-07-28 10:39:40.121,-0.31,0.87,-0.5,-307.92,-60.24,15.75,FALL,6,AUTO_FALL_LIKE
2026-07-28 10:39:40.122,-0.31,0.87,-0.5,-307.92,-60.24,15.75,FALL,6,AUTO_FALL_LIKE
2026-07-28 10:39:40.181,-0.25,0.85,-0.52,-97.29,-34.18,51.33,FALL,6,AUTO_FALL_LIKE
2026-07-28 10:39:40.182,-0.25,0.85,-0.52,-97.29,-34.18,51.33,FALL,6,AUTO_FALL_LIKE
2026-07-28 10:39:40.183,-0.17,0.91,-0.5,-36.62,-29.3,55.6,FALL,6,AUTO_FALL_LIKE
2026-07-28 10:39:40.241,-0.17,0.91,-0.5,-36.62,-29.3,55.6,FALL,6,AUTO_FALL_LIKE
2026-07-28 10:39:40.242,-0.3,1.1,-0.42,-78.61,-12.15,-4.15,FALL,6,AUTO_FALL_LIKE
2026-07-28 10:39:40.243,-0.72,1.34,-0.4,-137.02,-107.85,-55.48,FALL,6,AUTO_FALL_LIKE
2026-07-28 10:39:40.301,-0.72,1.34,-0.4,-137.02,-107.85,-55.48,FALL,6,AUTO_FALL_LIKE
2026-07-28 10:39:40.302,-0.97,1.55,-0.49,-155.15,-328.0,-118.2,FALL,6,AUTO_FALL_LIKE
2026-07-28 10:39:40.361,-0.97,1.55,-0.49,-155.15,-328.0,-118.2,FALL,6,AUTO_FALL_LIKE
2026-07-28 10:39:40.362,-0.86,1.47,-0.32,-119.26,-308.84,-198.0,FALL,6,AUTO_FALL_LIKE
2026-07-28 10:39:40.363,-0.78,1.17,0.06,-32.35,-45.29,-225.83,FALL,6,AUTO_FALL_LIKE
2026-07-28 10:39:40.422,-0.78,1.17,0.06,-32.35,-45.29,-225.83,FALL,6,AUTO_FALL_LIKE
2026-07-28 10:39:40.422,-0.75,0.86,0.12,78.49,84.53,-202.27,FALL,6,AUTO_FALL_LIKE
2026-07-28 10:39:40.481,-0.75,0.86,0.12,78.49,84.53,-202.27,FALL,6,AUTO_FALL_LIKE
2026-07-28 10:39:40.482,-0.64,0.63,-0.09,172.55,60.67,-170.1,FALL,6,AUTO_FALL_LIKE
2026-07-28 10:39:40.483,-0.64,0.63,-0.09,172.55,60.67,-170.1,FALL,6,AUTO_FALL_LIKE
2026-07-28 10:39:40.541,-0.55,0.47,-0.24,197.75,54.69,-142.21,FALL,6,AUTO_FALL_LIKE
2026-07-28 10:39:40.542,-0.59,0.32,-0.27,169.01,83.56,-85.88,FALL,6,AUTO_FALL_LIKE
2026-07-28 10:39:40.543,-0.59,0.32,-0.27,169.01,83.56,-85.88,FALL,6,AUTO_FALL_LIKE
2026-07-28 10:39:40.602,-0.66,0.18,-0.28,148.99,90.21,-4.7,FALL,6,AUTO_FALL_LIKE
2026-07-28 10:39:40.602,-0.66,0.18,-0.28,148.99,90.21,-4.7,FALL,6,AUTO_FALL_LIKE
2026-07-28 10:39:40.661,-0.62,0.07,-0.32,147.16,68.12,57.19,FALL,6,AUTO_FALL_LIKE
2026-07-28 10:39:40.662,-0.62,0.07,-0.32,147.16,68.12,57.19,FALL,6,AUTO_FALL_LIKE
2026-07-28 10:39:40.663,-0.55,0.03,-0.33,154.6,40.83,71.23,FALL,6,AUTO_FALL_LIKE
2026-07-28 10:39:40.721,-0.63,0.07,-0.24,176.94,37.72,47.3,FALL,6,AUTO_FALL_LIKE
2026-07-28 10:39:40.722,-0.63,0.07,-0.24,176.94,37.72,47.3,FALL,6,AUTO_FALL_LIKE
2026-07-28 10:39:40.781,-0.76,0.09,-0.21,203.37,50.6,22.09,FALL,6,AUTO_FALL_LIKE
2026-07-28 10:39:40.782,-0.76,0.09,-0.21,203.37,50.6,22.09,FALL,6,AUTO_FALL_LIKE
2026-07-28 10:39:40.783,-0.73,0.03,-0.31,208.19,43.21,6.77,FALL,6,AUTO_FALL_LIKE
2026-07-28 10:39:40.841,-0.73,0.03,-0.31,208.19,43.21,6.77,FALL,6,AUTO_FALL_LIKE
2026-07-28 10:39:40.842,-0.64,-0.05,-0.46,171.14,28.32,-9.7,FALL,6,AUTO_FALL_LIKE
2026-07-28 10:39:40.843,-0.59,-0.1,-0.56,93.51,26.86,-26.31,FALL,6,AUTO_FALL_LIKE
2026-07-28 10:39:40.901,-0.59,-0.1,-0.56,93.51,26.86,-26.31,FALL,6,AUTO_FALL_LIKE
2026-07-28 10:39:40.902,-0.56,-0.12,-0.62,13.92,20.08,-31.19,FALL,6,AUTO_FALL_LIKE
2026-07-28 10:39:40.961,-0.56,-0.12,-0.62,13.92,20.08,-31.19,FALL,6,AUTO_FALL_LIKE
2026-07-28 10:39:40.962,-0.54,-0.13,-0.66,-23.38,8.0,-28.02,FALL,6,AUTO_FALL_LIKE
2026-07-28 10:39:40.963,-0.54,-0.13,-0.66,-23.38,8.0,-28.02,FALL,6,AUTO_FALL_LIKE
2026-07-28 10:39:41.021,-0.54,-0.13,-0.66,-23.38,8.0,-28.02,FALL,6,AUTO_FALL_LIKE
2026-07-28 10:39:41.022,-0.54,-0.13,-0.66,-23.38,8.0,-28.02,FALL,6,AUTO_FALL_LIKE
2026-07-28 10:39:41.023,-0.63,-0.13,-0.76,-8.97,-11.78,-19.65,FALL,6,AUTO_FALL_LIKE
2026-07-28 10:39:41.081,-0.63,-0.13,-0.76,6.04,-18.49,-21.36,FALL,6,AUTO_FALL_LIKE
2026-07-28 10:39:41.082,-0.64,-0.13,-0.72,6.04,-18.49,-21.36,FALL,6,AUTO_FALL_LIKE
2026-07-28 10:39:41.083,-0.64,-0.08,-0.61,17.4,-15.81,-22.71,FALL,6,AUTO_FALL_LIKE
2026-07-28 10:39:41.141,-0.64,-0.08,-0.61,17.4,-15.81,-22.71,FALL,6,AUTO_FALL_LIKE
2026-07-28 10:39:41.142,-0.6,-0.0,-0.45,8.61,-13.67,-11.84,FALL,6,AUTO_FALL_LIKE
2026-07-28 10:39:41.143,-0.6,-0.0,-0.45,8.61,-13.67,-11.84,FALL,6,AUTO_FALL_LIKE
2026-07-28 10:39:41.201,-0.37,0.03,-0.2,-25.76,-31.86,22.83,FALL,6,AUTO_FALL_LIKE
2026-07-28 10:39:41.202,-0.37,0.03,-0.2,-25.76,-31.86,22.83,FALL,6,AUTO_FALL_LIKE
2026-07-28 10:39:41.262,-0.05,0.02,0.0,-62.44,-68.54,71.9,FALL,6,AUTO_FALL_LIKE
2026-07-28 10:39:41.262,0.08,0.0,0.05,-80.63,-95.95,103.03,FALL,6,AUTO_FALL_LIKE
2026-07-28 10:39:41.263,0.08,0.0,0.05,-80.63,-95.95,103.03,FALL,6,AUTO_FALL_LIKE
2026-07-28 10:39:41.321,0.07,-0.0,0.03,-82.89,-102.29,105.96,FALL,6,AUTO_FALL_LIKE
2026-07-28 10:39:41.322,0.07,-0.0,0.03,-82.89,-102.29,105.96,FALL,6,AUTO_FALL_LIKE
2026-07-28 10:39:41.382,0.02,0.0,-0.01,-80.38,-97.6,96.92,FALL,6,AUTO_FALL_LIKE
2026-07-28 10:39:41.382,-0.0,0.01,-0.02,-78.61,-91.8,89.6,FALL,6,AUTO_FALL_LIKE
2026-07-28 10:39:41.383,-0.0,0.01,-0.02,-78.61,-91.8,89.6,FALL,6,AUTO_FALL_LIKE
2026-07-28 10:39:41.441,-0.54,0.42,-0.37,-53.83,-22.28,84.29,FALL,6,AUTO_FALL_LIKE
2026-07-28 10:39:41.442,-0.54,0.42,-0.37,-53.83,-22.28,84.29,FALL,6,AUTO_FALL_LIKE
2026-07-28 10:39:41.501,-0.85,0.64,-0.6,-28.99,284.0,77.7,FALL,6,AUTO_FALL_LIKE
2026-07-28 10:39:41.502,-0.16,0.59,-0.81,-13.55,645.08,31.01,FALL,6,AUTO_FALL_LIKE
2026-07-28 10:39:41.503,-0.16,0.59,-0.81,-13.55,645.08,31.01,FALL,6,AUTO_FALL_LIKE
2026-07-28 10:39:41.561,0.28,0.64,-1.2,47.36,568.97,-78.31,FALL,6,AUTO_FALL_LIKE
2026-07-28 10:39:41.562,0.28,0.64,-1.2,47.36,568.97,-78.31,FALL,6,AUTO_FALL_LIKE
2026-07-28 10:39:41.681,0.05,0.41,-1.13,74.52,171.08,-131.59,FALL,6,AUTO_FALL_LIKE
2026-07-28 10:39:41.681,0.05,0.41,-1.13,74.52,171.08,-131.59,FALL,6,AUTO_FALL_LIKE
2026-07-28 10:39:41.682,-0.17,0.19,-0.98,54.69,-68.73,-77.39,FALL,6,AUTO_FALL_LIKE
2026-07-28 10:39:41.683,-0.17,0.19,-0.98,54.69,-68.73,-77.39,FALL,6,AUTO_FALL_LIKE
2026-07-28 10:39:41.684,-0.17,0.19,-0.98,54.69,-68.73,-77.39,FALL,6,AUTO_FALL_LIKE
2026-07-28 10:39:41.684,-0.17,0.19,-0.98,54.69,-68.73,-77.39,FALL,6,AUTO_FALL_LIKE
2026-07-28 10:39:41.741,-0.12,0.28,-0.93,-33.51,-37.48,-2.08,FALL,6,AUTO_FALL_LIKE
2026-07-28 10:39:41.742,-0.18,0.43,-0.89,-78.74,-17.4,-8.48,FALL,6,AUTO_FALL_LIKE
2026-07-28 10:39:41.743,-0.18,0.43,-0.89,-78.74,-17.4,-8.48,FALL,6,AUTO_FALL_LIKE
2026-07-28 10:39:41.802,-0.19,0.43,-0.86,-51.51,-3.72,-3.36,FALL,6,AUTO_FALL_LIKE
2026-07-28 10:39:41.802,-0.19,0.43,-0.86,-51.51,-3.72,-3.36,FALL,6,AUTO_FALL_LIKE
2026-07-28 10:39:41.803,-0.19,0.32,-0.88,7.02,11.11,15.14,NO_FALL,,
2026-07-28 10:39:41.862,-0.19,0.32,-0.88,7.02,11.11,15.14,NO_FALL,,
2026-07-28 10:39:41.862,-0.2,0.36,-0.88,22.77,13.98,45.78,NO_FALL,,
2026-07-28 10:39:41.863,-0.2,0.36,-0.88,22.77,13.98,45.78,NO_FALL,,
2026-07-28 10:39:41.921,-0.19,0.47,-0.86,4.21,-15.75,72.45,NO_FALL,,
2026-07-28 10:39:41.922,-0.21,0.41,-0.88,36.93,-49.38,73.97,NO_FALL,,
2026-07-28 10:39:41.981,-0.21,0.41,-0.88,36.93,-49.38,73.97,NO_FALL,,
2026-07-28 10:39:41.982,-0.27,0.23,-0.92,85.57,-48.03,48.03,NO_FALL,,
2026-07-28 10:39:41.983,-0.27,0.23,-0.92,85.57,-48.03,48.03,NO_FALL,,
2026-07-28 10:39:42.041,-0.26,0.17,-0.96,48.28,-24.48,18.62,NO_FALL,,
2026-07-28 10:39:42.042,-0.26,0.17,-0.96,48.28,-24.48,18.62,NO_FALL,,
2026-07-28 10:39:42.102,-0.2,0.27,-0.91,-60.24,-20.08,2.38,NO_FALL,,
2026-07-28 10:39:42.102,-0.21,0.37,-0.88,-110.78,-47.0,-8.0,NO_FALL,,
2026-07-28 10:39:42.103,-0.21,0.37,-0.88,-110.78,-47.0,-8.0,NO_FALL,,
2026-07-28 10:39:42.161,-0.23,0.39,-0.94,-38.33,-82.95,8.3,NO_FALL,,
2026-07-28 10:39:42.162,-0.23,0.39,-0.94,-38.33,-82.95,8.3,NO_FALL,,
2026-07-28 10:39:42.163,-0.35,0.34,-1.05,72.69,-114.69,41.56,NO_FALL,,
2026-07-28 10:39:42.221,-0.35,0.34,-1.05,72.69,-114.69,41.56,NO_FALL,,
2026-07-28 10:39:42.222,-0.56,0.24,-1.13,128.48,-123.9,40.41,NO_FALL,,
2026-07-28 10:39:42.281,-0.63,0.18,-1.05,118.59,-123.54,21.24,NO_FALL,,
2026-07-28 10:39:42.282,-0.63,0.18,-1.05,118.59,-123.54,21.24,NO_FALL,,
2026-07-28 10:39:42.283,-0.55,0.16,-0.8,92.59,-125.85,22.95,NO_FALL,,
2026-07-28 10:39:42.341,-0.55,0.16,-0.8,92.59,-125.85,22.95,NO_FALL,,
2026-07-28 10:39:42.342,-0.46,0.13,-0.56,72.63,-117.68,33.26,NO_FALL,,
2026-07-28 10:39:42.402,-0.46,0.13,-0.56,50.42,-113.28,40.47,NO_FALL,,
2026-07-28 10:39:42.402,-0.44,0.09,-0.45,50.42,-113.28,40.47,NO_FALL,,
2026-07-28 10:39:42.403,-0.49,0.11,-0.48,31.43,-137.76,48.46,NO_FALL,,
2026-07-28 10:39:42.461,-0.49,0.11,-0.48,31.43,-137.76,48.46,NO_FALL,,
2026-07-28 10:39:42.462,-0.57,0.2,-0.54,41.02,-185.55,68.05,NO_FALL,,
2026-07-28 10:39:42.463,-0.57,0.2,-0.54,41.02,-185.55,68.05,NO_FALL,,
2026-07-28 10:39:42.522,-0.64,0.32,-0.52,72.27,-217.77,104.25,NO_FALL,,
2026-07-28 10:39:42.522,-0.55,0.42,-0.38,84.72,-212.04,146.42,NO_FALL,,
2026-07-28 10:39:42.582,-0.55,0.42,-0.38,84.72,-212.04,146.42,NO_FALL,,
2026-07-28 10:39:42.582,-0.74,0.63,-0.27,88.38,-125.18,152.95,NO_FALL,,
2026-07-28 10:39:42.583,-0.74,0.63,-0.27,88.38,-125.18,152.95,NO_FALL,,
2026-07-28 10:39:42.641,-1.26,0.75,-0.35,102.66,39.67,31.92,NO_FALL,,
2026-07-28 10:39:42.642,-1.26,0.75,-0.35,102.66,39.67,31.92,NO_FALL,,
2026-07-28 10:39:42.701,-1.24,0.54,-0.41,74.28,113.34,-89.54,NO_FALL,,
2026-07-28 10:39:42.702,-0.81,0.29,-0.35,-5.68,47.85,-37.9,NO_FALL,,
2026-07-28 10:39:42.703,-0.81,0.29,-0.35,-5.68,47.85,-37.9,NO_FALL,,
2026-07-28 10:39:42.762,-0.7,0.25,-0.32,-51.21,6.47,31.86,NO_FALL,,
2026-07-28 10:39:42.762,-0.7,0.25,-0.32,-51.21,6.47,31.86,NO_FALL,,
2026-07-28 10:39:42.763,-0.88,0.35,-0.38,-33.94,36.68,7.02,NO_FALL,,
2026-07-28 10:39:42.821,-0.88,0.35,-0.38,-33.94,36.68,7.02,NO_FALL,,
2026-07-28 10:39:42.822,-0.91,0.37,-0.47,-11.96,55.91,-20.39,NO_FALL,,
2026-07-28 10:39:42.881,-0.79,0.31,-0.57,-13.06,44.01,-14.34,NO_FALL,,
2026-07-28 10:39:42.882,-0.79,0.31,-0.57,-13.06,44.01,-14.34,NO_FALL,,
2026-07-28 10:39:42.883,-0.73,0.29,-0.64,-15.38,31.86,-2.87,NO_FALL,,
2026-07-28 10:39:42.941,-0.73,0.29,-0.64,-15.38,31.86,-2.87,NO_FALL,,
2026-07-28 10:39:42.942,-0.71,0.3,-0.68,-10.13,23.44,25.63,NO_FALL,,
2026-07-28 10:39:42.943,-0.71,0.3,-0.68,-10.13,23.44,25.63,NO_FALL,,
2026-07-28 10:39:43.002,-0.73,0.34,-0.71,8.24,10.5,67.26,NO_FALL,,
2026-07-28 10:39:43.002,-0.81,0.37,-0.73,45.59,-4.33,82.52,NO_FALL,,
2026-07-28 10:39:43.062,-0.81,0.37,-0.73,45.59,-4.33,82.52,NO_FALL,,
2026-07-28 10:39:43.062,-0.82,0.39,-0.72,90.15,-21.55,71.53,NO_FALL,,
2026-07-28 10:39:43.063,-0.82,0.39,-0.72,90.15,-21.55,71.53,NO_FALL,,
2026-07-28 10:39:43.121,-0.64,0.41,-0.59,114.99,-43.64,59.08,NO_FALL,,
2026-07-28 10:39:43.122,-0.64,0.41,-0.59,114.99,-43.64,59.08,NO_FALL,,
2026-07-28 10:39:43.123,-0.46,0.41,-0.45,100.04,-52.98,48.1,NO_FALL,,
2026-07-28 10:39:43.182,-0.46,0.41,-0.45,100.04,-52.98,48.1,NO_FALL,,
2026-07-28 10:39:43.182,-0.46,0.41,-0.45,100.04,-52.98,48.1,NO_FALL,,
2026-07-28 10:39:43.183,-0.46,0.41,-0.45,100.04,-52.98,48.1,NO_FALL,,
2026-07-28 10:39:43.241,-0.48,0.39,-0.4,25.82,-2.08,39.49,NO_FALL,,
2026-07-28 10:39:43.242,-0.59,0.37,-0.47,1.83,30.88,42.05,NO_FALL,,
2026-07-28 10:39:43.301,-0.59,0.37,-0.47,1.83,30.88,42.05,NO_FALL,,
2026-07-28 10:39:43.302,-0.75,0.38,-0.58,-3.6,49.19,34.79,NO_FALL,,
2026-07-28 10:39:43.303,-0.75,0.38,-0.58,-3.6,49.19,34.79,NO_FALL,,
2026-07-28 10:39:43.361,-0.91,0.46,-0.65,-0.31,45.59,27.53,NO_FALL,,
2026-07-28 10:39:43.362,-0.91,0.46,-0.65,-0.31,45.59,27.53,NO_FALL,,
2026-07-28 10:39:43.363,-0.94,0.54,-0.64,-7.93,22.77,30.27,NO_FALL,,
2026-07-28 10:39:43.421,-0.84,0.55,-0.58,-25.88,-5.37,34.61,NO_FALL,,
2026-07-28 10:39:43.422,-0.84,0.55,-0.58,-25.88,-5.37,34.61,NO_FALL,,
2026-07-28 10:39:43.482,-0.72,0.55,-0.54,-34.67,-21.0,27.71,NO_FALL,,
2026-07-28 10:39:43.482,-0.72,0.55,-0.54,-34.67,-21.0,27.71,NO_FALL,,
2026-07-28 10:39:43.483,-0.63,0.57,-0.54,-25.63,-20.32,9.03,NO_FALL,,
2026-07-28 10:39:43.541,-0.55,0.58,-0.57,-12.45,-14.34,-8.67,NO_FALL,,
2026-07-28 10:39:43.542,-0.55,0.58,-0.57,-12.45,-14.34,-8.67,NO_FALL,,
2026-07-28 10:39:43.601,-0.5,0.57,-0.59,-9.7,-14.47,-14.59,NO_FALL,,
2026-07-28 10:39:43.602,-0.5,0.57,-0.59,-9.7,-14.47,-14.59,NO_FALL,,
2026-07-28 10:39:43.603,-0.45,0.55,-0.59,-16.3,-20.57,-14.04,NO_FALL,,
2026-07-28 10:39:43.661,-0.45,0.55,-0.59,-16.3,-20.57,-14.04,NO_FALL,,
2026-07-28 10:39:43.662,-0.48,0.52,-0.62,-21.48,-19.9,-17.52,NO_FALL,,
2026-07-28 10:39:43.662,-0.48,0.52,-0.62,-14.04,-11.11,-23.68,NO_FALL,,
2026-07-28 10:39:43.722,-0.63,0.49,-0.7,-14.04,-11.11,-23.68,NO_FALL,,
2026-07-28 10:39:43.722,-0.73,0.47,-0.74,4.27,-12.02,-21.42,NO_FALL,,
2026-07-28 10:39:43.782,-0.73,0.47,-0.74,4.27,-12.02,-21.42,NO_FALL,,
2026-07-28 10:39:43.782,-0.68,0.43,-0.68,14.53,-27.04,-3.23,NO_FALL,,
2026-07-28 10:39:43.783,-0.68,0.43,-0.68,14.53,-27.04,-3.23,NO_FALL,,
2026-07-28 10:39:43.841,-0.58,0.4,-0.58,10.07,-37.72,17.52,NO_FALL,,
2026-07-28 10:39:43.842,-0.58,0.4,-0.58,10.07,-37.72,17.52,NO_FALL,,
2026-07-28 10:39:43.843,-0.56,0.43,-0.51,8.06,-31.01,19.96,NO_FALL,,
2026-07-28 10:39:43.901,-0.63,0.51,-0.48,13.49,-15.14,13.98,NO_FALL,,
2026-07-28 10:39:43.902,-0.63,0.51,-0.48,13.49,-15.14,13.98,NO_FALL,,
2026-07-28 10:39:43.962,-0.72,0.58,-0.47,15.2,-8.06,18.86,NO_FALL,,
2026-07-28 10:39:43.962,-0.72,0.58,-0.47,15.2,-8.06,18.86,NO_FALL,,
2026-07-28 10:39:43.963,-0.75,0.59,-0.43,10.86,-14.28,29.24,NO_FALL,,
2026-07-28 10:39:44.021,-0.75,0.59,-0.43,10.86,-14.28,29.24,NO_FALL,,
2026-07-28 10:39:44.022,-0.71,0.57,-0.38,4.52,-23.38,33.26,NO_FALL,,
2026-07-28 10:39:44.022,-0.71,0.57,-0.38,-1.28,-24.48,30.21,NO_FALL,,
2026-07-28 10:39:44.081,-0.66,0.55,-0.33,-1.28,-24.48,30.21,NO_FALL,,
2026-07-28 10:39:44.082,-0.63,0.56,-0.31,-5.98,-15.99,25.02,NO_FALL,,
2026-07-28 10:39:44.141,-0.63,0.56,-0.31,-5.98,-15.99,25.02,NO_FALL,,
2026-07-28 10:39:44.142,-0.65,0.6,-0.35,-8.0,-0.06,16.42,NO_FALL,,
2026-07-28 10:39:44.143,-0.65,0.6,-0.35,-8.0,-0.06,16.42,NO_FALL,,
2026-07-28 10:39:44.202,-0.69,0.64,-0.42,-7.14,17.88,-0.31,NO_FALL,,
2026-07-28 10:39:44.202,-0.69,0.64,-0.42,-7.14,17.88,-0.31,NO_FALL,,
2026-07-28 10:39:44.203,-0.65,0.64,-0.46,-11.78,23.01,-11.47,NO_FALL,,
2026-07-28 10:39:44.262,-0.58,0.6,-0.46,-22.09,17.94,-7.26,NO_FALL,,
2026-07-28 10:39:44.262,-0.58,0.6,-0.46,-22.09,17.94,-7.26,NO_FALL,,
2026-07-28 10:39:44.321,-0.6,0.58,-0.49,-23.19,20.87,-6.65,NO_FALL,,
2026-07-28 10:39:44.322,-0.6,0.58,-0.49,-23.19,20.87,-6.65,NO_FALL,,
2026-07-28 10:39:44.323,-0.66,0.58,-0.53,-13.43,27.34,-15.38,NO_FALL,,
2026-07-28 10:39:44.381,-0.66,0.58,-0.53,-13.43,27.34,-15.38,NO_FALL,,
2026-07-28 10:39:44.382,-0.67,0.55,-0.54,-6.47,24.84,-18.19,NO_FALL,,
2026-07-28 10:39:44.383,-0.66,0.53,-0.54,-5.31,17.09,-14.1,NO_FALL,,
2026-07-28 10:39:44.441,-0.66,0.53,-0.54,-5.31,17.09,-14.1,NO_FALL,,
2026-07-28 10:39:44.442,-0.66,0.53,-0.53,-3.72,9.52,-11.84,NO_FALL,,
2026-07-28 10:39:44.501,-0.66,0.53,-0.53,-3.72,9.52,-11.84,NO_FALL,,
2026-07-28 10:39:44.502,-0.62,0.54,-0.5,-2.2,2.44,-12.08,NO_FALL,,
2026-07-28 10:39:44.503,-0.62,0.54,-0.5,-2.2,2.44,-12.08,NO_FALL,,
2026-07-28 10:39:44.561,-0.59,0.55,-0.48,-4.88,-0.18,-13.12,NO_FALL,,
2026-07-28 10:39:44.562,-0.59,0.55,-0.48,-9.89,3.85,-15.87,NO_FALL,,
2026-07-28 10:39:44.563,-0.63,0.55,-0.48,-9.89,3.85,-15.87,NO_FALL,,
2026-07-28 10:39:44.621,-0.68,0.55,-0.48,-12.51,6.65,-17.03,NO_FALL,,
2026-07-28 10:39:44.622,-0.68,0.55,-0.48,-12.51,6.65,-17.03,NO_FALL,,
2026-07-28 10:39:44.681,-0.7,0.56,-0.47,-8.73,1.65,-12.33,NO_FALL,,
2026-07-28 10:39:44.682,-0.7,0.56,-0.47,-8.73,1.65,-12.33,NO_FALL,,
2026-07-28 10:39:44.682,-0.7,0.56,-0.46,0.24,-2.87,-7.02,NO_FALL,,
2026-07-28 10:39:44.741,-0.7,0.56,-0.46,0.24,-2.87,-7.02,NO_FALL,,
2026-07-28 10:39:44.742,-0.69,0.55,-0.46,6.77,1.28,-6.1,NO_FALL,,
2026-07-28 10:39:44.743,-0.69,0.55,-0.46,6.77,1.28,-6.1,NO_FALL,,
2026-07-28 10:39:44.801,-0.69,0.55,-0.46,6.77,1.28,-6.1,NO_FALL,,
2026-07-28 10:39:44.802,-0.69,0.55,-0.46,6.77,1.28,-6.1,NO_FALL,,
2026-07-28 10:39:44.803,-0.7,0.52,-0.49,5.13,12.63,-7.2,NO_FALL,,
2026-07-28 10:39:44.861,-0.7,0.52,-0.49,4.09,11.23,-7.26,NO_FALL,,
2026-07-28 10:39:44.862,-0.7,0.51,-0.51,4.09,11.23,-7.26,NO_FALL,,
2026-07-28 10:39:44.863,-0.67,0.5,-0.51,2.81,6.96,-4.88,NO_FALL,,
2026-07-28 10:39:44.921,-0.67,0.5,-0.51,2.81,6.96,-4.88,NO_FALL,,
2026-07-28 10:39:44.922,-0.65,0.5,-0.51,0.98,4.27,-1.59,NO_FALL,,
2026-07-28 10:39:44.923,-0.65,0.5,-0.51,0.98,4.27,-1.59,NO_FALL,,
2026-07-28 10:39:44.982,-0.66,0.51,-0.52,0.67,4.46,-1.28,NO_FALL,,
2026-07-28 10:39:44.982,-0.66,0.51,-0.52,0.67,4.46,-1.28,NO_FALL,,
2026-07-28 10:39:45.041,-0.67,0.52,-0.53,1.46,4.21,-2.32,NO_FALL,,
2026-07-28 10:39:45.042,-0.67,0.52,-0.53,1.46,4.21,-2.32,NO_FALL,,
2026-07-28 10:39:45.042,-0.67,0.51,-0.53,1.16,2.01,-0.73,NO_FALL,,
2026-07-28 10:39:45.101,-0.66,0.5,-0.53,0.37,-0.18,1.83,NO_FALL,,
2026-07-28 10:39:45.102,-0.66,0.5,-0.53,0.37,-0.18,1.83,NO_FALL,,
2026-07-28 10:39:45.103,-0.67,0.5,-0.53,0.06,-1.83,4.03,NO_FALL,,
2026-07-28 10:39:45.161,-0.67,0.5,-0.53,0.06,-1.83,4.03,NO_FALL,,
2026-07-28 10:39:45.162,-0.67,0.51,-0.51,-0.43,-4.03,6.9,NO_FALL,,
2026-07-28 10:39:45.221,-0.67,0.51,-0.51,-0.43,-4.03,6.9,NO_FALL,,
2026-07-28 10:39:45.222,-0.66,0.52,-0.5,-0.31,-5.25,8.3,NO_FALL,,
2026-07-28 10:39:45.222,-0.66,0.52,-0.5,-0.31,-5.25,8.3,NO_FALL,,
2026-07-28 10:39:45.281,-0.65,0.53,-0.48,0.67,-3.78,7.14,NO_FALL,,
2026-07-28 10:39:45.282,-0.64,0.53,-0.48,1.4,-0.61,5.43,NO_FALL,,
2026-07-28 10:39:45.282,-0.64,0.53,-0.48,1.4,-0.61,5.43,NO_FALL,,
2026-07-28 10:39:45.341,-0.63,0.53,-0.49,1.71,3.72,4.21,NO_FALL,,
2026-07-28 10:39:45.342,-0.63,0.53,-0.49,1.71,3.72,4.21,NO_FALL,,
2026-07-28 10:39:45.401,-0.64,0.53,-0.5,2.01,7.81,3.3,NO_FALL,,
2026-07-28 10:39:45.402,-0.64,0.53,-0.5,2.01,7.81,3.3,NO_FALL,,
2026-07-28 10:39:45.403,-0.64,0.53,-0.52,2.44,10.62,2.32,NO_FALL,,
2026-07-28 10:39:45.461,-0.64,0.53,-0.52,2.44,10.62,2.32,NO_FALL,,
2026-07-28 10:39:45.462,-0.66,0.53,-0.55,2.93,11.6,0.24,NO_FALL,,
2026-07-28 10:39:45.462,-0.66,0.53,-0.57,1.28,9.89,-2.01,NO_FALL,,
2026-07-28 10:39:45.521,-0.66,0.53,-0.57,1.28,9.89,-2.01,NO_FALL,,
2026-07-28 10:39:45.522,-0.66,0.52,-0.57,-5.62,4.76,-3.23,NO_FALL,,
2026-07-28 10:39:45.522,-0.66,0.52,-0.57,-5.62,4.76,-3.23,NO_FALL,,
2026-07-28 10:39:45.581,-0.65,0.52,-0.54,-11.47,-5.31,-3.42,NO_FALL,,
2026-07-28 10:39:45.582,-0.65,0.52,-0.54,-11.47,-5.31,-3.42,NO_FALL,,
2026-07-28 10:39:45.641,-0.64,0.53,-0.5,-7.32,-20.08,-2.62,NO_FALL,,
2026-07-28 10:39:45.642,-0.61,0.55,-0.45,-0.49,-29.11,-2.62,NO_FALL,,
2026-07-28 10:39:45.642,-0.61,0.55,-0.45,-0.49,-29.11,-2.62,NO_FALL,,
2026-07-28 10:39:45.701,-0.62,0.56,-0.43,-4.52,-23.68,-6.77,NO_FALL,,
2026-07-28 10:39:45.702,-0.62,0.56,-0.43,-4.52,-23.68,-6.77,NO_FALL,,
2026-07-28 10:39:45.761,-0.74,0.57,-0.48,-9.22,-4.58,-15.01,NO_FALL,,
2026-07-28 10:39:45.762,-0.74,0.57,-0.48,-9.22,-4.58,-15.01,NO_FALL,,
2026-07-28 10:39:45.763,-0.82,0.55,-0.53,-2.44,12.33,-19.84,NO_FALL,,
2026-07-28 10:39:45.821,-0.74,0.5,-0.54,2.75,10.01,-14.1,NO_FALL,,
2026-07-28 10:39:45.822,-0.74,0.5,-0.54,2.75,10.01,-14.1,NO_FALL,,
2026-07-28 10:39:45.823,-0.66,0.46,-0.52,0.31,-0.79,-6.53,NO_FALL,,
2026-07-28 10:39:45.881,-0.66,0.46,-0.52,0.31,-0.79,-6.53,NO_FALL,,
2026-07-28 10:39:45.882,-0.65,0.46,-0.49,-1.34,-4.46,-6.35,NO_FALL,,
2026-07-28 10:39:45.883,-0.65,0.46,-0.49,-1.34,-4.46,-6.35,NO_FALL,,
2026-07-28 10:39:45.941,-0.68,0.48,-0.47,-0.31,-4.09,-7.93,NO_FALL,,
2026-07-28 10:39:45.942,-0.68,0.48,-0.47,-0.31,-4.09,-7.93,NO_FALL,,
2026-07-28 10:39:46.001,-0.7,0.49,-0.45,0.85,-4.21,-5.31,NO_FALL,,
2026-07-28 10:39:46.002,-0.67,0.49,-0.44,0.24,-3.36,0.37,NO_FALL,,
2026-07-28 10:39:46.003,-0.67,0.49,-0.44,0.24,-3.36,0.37,NO_FALL,,
2026-07-28 10:39:46.061,-0.66,0.49,-0.46,-2.26,1.65,3.6,NO_FALL,,
2026-07-28 10:39:46.062,-0.66,0.49,-0.46,-2.26,1.65,3.6,NO_FALL,,
2026-07-28 10:39:46.063,-0.68,0.48,-0.48,-3.97,8.54,2.32,NO_FALL,,
2026-07-28 10:39:46.121,-0.68,0.48,-0.48,-3.97,8.54,2.32,NO_FALL,,
2026-07-28 10:39:46.122,-0.7,0.49,-0.5,-5.55,11.23,3.54,NO_FALL,,
2026-07-28 10:39:46.122,-0.7,0.49,-0.5,-5.55,11.23,3.54,NO_FALL,,
2026-07-28 10:39:46.182,-0.73,0.5,-0.51,-7.26,10.31,8.18,NO_FALL,,
2026-07-28 10:39:46.182,-0.73,0.5,-0.51,-7.32,6.65,10.68,NO_FALL,,
2026-07-28 10:39:46.241,-0.72,0.52,-0.51,-7.32,6.65,10.68,NO_FALL,,
2026-07-28 10:39:46.242,-0.68,0.53,-0.5,-6.23,0.18,12.51,NO_FALL,,
2026-07-28 10:39:46.242,-0.68,0.53,-0.5,-6.23,0.18,12.51,NO_FALL,,
2026-07-28 10:39:46.301,-0.65,0.55,-0.49,-4.7,-2.75,12.51,NO_FALL,,
2026-07-28 10:39:46.302,-0.65,0.55,-0.49,-4.7,-2.75,12.51,NO_FALL,,
2026-07-28 10:39:46.361,-0.65,0.56,-0.49,-3.54,-0.92,9.58,NO_FALL,,
2026-07-28 10:39:46.362,-0.65,0.56,-0.49,-3.54,-0.92,9.58,NO_FALL,,
2026-07-28 10:39:46.362,-0.65,0.55,-0.49,-2.69,1.04,6.9,NO_FALL,,
2026-07-28 10:39:46.422,-0.65,0.55,-0.49,-0.98,1.59,5.8,NO_FALL,,
2026-07-28 10:39:46.422,-0.65,0.54,-0.49,-0.98,1.59,5.8,NO_FALL,,
2026-07-28 10:39:46.423,-0.65,0.54,-0.5,1.53,1.34,5.92,NO_FALL,,
2026-07-28 10:39:46.481,-0.65,0.54,-0.5,1.53,1.34,5.92,NO_FALL,,
2026-07-28 10:39:46.482,-0.67,0.55,-0.51,4.21,0.06,5.55,NO_FALL,,
2026-07-28 10:39:46.482,-0.67,0.55,-0.51,4.21,0.06,5.55,NO_FALL,,
2026-07-28 10:39:46.541,-0.68,0.56,-0.51,5.8,-2.62,4.03,NO_FALL,,
2026-07-28 10:39:46.542,-0.68,0.56,-0.51,5.8,-2.62,4.03,NO_FALL,,
2026-07-28 10:39:46.602,-0.69,0.56,-0.5,5.31,-6.59,3.48,NO_FALL,,
2026-07-28 10:39:46.602,-0.69,0.56,-0.5,5.31,-6.59,3.48,NO_FALL,,
2026-07-28 10:39:46.603,-0.68,0.56,-0.48,3.78,-10.74,3.97,NO_FALL,,
2026-07-28 10:39:46.662,-0.65,0.57,-0.45,2.01,-13.06,3.97,NO_FALL,,
2026-07-28 10:39:46.662,-0.65,0.57,-0.45,2.01,-13.06,3.97,NO_FALL,,
2026-07-28 10:39:46.663,-0.64,0.57,-0.42,0.37,-10.74,2.14,NO_FALL,,
2026-07-28 10:39:46.722,-0.64,0.57,-0.42,0.37,-10.74,2.14,NO_FALL,,
2026-07-28 10:39:46.723,-0.64,0.56,-0.4,-0.85,-3.42,-1.46,NO_FALL,,
2026-07-28 10:39:46.723,-0.64,0.56,-0.4,-0.85,-3.42,-1.46,NO_FALL,,
2026-07-28 10:39:46.781,-0.65,0.54,-0.42,-2.87,5.19,-3.36,NO_FALL,,
2026-07-28 10:39:46.782,-0.65,0.54,-0.42,-2.87,5.19,-3.36,NO_FALL,,
2026-07-28 10:39:46.842,-0.67,0.54,-0.46,-4.27,12.27,-3.91,NO_FALL,,
2026-07-28 10:39:46.842,-0.69,0.54,-0.49,-3.78,14.77,-4.03,NO_FALL,,
2026-07-28 10:39:46.843,-0.69,0.54,-0.49,-3.78,14.77,-4.03,NO_FALL,,
2026-07-28 10:39:46.901,-0.67,0.55,-0.51,-3.3,11.66,-2.2,NO_FALL,,
2026-07-28 10:39:46.902,-0.67,0.55,-0.51,-3.3,11.66,-2.2,NO_FALL,,
2026-07-28 10:39:46.903,-0.65,0.55,-0.51,-2.81,7.45,-0.61,NO_FALL,,
2026-07-28 10:39:46.961,-0.65,0.55,-0.51,-2.81,7.45,-0.61,NO_FALL,,
2026-07-28 10:39:46.962,-0.65,0.54,-0.51,-1.83,4.82,-0.12,NO_FALL,,
2026-07-28 10:39:46.963,-0.65,0.54,-0.51,-1.83,4.82,-0.12,NO_FALL,,
2026-07-28 10:39:47.021,-0.65,0.55,-0.51,-0.49,3.36,0.37,NO_FALL,,
2026-07-28 10:39:47.022,-0.65,0.55,-0.51,0.67,2.01,0.85,NO_FALL,,
2026-07-28 10:39:47.081,-0.65,0.55,-0.51,0.67,2.01,0.85,NO_FALL,,
2026-07-28 10:39:47.082,-0.63,0.55,-0.51,1.46,0.37,1.4,NO_FALL,,
2026-07-28 10:39:47.082,-0.63,0.55,-0.51,1.46,0.37,1.4,NO_FALL,,
2026-07-28 10:39:47.141,-0.62,0.56,-0.5,2.69,0.98,0.24,NO_FALL,,
2026-07-28 10:39:47.142,-0.62,0.56,-0.5,2.69,0.98,0.24,NO_FALL,,
2026-07-28 10:39:47.142,-0.63,0.57,-0.5,3.54,4.09,-2.38,NO_FALL,,
2026-07-28 10:39:47.201,-0.63,0.57,-0.5,3.54,4.09,-2.38,NO_FALL,,
2026-07-28 10:39:47.202,-0.66,0.58,-0.51,3.48,7.14,-4.82,NO_FALL,,
2026-07-28 10:39:47.261,-0.69,0.58,-0.5,2.69,8.18,-8.67,NO_FALL,,
2026-07-28 10:39:47.262,-0.69,0.58,-0.5,2.69,8.18,-8.67,NO_FALL,,
2026-07-28 10:39:47.262,-0.7,0.53,-0.49,-1.71,3.91,-8.97,NO_FALL,,
2026-07-28 10:39:47.321,-0.7,0.53,-0.49,-1.71,3.91,-8.97,NO_FALL,,
2026-07-28 10:39:47.322,-0.7,0.47,-0.49,-6.9,-3.17,-3.6,NO_FALL,,
2026-07-28 10:39:47.323,-0.7,0.47,-0.49,-6.9,-3.17,-3.6,NO_FALL,,
2026-07-28 10:39:47.381,-0.71,0.47,-0.49,-5.19,-7.2,-1.28,NO_FALL,,
2026-07-28 10:39:47.382,-0.71,0.47,-0.49,-5.19,-7.2,-1.28,NO_FALL,,
2026-07-28 10:39:47.382,-0.7,0.52,-0.5,1.1,-10.74,-1.89,NO_FALL,,
2026-07-28 10:39:47.441,-0.67,0.58,-0.51,7.69,-15.38,-4.09,NO_FALL,,
2026-07-28 10:39:47.442,-0.67,0.58,-0.51,7.69,-15.38,-4.09,NO_FALL,,
2026-07-28 10:39:47.501,-0.65,0.6,-0.51,12.02,-18.98,-7.75,NO_FALL,,
2026-07-28 10:39:47.502,-0.65,0.6,-0.51,12.02,-18.98,-7.75,NO_FALL,,
2026-07-28 10:39:47.503,-0.66,0.56,-0.49,10.74,-20.81,-5.86,NO_FALL,,
2026-07-28 10:39:47.561,-0.66,0.56,-0.49,8.12,-19.53,-1.46,NO_FALL,,
2026-07-28 10:39:47.562,-0.7,0.5,-0.48,8.12,-19.53,-1.46,NO_FALL,,
2026-07-28 10:39:47.622,-0.72,0.47,-0.46,7.26,-18.31,0.12,NO_FALL,,
2026-07-28 10:39:47.622,-0.72,0.47,-0.46,7.26,-18.31,0.12,NO_FALL,,
2026-07-28 10:39:47.623,-0.7,0.45,-0.44,4.27,-21.0,6.9,NO_FALL,,
2026-07-28 10:39:47.681,-0.7,0.45,-0.44,4.27,-21.0,6.9,NO_FALL,,
2026-07-28 10:39:47.682,-0.68,0.44,-0.43,-0.24,-21.79,14.71,NO_FALL,,
2026-07-28 10:39:47.683,-0.68,0.44,-0.43,-0.24,-21.79,14.71,NO_FALL,,
2026-07-28 10:39:47.741,-0.68,0.47,-0.44,-3.36,-20.26,19.47,NO_FALL,,
2026-07-28 10:39:47.742,-0.68,0.47,-0.44,-1.28,-19.04,22.58,NO_FALL,,
2026-07-28 10:39:47.802,-0.69,0.53,-0.44,-1.28,-19.04,22.58,NO_FALL,,
2026-07-28 10:39:47.802,-0.71,0.62,-0.42,6.59,-17.33,18.68,NO_FALL,,
2026-07-28 10:39:47.803,-0.71,0.62,-0.42,6.59,-17.33,18.68,NO_FALL,,
2026-07-28 10:39:47.862,-0.68,0.64,-0.4,11.78,-17.52,15.01,NO_FALL,,
2026-07-28 10:39:47.862,-0.68,0.64,-0.4,11.78,-17.52,15.01,NO_FALL,,
2026-07-28 10:39:47.863,-0.64,0.6,-0.39,11.29,-14.22,12.45,NO_FALL,,
2026-07-28 10:39:47.921,-0.64,0.6,-0.39,11.29,-14.22,12.45,NO_FALL,,
2026-07-28 10:39:47.922,-0.63,0.56,-0.4,9.34,-1.46,3.72,NO_FALL,,
2026-07-28 10:39:47.981,-0.67,0.55,-0.43,7.26,12.82,-6.1,NO_FALL,,
2026-07-28 10:39:47.982,-0.67,0.55,-0.43,7.26,12.82,-6.1,NO_FALL,,
2026-07-28 10:39:47.982,-0.7,0.56,-0.45,4.94,19.41,-10.31,NO_FALL,,
2026-07-28 10:39:48.041,-0.7,0.56,-0.45,4.94,19.41,-10.31,NO_FALL,,
2026-07-28 10:39:48.042,-0.67,0.56,-0.44,2.38,18.31,-8.79,NO_FALL,,
2026-07-28 10:39:48.042,-0.67,0.56,-0.44,2.38,18.31,-8.79,NO_FALL,,
2026-07-28 10:39:48.102,-0.6,0.52,-0.43,-1.4,19.47,-7.81,NO_FALL,,
2026-07-28 10:39:48.102,-0.6,0.52,-0.43,-1.4,19.47,-7.81,NO_FALL,,
2026-07-28 10:39:48.103,-0.6,0.5,-0.43,-5.8,34.18,-18.92,NO_FALL,,
2026-07-28 10:39:48.161,-0.69,0.52,-0.46,-8.67,52.73,-35.77,NO_FALL,,
2026-07-28 10:39:48.162,-0.69,0.52,-0.46,-8.67,52.73,-35.77,NO_FALL,,
2026-07-28 10:39:48.221,-0.76,0.51,-0.52,-12.08,54.99,-35.95,NO_FALL,,
2026-07-28 10:39:48.222,-0.76,0.51,-0.52,-12.08,54.99,-35.95,NO_FALL,,
2026-07-28 10:39:48.223,-0.75,0.48,-0.56,-14.4,41.87,-21.85,NO_FALL,,
2026-07-28 10:39:48.281,-0.75,0.48,-0.56,-14.4,41.87,-21.85,NO_FALL,,
2026-07-28 10:39:48.282,-0.71,0.48,-0.58,-9.03,26.06,-13.0,NO_FALL,,
2026-07-28 10:39:48.342,-0.65,0.5,-0.57,-1.22,13.92,-9.4,NO_FALL,,
2026-07-28 10:39:48.342,-0.65,0.5,-0.57,-1.22,13.92,-9.4,NO_FALL,,
2026-07-28 10:39:48.343,-0.62,0.5,-0.56,0.79,9.77,-7.08,NO_FALL,,
2026-07-28 10:39:48.401,-0.62,0.5,-0.56,0.79,9.77,-7.08,NO_FALL,,
2026-07-28 10:39:48.402,-0.63,0.49,-0.55,-0.67,14.16,-9.03,NO_FALL,,
2026-07-28 10:39:48.403,-0.63,0.49,-0.55,-0.67,14.16,-9.03,NO_FALL,,
2026-07-28 10:39:48.461,-0.65,0.49,-0.56,-0.92,20.94,-13.98,NO_FALL,,
2026-07-28 10:39:48.462,-0.65,0.49,-0.56,-0.92,20.94,-13.98,NO_FALL,,
2026-07-28 10:39:48.462,-0.67,0.46,-0.57,-0.31,22.95,-16.48,NO_FALL,,
2026-07-28 10:39:48.522,-0.67,0.44,-0.58,-2.38,17.15,-11.6,NO_FALL,,
2026-07-28 10:39:48.522,-0.67,0.44,-0.58,-2.38,17.15,-11.6,NO_FALL,,
2026-07-28 10:39:48.582,-0.66,0.44,-0.59,-7.57,10.38,-4.03,NO_FALL,,
2026-07-28 10:39:48.582,-0.66,0.44,-0.59,-7.57,10.38,-4.03,NO_FALL,,
2026-07-28 10:39:48.583,-0.65,0.46,-0.59,-12.08,10.38,-2.38,NO_FALL,,
2026-07-28 10:39:48.641,-0.65,0.46,-0.59,-12.08,10.38,-2.38,NO_FALL,,
2026-07-28 10:39:48.642,-0.65,0.5,-0.58,-13.06,13.24,-5.31,NO_FALL,,
2026-07-28 10:39:48.643,-0.65,0.5,-0.58,-10.68,12.94,-7.26,NO_FALL,,
2026-07-28 10:39:48.701,-0.64,0.51,-0.58,-10.68,12.94,-7.26,NO_FALL,,
2026-07-28 10:39:48.702,-0.63,0.48,-0.58,-9.28,11.29,-5.55,NO_FALL,,
2026-07-28 10:39:48.761,-0.63,0.48,-0.58,-9.28,11.29,-5.55,NO_FALL,,
2026-07-28 10:39:48.762,-0.62,0.46,-0.59,-9.77,11.11,-2.81,NO_FALL,,
2026-07-28 10:39:48.763,-0.62,0.46,-0.59,-9.77,11.11,-2.81,NO_FALL,,
2026-07-28 10:39:48.822,-0.63,0.46,-0.6,-12.7,12.08,-6.53,NO_FALL,,
2026-07-28 10:39:48.822,-0.63,0.46,-0.6,-12.7,12.08,-6.53,NO_FALL,,
2026-07-28 10:39:48.823,-0.64,0.47,-0.61,-15.44,9.52,-12.21,NO_FALL,,
2026-07-28 10:39:48.881,-0.63,0.48,-0.6,-12.82,2.75,-11.05,NO_FALL,,
2026-07-28 10:39:48.882,-0.63,0.48,-0.6,-12.82,2.75,-11.05,NO_FALL,,
2026-07-28 10:39:48.941,-0.64,0.49,-0.59,-9.89,-0.43,-3.17,NO_FALL,,
2026-07-28 10:39:48.942,-0.64,0.49,-0.59,-9.89,-0.43,-3.17,NO_FALL,,
2026-07-28 10:39:48.943,-0.64,0.5,-0.57,-11.54,0.73,4.15,NO_FALL,,
2026-07-28 10:39:49.001,-0.64,0.5,-0.57,-11.54,0.73,4.15,NO_FALL,,
2026-07-28 10:39:49.002,-0.64,0.51,-0.57,-16.97,0.0,3.54,NO_FALL,,
2026-07-28 10:39:49.003,-0.64,0.51,-0.57,-19.96,-4.94,-1.77,NO_FALL,,
2026-07-28 10:39:49.061,-0.63,0.5,-0.57,-19.96,-4.94,-1.77,NO_FALL,,
2026-07-28 10:39:49.062,-0.64,0.5,-0.57,-13.55,-8.06,-2.62,NO_FALL,,
2026-07-28 10:39:49.063,-0.64,0.5,-0.57,-13.55,-8.06,-2.62,NO_FALL,,
2026-07-28 10:39:49.121,-0.65,0.5,-0.56,-8.18,-7.75,3.23,NO_FALL,,
2026-07-28 10:39:49.122,-0.65,0.5,-0.56,-8.18,-7.75,3.23,NO_FALL,,
2026-07-28 10:39:49.181,-0.65,0.52,-0.55,-11.17,-9.46,9.4,NO_FALL,,
2026-07-28 10:39:49.182,-0.65,0.52,-0.55,-11.17,-9.46,9.4,NO_FALL,,
2026-07-28 10:39:49.183,-0.64,0.53,-0.53,-14.34,-8.48,10.01,NO_FALL,,
2026-07-28 10:39:49.241,-0.64,0.53,-0.53,-14.34,-8.48,10.01,NO_FALL,,
2026-07-28 10:39:49.242,-0.64,0.53,-0.53,-14.34,-8.48,10.01,NO_FALL,,
2026-07-28 10:39:49.243,-0.64,0.53,-0.53,-14.34,-8.48,10.01,NO_FALL,,
2026-07-28 10:39:49.302,-0.62,0.58,-0.5,-44.01,13.79,6.47,NO_FALL,,
2026-07-28 10:39:49.302,-0.61,0.6,-0.49,-67.5,25.63,5.74,NO_FALL,,
2026-07-28 10:39:49.303,-0.61,0.6,-0.49,-67.5,25.63,5.74,NO_FALL,,
2026-07-28 10:39:49.361,-0.6,0.62,-0.48,-62.38,25.51,3.3,NO_FALL,,
2026-07-28 10:39:49.362,-0.6,0.62,-0.48,-62.38,25.51,3.3,NO_FALL,,
2026-07-28 10:39:49.421,-0.59,0.63,-0.48,-36.68,15.56,-2.2,NO_FALL,,
2026-07-28 10:39:49.422,-0.59,0.63,-0.48,-36.68,15.56,-2.2,NO_FALL,,
2026-07-28 10:39:49.423,-0.6,0.62,-0.47,-20.63,9.58,-6.65,NO_FALL,,
2026-07-28 10:39:49.481,-0.61,0.63,-0.47,-29.79,15.93,-6.23,NO_FALL,,
2026-07-28 10:39:49.482,-0.61,0.63,-0.47,-29.79,15.93,-6.23,NO_FALL,,
2026-07-28 10:39:49.541,-0.62,0.65,-0.44,-55.36,24.72,-1.65,NO_FALL,,
2026-07-28 10:39:49.542,-0.62,0.65,-0.44,-55.36,24.72,-1.65,NO_FALL,,
2026-07-28 10:39:49.543,-0.59,0.65,-0.41,-57.19,16.48,2.44,NO_FALL,,
2026-07-28 10:39:49.601,-0.59,0.65,-0.41,-57.19,16.48,2.44,NO_FALL,,
2026-07-28 10:39:49.602,-0.57,0.67,-0.42,-23.07,0.18,1.46,NO_FALL,,
2026-07-28 10:39:49.603,-0.58,0.69,-0.42,-0.24,-2.01,0.98,NO_FALL,,
2026-07-28 10:39:49.662,-0.58,0.69,-0.42,-0.24,-2.01,0.98,NO_FALL,,
2026-07-28 10:39:49.662,-0.59,0.69,-0.41,-12.45,5.25,2.32,NO_FALL,,
2026-07-28 10:39:49.663,-0.59,0.69,-0.41,-12.45,5.25,2.32,NO_FALL,,
2026-07-28 10:39:49.722,-0.58,0.67,-0.4,-19.59,7.2,-1.95,NO_FALL,,
2026-07-28 10:39:49.722,-0.58,0.67,-0.4,-19.59,7.2,-1.95,NO_FALL,,
2026-07-28 10:39:49.782,-0.58,0.68,-0.41,-5.62,4.7,-5.49,NO_FALL,,
2026-07-28 10:39:49.782,-0.58,0.68,-0.41,1.1,4.03,0.85,NO_FALL,,
2026-07-28 10:39:49.783,-0.58,0.69,-0.41,1.1,4.03,0.85,NO_FALL,,
2026-07-28 10:39:49.841,-0.57,0.68,-0.41,-1.95,3.72,7.93,NO_FALL,,
2026-07-28 10:39:49.842,-0.57,0.68,-0.41,-1.95,3.72,7.93,NO_FALL,,
2026-07-28 10:39:49.842,-0.57,0.69,-0.4,-5.43,2.26,11.47,NO_FALL,,
2026-07-28 10:39:49.901,-0.57,0.69,-0.4,-5.43,2.26,11.47,NO_FALL,,
2026-07-28 10:39:49.902,-0.56,0.72,-0.38,-20.51,1.34,18.07,NO_FALL,,
2026-07-28 10:39:49.961,-0.56,0.72,-0.38,-20.51,1.34,18.07,NO_FALL,,
2026-07-28 10:39:49.962,-0.55,0.73,-0.37,-37.05,1.22,21.3,NO_FALL,,
2026-07-28 10:39:49.963,-0.55,0.73,-0.37,-37.05,1.22,21.3,NO_FALL,,
2026-07-28 10:39:50.022,-0.54,0.74,-0.36,-33.02,1.83,13.61,NO_FALL,,
2026-07-28 10:39:50.022,-0.53,0.75,-0.34,-23.62,3.42,4.39,NO_FALL,,
2026-07-28 10:39:50.023,-0.53,0.75,-0.34,-23.62,3.42,4.39,NO_FALL,,
2026-07-28 10:39:50.081,-0.53,0.75,-0.33,-23.44,5.43,0.73,NO_FALL,,
2026-07-28 10:39:50.082,-0.53,0.75,-0.33,-23.44,5.43,0.73,NO_FALL,,
2026-07-28 10:39:50.141,-0.53,0.75,-0.33,-21.91,7.51,-1.95,NO_FALL,,
2026-07-28 10:39:50.142,-0.53,0.75,-0.33,-21.91,7.51,-1.95,NO_FALL,,
2026-07-28 10:39:50.143,-0.54,0.76,-0.33,-17.76,9.89,-6.29,NO_FALL,,
2026-07-28 10:39:50.202,-0.56,0.76,-0.33,-16.42,10.74,-8.97,NO_FALL,,
2026-07-28 10:39:50.202,-0.56,0.76,-0.33,-16.42,10.74,-8.97,NO_FALL,,
2026-07-28 10:39:50.203,-0.57,0.76,-0.33,-13.12,8.61,-8.61,NO_FALL,,
2026-07-28 10:39:50.262,-0.57,0.76,-0.33,-13.12,8.61,-8.61,NO_FALL,,
2026-07-28 10:39:50.262,-0.57,0.76,-0.32,-9.89,3.36,-5.31,NO_FALL,,
2026-07-28 10:39:50.263,-0.57,0.76,-0.32,-9.89,3.36,-5.31,NO_FALL,,
2026-07-28 10:39:50.321,-0.55,0.76,-0.31,-11.66,-2.44,-0.37,NO_FALL,,
2026-07-28 10:39:50.322,-0.55,0.76,-0.31,-11.66,-2.44,-0.37,NO_FALL,,
2026-07-28 10:39:50.381,-0.54,0.76,-0.29,-12.33,-4.39,3.23,NO_FALL,,
2026-07-28 10:39:50.382,-0.53,0.76,-0.28,-9.34,-2.32,3.72,NO_FALL,,
2026-07-28 10:39:50.383,-0.53,0.76,-0.28,-9.34,-2.32,3.72,NO_FALL,,
2026-07-28 10:39:50.441,-0.54,0.77,-0.27,-9.34,0.79,2.44,NO_FALL,,
2026-07-28 10:39:50.442,-0.54,0.77,-0.27,-9.34,0.79,2.44,NO_FALL,,
2026-07-28 10:39:50.443,-0.54,0.77,-0.27,-12.27,4.03,0.67,NO_FALL,,
2026-07-28 10:39:50.501,-0.54,0.77,-0.27,-12.27,4.03,0.67,NO_FALL,,
2026-07-28 10:39:50.502,-0.54,0.77,-0.26,-14.71,6.41,-2.26,NO_FALL,,
2026-07-28 10:39:50.561,-0.54,0.77,-0.26,-14.71,6.41,-2.26,NO_FALL,,
2026-07-28 10:39:50.562,-0.54,0.76,-0.26,-17.58,6.1,-4.46,NO_FALL,,
2026-07-28 10:39:50.563,-0.54,0.77,-0.27,-17.7,4.46,-3.17,NO_FALL,,
2026-07-28 10:39:50.622,-0.54,0.77,-0.27,-17.7,4.46,-3.17,NO_FALL,,
2026-07-28 10:39:50.622,-0.55,0.78,-0.26,-13.61,5.74,-0.61,NO_FALL,,
2026-07-28 10:39:50.623,-0.55,0.78,-0.26,-13.61,5.74,-0.61,NO_FALL,,
2026-07-28 10:39:50.682,-0.56,0.79,-0.25,-11.23,8.61,1.04,NO_FALL,,
2026-07-28 10:39:50.682,-0.56,0.79,-0.25,-11.23,8.61,1.04,NO_FALL,,
2026-07-28 10:39:50.741,-0.55,0.78,-0.25,-11.41,10.19,2.69,NO_FALL,,
2026-07-28 10:39:50.743,-0.55,0.78,-0.25,-11.05,10.68,3.78,NO_FALL,,
2026-07-28 10:39:50.743,-0.54,0.79,-0.25,-11.05,10.68,3.78,NO_FALL,,
2026-07-28 10:39:50.801,-0.53,0.79,-0.24,-11.35,9.28,2.87,NO_FALL,,
2026-07-28 10:39:50.802,-0.53,0.79,-0.24,-11.35,9.28,2.87,NO_FALL,,
2026-07-28 10:39:50.803,-0.53,0.79,-0.24,-12.15,6.96,0.43,NO_FALL,,
2026-07-28 10:39:50.862,-0.53,0.79,-0.24,-12.15,6.96,0.43,NO_FALL,,
2026-07-28 10:39:50.862,-0.53,0.79,-0.24,-10.99,6.04,-1.16,NO_FALL,,
2026-07-28 10:39:50.863,-0.53,0.79,-0.24,-10.99,6.04,-1.16,NO_FALL,,
2026-07-28 10:39:50.921,-0.54,0.8,-0.24,-8.18,5.62,-1.22,NO_FALL,,
2026-07-28 10:39:50.922,-0.54,0.8,-0.24,-5.37,2.93,-1.28,NO_FALL,,
2026-07-28 10:39:50.981,-0.55,0.8,-0.24,-5.37,2.93,-1.28,NO_FALL,,
2026-07-28 10:39:50.982,-0.54,0.79,-0.24,-2.93,-0.31,-1.65,NO_FALL,,
2026-07-28 10:39:50.983,-0.54,0.79,-0.24,-2.93,-0.31,-1.65,NO_FALL,,
2026-07-28 10:39:51.041,-0.54,0.79,-0.24,-0.98,-1.04,-1.1,NO_FALL,,
2026-07-28 10:39:51.042,-0.54,0.79,-0.24,-0.98,-1.04,-1.1,NO_FALL,,
2026-07-28 10:39:51.042,-0.53,0.79,-0.23,0.06,-0.37,0.37,NO_FALL,,
2026-07-28 10:39:51.101,-0.53,0.79,-0.23,0.06,-0.37,0.37,NO_FALL,,
2026-07-28 10:39:51.102,-0.53,0.8,-0.22,0.18,0.37,1.65,NO_FALL,,
2026-07-28 10:39:51.103,-0.53,0.8,-0.22,0.18,0.37,1.65,NO_FALL,,
2026-07-28 10:39:51.161,-0.53,0.8,-0.22,-0.37,0.73,2.38,NO_FALL,,
2026-07-28 10:39:51.162,-0.53,0.8,-0.23,-1.16,0.49,3.42,NO_FALL,,
2026-07-28 10:39:51.222,-0.53,0.8,-0.23,-1.16,0.49,3.42,NO_FALL,,
2026-07-28 10:39:51.222,-0.53,0.8,-0.23,-0.67,1.1,3.85,NO_FALL,,
2026-07-28 10:39:51.223,-0.53,0.8,-0.23,-0.67,1.1,3.85,NO_FALL,,
2026-07-28 10:39:51.281,-0.53,0.8,-0.24,1.59,3.23,2.62,NO_FALL,,
2026-07-28 10:39:51.282,-0.53,0.8,-0.24,1.59,3.23,2.62,NO_FALL,,
2026-07-28 10:39:51.283,-0.53,0.8,-0.24,4.94,5.25,1.65,NO_FALL,,
2026-07-28 10:39:51.341,-0.53,0.8,-0.24,4.94,5.25,1.65,NO_FALL,,
2026-07-28 10:39:51.342,-0.53,0.8,-0.25,9.16,7.26,-0.24,NO_FALL,,
2026-07-28 10:39:51.402,-0.54,0.8,-0.27,9.83,7.51,-3.78,NO_FALL,,
2026-07-28 10:39:51.402,-0.54,0.8,-0.27,9.83,7.51,-3.78,NO_FALL,,
2026-07-28 10:39:51.403,-0.56,0.8,-0.28,5.8,4.21,-8.67,NO_FALL,,
2026-07-28 10:39:51.461,-0.56,0.8,-0.28,5.8,4.21,-8.67,NO_FALL,,
2026-07-28 10:39:51.462,-0.56,0.79,-0.27,2.2,-3.97,-13.0,NO_FALL,,
2026-07-28 10:39:51.463,-0.56,0.79,-0.27,2.2,-3.97,-13.0,NO_FALL,,
2026-07-28 10:39:51.521,-0.54,0.78,-0.25,1.34,-12.76,-9.28,NO_FALL,,
2026-07-28 10:39:51.522,-0.54,0.79,-0.24,4.7,-13.24,0.61,NO_FALL,,
2026-07-28 10:39:51.581,-0.54,0.79,-0.24,4.7,-13.24,0.61,NO_FALL,,
2026-07-28 10:39:51.582,-0.55,0.79,-0.24,9.34,-8.97,6.65,NO_FALL,,
2026-07-28 10:39:51.582,-0.55,0.79,-0.24,9.34,-8.97,6.65,NO_FALL,,
2026-07-28 10:39:51.641,-0.55,0.78,-0.25,10.13,-7.63,5.43,NO_FALL,,
2026-07-28 10:39:51.642,-0.55,0.78,-0.25,10.13,-7.63,5.43,NO_FALL,,
2026-07-28 10:39:51.642,-0.55,0.77,-0.24,8.79,-10.99,0.85,NO_FALL,,
2026-07-28 10:39:51.701,-0.55,0.77,-0.24,8.79,-10.99,0.85,NO_FALL,,
2026-07-28 10:39:51.702,-0.54,0.76,-0.24,8.12,-18.74,-1.22,NO_FALL,,
2026-07-28 10:39:51.761,-0.53,0.77,-0.24,6.53,-22.16,-0.49,NO_FALL,,
2026-07-28 10:39:51.762,-0.53,0.77,-0.24,6.53,-22.16,-0.49,NO_FALL,,
2026-07-28 10:39:51.763,-0.53,0.77,-0.24,1.95,-12.39,-0.37,NO_FALL,,
2026-07-28 10:39:51.821,-0.53,0.77,-0.24,1.95,-12.39,-0.37,NO_FALL,,
2026-07-28 10:39:51.822,-0.53,0.78,-0.24,-3.48,2.5,0.0,NO_FALL,,
2026-07-28 10:39:51.822,-0.53,0.78,-0.24,-3.48,2.5,0.0,NO_FALL,,
2026-07-28 10:39:51.882,-0.53,0.78,-0.24,-5.31,11.66,2.2,NO_FALL,,
2026-07-28 10:39:51.882,-0.53,0.78,-0.24,-5.31,11.66,2.2,NO_FALL,,
2026-07-28 10:39:51.941,-0.54,0.78,-0.25,-3.36,13.06,4.15,NO_FALL,,
2026-07-28 10:39:51.942,-0.54,0.78,-0.26,-1.22,10.01,5.19,NO_FALL,,
2026-07-28 10:39:51.942,-0.54,0.78,-0.26,-1.22,10.01,5.19,NO_FALL,,
2026-07-28 10:39:52.001,-0.55,0.79,-0.27,-0.67,7.02,5.8,NO_FALL,,
2026-07-28 10:39:52.002,-0.55,0.79,-0.27,-0.67,7.02,5.8,NO_FALL,,
2026-07-28 10:39:52.003,-0.55,0.79,-0.26,-1.95,4.82,5.68,NO_FALL,,
2026-07-28 10:39:52.061,-0.55,0.79,-0.26,-1.95,4.82,5.68,NO_FALL,,
2026-07-28 10:39:52.062,-0.55,0.79,-0.26,-3.11,1.34,4.27,NO_FALL,,
2026-07-28 10:39:52.063,-0.55,0.79,-0.26,-3.11,1.34,4.27,NO_FALL,,
2026-07-28 10:39:52.121,-0.54,0.79,-0.25,-2.5,-2.14,2.87,NO_FALL,,
2026-07-28 10:39:52.122,-0.53,0.79,-0.24,-1.53,-2.75,2.69,NO_FALL,,
2026-07-28 10:39:52.182,-0.53,0.79,-0.24,-1.53,-2.75,2.69,NO_FALL,,
2026-07-28 10:39:52.182,-0.53,0.79,-0.23,-1.53,-2.38,2.56,NO_FALL,,
2026-07-28 10:39:52.183,-0.53,0.79,-0.23,-1.53,-2.38,2.56,NO_FALL,,
2026-07-28 10:39:52.241,-0.53,0.79,-0.24,-1.71,-3.23,2.56,NO_FALL,,
2026-07-28 10:39:52.242,-0.53,0.79,-0.24,-1.71,-3.23,2.56,NO_FALL,,
2026-07-28 10:39:52.243,-0.53,0.8,-0.24,-1.04,-3.6,2.93,NO_FALL,,
2026-07-28 10:39:52.301,-0.53,0.8,-0.24,-1.04,-3.6,2.93,NO_FALL,,
2026-07-28 10:39:52.302,-0.53,0.8,-0.24,-0.49,-3.05,2.08,NO_FALL,,
2026-07-28 10:39:52.361,-0.52,0.8,-0.24,-0.92,-2.38,0.49,NO_FALL,,
2026-07-28 10:39:52.362,-0.52,0.8,-0.24,-0.92,-2.38,0.49,NO_FALL,,
2026-07-28 10:39:52.363,-0.52,0.8,-0.24,-0.98,-2.01,0.06,NO_FALL,,
2026-07-28 10:39:52.422,-0.52,0.8,-0.24,-0.98,-2.01,0.06,NO_FALL,,
2026-07-28 10:39:52.422,-0.53,0.8,-0.24,0.0,-2.26,0.24,NO_FALL,,
2026-07-28 10:39:52.422,-0.53,0.8,-0.24,0.0,-2.26,0.24,NO_FALL,,
2026-07-28 10:39:52.481,-0.54,0.8,-0.24,1.65,-2.75,-0.43,NO_FALL,,
2026-07-28 10:39:52.482,-0.54,0.8,-0.24,1.65,-2.75,-0.43,NO_FALL,,
2026-07-28 10:39:52.482,-0.54,0.81,-0.25,5.07,-3.78,-0.55,NO_FALL,,
2026-07-28 10:39:52.541,-0.55,0.81,-0.25,10.13,-5.07,4.39,NO_FALL,,
2026-07-28 10:39:52.542,-0.55,0.81,-0.25,10.13,-5.07,4.39,NO_FALL,,
2026-07-28 10:39:52.601,-0.55,0.83,-0.26,15.5,-6.96,10.56,NO_FALL,,
2026-07-28 10:39:52.602,-0.55,0.83,-0.26,15.5,-6.96,10.56,NO_FALL,,
2026-07-28 10:39:52.603,-0.55,0.87,-0.28,26.12,-10.56,9.83,NO_FALL,,
2026-07-28 10:39:52.661,-0.55,0.87,-0.28,26.12,-10.56,9.83,NO_FALL,,
2026-07-28 10:39:52.662,-0.55,0.91,-0.31,48.58,-14.28,10.38,NO_FALL,,
2026-07-28 10:39:52.663,-0.55,0.91,-0.31,69.82,-10.07,17.33,NO_FALL,,
2026-07-28 10:39:52.721,-0.53,0.92,-0.36,69.82,-10.07,17.33,NO_FALL,,
2026-07-28 10:39:52.722,-0.54,0.94,-0.44,64.33,8.18,15.75,NO_FALL,,
2026-07-28 10:39:52.781,-0.54,0.94,-0.44,64.33,8.18,15.75,NO_FALL,,
2026-07-28 10:39:52.782,-0.6,0.98,-0.48,26.73,21.91,-17.21,NO_FALL,,
2026-07-28 10:39:52.783,-0.6,0.98,-0.48,26.73,21.91,-17.21,NO_FALL,,
2026-07-28 10:39:52.841,-0.67,1.0,-0.44,-20.02,9.64,-67.38,NO_FALL,,
2026-07-28 10:39:52.842,-0.67,1.0,-0.44,-37.17,-4.15,-72.2,NO_FALL,,
2026-07-28 10:39:52.843,-0.69,0.96,-0.4,-37.17,-4.15,-72.2,NO_FALL,,
2026-07-28 10:39:52.901,-0.71,0.92,-0.44,-9.52,14.22,-38.39,NO_FALL,,
2026-07-28 10:39:52.902,-0.71,0.92,-0.44,-9.52,14.22,-38.39,NO_FALL,,
2026-07-28 10:39:52.961,-0.75,0.9,-0.55,26.0,47.3,-36.56,NO_FALL,,
2026-07-28 10:39:52.962,-0.75,0.9,-0.55,26.0,47.3,-36.56,NO_FALL,,
2026-07-28 10:39:52.963,-0.77,0.82,-0.63,40.04,60.61,-70.98,NO_FALL,,
2026-07-28 10:39:53.021,-0.77,0.82,-0.63,40.04,60.61,-70.98,NO_FALL,,
2026-07-28 10:39:53.022,-0.74,0.66,-0.67,47.67,48.83,-87.52,NO_FALL,,
2026-07-28 10:39:53.081,-0.69,0.53,-0.64,69.7,30.46,-77.58,NO_FALL,,
2026-07-28 10:39:53.082,-0.69,0.53,-0.64,69.7,30.46,-77.58,NO_FALL,,
2026-07-28 10:39:53.083,-0.69,0.49,-0.59,98.57,22.22,-75.01,NO_FALL,,
2026-07-28 10:39:53.142,-0.69,0.49,-0.59,98.57,22.22,-75.01,NO_FALL,,
2026-07-28 10:39:53.142,-0.77,0.45,-0.56,113.04,25.33,-83.07,NO_FALL,,
2026-07-28 10:39:53.143,-0.77,0.45,-0.56,111.02,31.19,-91.98,NO_FALL,,
2026-07-28 10:39:53.201,-0.83,0.36,-0.55,111.02,31.19,-91.98,NO_FALL,,
2026-07-28 10:39:53.202,-0.77,0.23,-0.54,98.57,32.04,-100.77,NO_FALL,,
2026-07-28 10:39:53.261,-0.77,0.23,-0.54,98.57,32.04,-100.77,NO_FALL,,
2026-07-28 10:39:53.262,-0.65,0.07,-0.54,85.75,25.45,-108.28,NO_FALL,,
2026-07-28 10:39:53.263,-0.65,0.07,-0.54,85.75,25.45,-108.28,NO_FALL,,
2026-07-28 10:39:53.321,-0.56,-0.04,-0.54,96.56,17.33,-107.6,NO_FALL,,
2026-07-28 10:39:53.322,-0.52,-0.09,-0.53,132.87,18.62,-98.57,NO_FALL,,
2026-07-28 10:39:53.323,-0.52,-0.09,-0.53,132.87,18.62,-98.57,NO_FALL,,
2026-07-28 10:39:53.381,-0.53,-0.16,-0.52,146.3,26.37,-88.93,NO_FALL,,
2026-07-28 10:39:53.382,-0.53,-0.16,-0.52,146.3,26.37,-88.93,NO_FALL,,
2026-07-28 10:39:53.441,-0.55,-0.29,-0.54,115.91,25.39,-80.2,NO_FALL,,
2026-07-28 10:39:53.442,-0.55,-0.29,-0.54,115.91,25.39,-80.2,NO_FALL,,
2026-07-28 10:39:53.443,-0.5,-0.43,-0.56,67.69,6.77,-65.19,NO_FALL,,
2026-07-28 10:39:53.501,-0.44,-0.51,-0.53,25.39,-16.91,-40.34,NO_FALL,,
2026-07-28 10:39:53.502,-0.44,-0.51,-0.53,25.39,-16.91,-40.34,NO_FALL,,
2026-07-28 10:39:53.562,-0.46,-0.46,-0.45,8.06,-22.64,-19.17,NO_FALL,,
2026-07-28 10:39:53.562,-0.46,-0.46,-0.45,8.06,-22.64,-19.17,NO_FALL,,
2026-07-28 10:39:53.563,-0.51,-0.36,-0.38,13.92,-14.28,-7.75,NO_FALL,,
2026-07-28 10:39:53.621,-0.48,-0.32,-0.35,20.39,-8.06,1.04,NO_FALL,,
2026-07-28 10:39:53.622,-0.48,-0.32,-0.35,20.39,-8.06,1.04,NO_FALL,,
2026-07-28 10:39:53.681,-0.39,-0.36,-0.39,18.98,-1.95,4.52,NO_FALL,,
2026-07-28 10:39:53.682,-0.39,-0.36,-0.39,18.98,-1.95,4.52,NO_FALL,,
2026-07-28 10:39:53.683,-0.34,-0.37,-0.45,18.19,10.31,-0.37,NO_FALL,,
2026-07-28 10:39:53.742,-0.34,-0.37,-0.45,18.19,10.31,-0.37,NO_FALL,,
2026-07-28 10:39:53.742,-0.36,-0.31,-0.43,16.48,20.87,-1.04,NO_FALL,,
2026-07-28 10:39:53.743,-0.36,-0.31,-0.43,16.48,20.87,-1.04,NO_FALL,,
2026-07-28 10:39:53.801,-0.35,-0.25,-0.3,-1.59,13.55,10.01,NO_FALL,,
2026-07-28 10:39:53.802,-0.28,-0.2,-0.15,-38.88,-5.92,20.39,NO_FALL,,
2026-07-28 10:39:53.803,-0.28,-0.2,-0.15,-38.88,-5.92,20.39,NO_FALL,,
2026-07-28 10:39:53.862,-0.14,-0.09,-0.05,-70.31,-21.61,14.04,NO_FALL,,
2026-07-28 10:39:53.862,-0.14,-0.09,-0.05,-70.31,-21.61,14.04,NO_FALL,,
2026-07-28 10:39:53.922,0.0,0.0,0.01,-74.34,-28.75,-8.97,NO_FALL,,
2026-07-28 10:39:53.922,0.0,0.0,0.01,-74.34,-28.75,-8.97,NO_FALL,,
2026-07-28 10:39:53.923,0.05,0.02,0.01,-63.48,-26.55,-30.46,NO_FALL,,
2026-07-28 10:39:53.981,0.04,0.01,-0.0,-60.0,-19.78,-38.88,NO_FALL,,
2026-07-28 10:39:53.982,0.04,0.01,-0.0,-60.0,-19.78,-38.88,NO_FALL,,
2026-07-28 10:39:54.041,0.02,-0.0,-0.02,-66.96,-12.02,-39.12,NO_FALL,,
2026-07-28 10:39:54.042,0.02,-0.0,-0.02,-66.96,-12.02,-39.12,NO_FALL,,
2026-07-28 10:39:54.043,0.01,-0.01,-0.02,-79.53,-3.23,-38.09,NO_FALL,,
2026-07-28 10:39:54.101,0.01,-0.01,-0.02,-79.53,-3.23,-38.09,NO_FALL,,
2026-07-28 10:39:54.102,-0.18,-0.5,-0.61,-57.19,36.07,-65.0,NO_FALL,,
2026-07-28 10:39:54.103,-0.36,-0.83,-1.06,379.76,246.83,-240.72,NO_FALL,,
2026-07-28 10:39:54.162,-0.36,-0.83,-1.06,379.76,246.83,-240.72,NO_FALL,,
2026-07-28 10:39:54.162,-0.28,-0.09,-0.21,1162.48,390.32,-347.1,NO_FALL,,
2026-07-28 10:39:54.221,-0.28,-0.09,-0.21,1162.48,390.32,-347.1,NO_FALL,,
2026-07-28 10:39:54.222,-0.09,0.48,0.55,1319.82,225.89,-128.6,NO_FALL,,
2026-07-28 10:39:54.223,0.21,-0.16,0.91,742.19,55.36,148.8,NO_FALL,,
2026-07-28 10:39:54.282,0.21,-0.16,0.91,742.19,55.36,148.8,NO_FALL,,
2026-07-28 10:39:54.282,0.3,-0.46,1.08,227.91,60.79,182.19,NO_FALL,,
2026-07-28 10:39:54.283,0.3,-0.46,1.08,227.91,60.79,182.19,NO_FALL,,
2026-07-28 10:39:54.341,0.01,0.41,0.93,133.67,119.81,8.97,NO_FALL,,
2026-07-28 10:39:54.342,0.01,0.41,0.93,133.67,119.81,8.97,NO_FALL,,
2026-07-28 10:39:54.402,-0.22,1.01,0.81,211.18,102.78,-100.16,NO_FALL,,
2026-07-28 10:39:54.402,-0.18,0.86,0.73,103.15,39.86,-65.61,NO_FALL,,
2026-07-28 10:39:54.403,-0.18,0.86,0.73,103.15,39.86,-65.61,NO_FALL,,
2026-07-28 10:39:54.461,-0.1,0.4,0.86,-177.06,24.17,-16.54,NO_FALL,,
2026-07-28 10:39:54.462,-0.1,0.4,0.86,-177.06,24.17,-16.54,NO_FALL,,
2026-07-28 10:39:54.522,-0.19,-0.07,0.96,-375.92,97.17,-19.04,NO_FALL,,
2026-07-28 10:39:54.522,-0.19,-0.07,0.96,-313.54,140.2,-36.87,NO_FALL,,
2026-07-28 10:39:54.523,-0.34,-0.24,0.94,-313.54,140.2,-36.87,NO_FALL,,
2026-07-28 10:39:54.581,-0.38,-0.15,0.94,-104.13,83.56,-33.08,NO_FALL,,
2026-07-28 10:39:54.582,-0.38,-0.15,0.94,-104.13,83.56,-33.08,NO_FALL,,
2026-07-28 10:39:54.641,-0.42,-0.1,0.96,11.84,23.01,-14.71,NO_FALL,,
2026-07-28 10:39:54.642,-0.42,-0.1,0.96,11.84,23.01,-14.71,NO_FALL,,
2026-07-28 10:39:54.642,-0.41,-0.13,0.93,7.45,-0.43,-5.19,NO_FALL,,
2026-07-28 10:39:54.762,-0.41,-0.13,0.93,7.45,-0.43,-5.19,NO_FALL,,
2026-07-28 10:39:54.762,-0.38,-0.14,0.9,-22.16,1.53,-7.81,NO_FALL,,
2026-07-28 10:39:54.763,-0.32,-0.08,0.89,-17.7,3.91,-20.63,NO_FALL,,
2026-07-28 10:39:54.764,-0.32,-0.08,0.89,-17.7,3.91,-20.63,NO_FALL,,
2026-07-28 10:39:54.765,-0.3,-0.08,0.91,45.53,-15.75,-60.12,NO_FALL,,
2026-07-28 10:39:54.765,-0.3,-0.08,0.91,45.53,-15.75,-60.12,NO_FALL,,
2026-07-28 10:39:54.822,-0.36,-0.15,0.95,102.97,-26.92,-94.79,NO_FALL,,
2026-07-28 10:39:54.822,-0.36,-0.15,0.95,102.97,-26.92,-94.79,NO_FALL,,
2026-07-28 10:39:54.882,-0.36,-0.07,1.01,105.16,-23.38,-97.23,NO_FALL,,
2026-07-28 10:39:54.882,-0.36,0.01,1.17,71.35,-14.16,-101.68,NO_FALL,,
2026-07-28 10:39:54.883,-0.36,0.01,1.17,71.35,-14.16,-101.68,NO_FALL,,
2026-07-28 10:39:54.941,-0.48,0.05,1.35,30.21,29.6,-139.71,NO_FALL,,
2026-07-28 10:39:54.942,-0.48,0.05,1.35,30.21,29.6,-139.71,NO_FALL,,
2026-07-28 10:39:55.002,-0.57,0.09,1.46,5.49,84.84,-147.46,NO_FALL,,
2026-07-28 10:39:55.002,-0.57,0.09,1.46,5.49,84.84,-147.46,NO_FALL,,
2026-07-28 10:39:55.003,-0.6,0.01,1.44,8.42,110.29,-74.89,NO_FALL,,
2026-07-28 10:39:55.062,-0.59,-0.07,1.25,52.31,97.6,-10.01,NO_FALL,,
2026-07-28 10:39:55.062,-0.59,-0.07,1.25,52.31,97.6,-10.01,NO_FALL,,
2026-07-28 10:39:55.063,-0.6,-0.02,1.04,104.37,67.02,1.1,NO_FALL,,
2026-07-28 10:39:55.121,-0.6,-0.02,1.04,104.37,67.02,1.1,NO_FALL,,
2026-07-28 10:39:55.122,-0.64,0.01,0.88,102.91,73.36,1.46,NO_FALL,,
2026-07-28 10:39:55.123,-0.64,0.01,0.88,102.91,73.36,1.46,NO_FALL,,
2026-07-28 10:39:55.181,-0.62,-0.06,0.68,61.77,110.66,0.92,NO_FALL,,
2026-07-28 10:39:55.182,-0.55,-0.07,0.47,42.79,96.13,-10.86,NO_FALL,,
2026-07-28 10:39:55.242,-0.55,-0.07,0.47,42.79,96.13,-10.86,NO_FALL,,
2026-07-28 10:39:55.242,-0.54,0.01,0.4,53.77,12.15,-6.29,NO_FALL,,
2026-07-28 10:39:55.243,-0.54,0.01,0.4,53.77,12.15,-6.29,NO_FALL,,
2026-07-28 10:39:55.302,-0.59,0.13,0.48,69.52,-71.23,28.99,FALL,7,AUTO_FALL_LIKE
2026-07-28 10:39:55.302,-0.59,0.13,0.48,69.52,-71.23,28.99,FALL,7,AUTO_FALL_LIKE
2026-07-28 10:39:55.361,-0.6,0.23,0.63,71.29,-99.3,73.43,FALL,7,AUTO_FALL_LIKE
2026-07-28 10:39:55.362,-0.6,0.23,0.63,63.9,-78.74,95.03,FALL,7,AUTO_FALL_LIKE
2026-07-28 10:39:55.363,-0.57,0.34,0.78,63.9,-78.74,95.03,FALL,7,AUTO_FALL_LIKE
2026-07-28 10:39:55.421,-0.52,0.48,0.87,61.77,-39.06,80.26,FALL,7,AUTO_FALL_LIKE
2026-07-28 10:39:55.422,-0.52,0.48,0.87,61.77,-39.06,80.26,FALL,7,AUTO_FALL_LIKE
2026-07-28 10:39:55.422,-0.47,0.54,0.89,57.5,-18.19,38.76,FALL,7,AUTO_FALL_LIKE
2026-07-28 10:39:55.482,-0.47,0.54,0.89,57.5,-18.19,38.76,FALL,7,AUTO_FALL_LIKE
2026-07-28 10:39:55.482,-0.45,0.51,0.85,48.03,-35.22,-12.88,FALL,7,AUTO_FALL_LIKE
2026-07-28 10:39:55.541,-0.43,0.47,0.75,44.07,-47.97,-37.84,FALL,7,AUTO_FALL_LIKE
2026-07-28 10:39:55.542,-0.43,0.47,0.75,44.07,-47.97,-37.84,FALL,7,AUTO_FALL_LIKE
2026-07-28 10:39:55.542,-0.39,0.46,0.6,49.32,-30.15,-18.62,FALL,7,AUTO_FALL_LIKE
2026-07-28 10:39:55.601,-0.39,0.46,0.6,49.32,-30.15,-18.62,FALL,7,AUTO_FALL_LIKE
2026-07-28 10:39:55.602,-0.37,0.47,0.49,55.91,-5.07,17.94,FALL,7,AUTO_FALL_LIKE
2026-07-28 10:39:55.603,-0.37,0.47,0.49,55.91,-5.07,17.94,FALL,7,AUTO_FALL_LIKE
2026-07-28 10:39:55.661,-0.34,0.47,0.48,41.26,1.59,48.22,FALL,7,AUTO_FALL_LIKE
2026-07-28 10:39:55.662,-0.29,0.47,0.52,10.93,-5.25,64.21,FALL,7,AUTO_FALL_LIKE
2026-07-28 10:39:55.722,-0.29,0.47,0.52,10.93,-5.25,64.21,FALL,7,AUTO_FALL_LIKE
2026-07-28 10:39:55.722,-0.26,0.45,0.54,-11.05,-5.07,59.39,FALL,7,AUTO_FALL_LIKE
2026-07-28 10:39:55.723,-0.26,0.45,0.54,-11.05,-5.07,59.39,FALL,7,AUTO_FALL_LIKE
2026-07-28 10:39:55.782,-0.28,0.41,0.52,-25.09,0.12,39.43,FALL,7,AUTO_FALL_LIKE
2026-07-28 10:39:55.782,-0.28,0.41,0.52,-25.09,0.12,39.43,FALL,7,AUTO_FALL_LIKE
2026-07-28 10:39:55.841,-0.32,0.34,0.49,-27.77,-0.12,19.47,FALL,7,AUTO_FALL_LIKE
2026-07-28 10:39:55.842,-0.28,0.27,0.44,-13.73,-2.62,11.84,FALL,7,AUTO_FALL_LIKE
2026-07-28 10:39:55.843,-0.28,0.27,0.44,-13.73,-2.62,11.84,FALL,7,AUTO_FALL_LIKE
2026-07-28 10:39:55.901,-0.19,0.19,0.33,-8.54,4.33,14.65,FALL,7,AUTO_FALL_LIKE
2026-07-28 10:39:55.902,-0.19,0.19,0.33,-8.54,4.33,14.65,FALL,7,AUTO_FALL_LIKE
2026-07-28 10:39:55.903,-0.07,0.07,0.13,-58.29,30.15,12.33,FALL,7,AUTO_FALL_LIKE
2026-07-28 10:39:55.962,-0.07,0.07,0.13,-58.29,30.15,12.33,FALL,7,AUTO_FALL_LIKE
2026-07-28 10:39:55.962,0.02,-0.01,-0.01,-142.09,66.83,-0.61,FALL,7,AUTO_FALL_LIKE
2026-07-28 10:39:56.022,0.02,-0.01,-0.01,-191.47,90.94,-9.95,FALL,7,AUTO_FALL_LIKE
2026-07-28 10:39:56.022,0.04,-0.02,-0.04,-191.47,90.94,-9.95,FALL,7,AUTO_FALL_LIKE
2026-07-28 10:39:56.023,0.02,-0.01,-0.02,-194.34,94.3,-7.14,FALL,7,AUTO_FALL_LIKE
2026-07-28 10:39:56.081,0.02,-0.01,-0.02,-194.34,94.3,-7.14,FALL,7,AUTO_FALL_LIKE
2026-07-28 10:39:56.082,0.01,0.0,0.01,-180.3,87.1,1.65,FALL,7,AUTO_FALL_LIKE
2026-07-28 10:39:56.083,0.01,0.0,0.01,-180.3,87.1,1.65,FALL,7,AUTO_FALL_LIKE
2026-07-28 10:39:56.141,0.0,0.0,0.02,-170.84,77.76,10.25,FALL,7,AUTO_FALL_LIKE
2026-07-28 10:39:56.142,0.0,0.0,0.02,-170.84,77.76,10.25,FALL,7,AUTO_FALL_LIKE
2026-07-28 10:39:56.202,0.0,0.02,0.07,-170.41,70.01,16.24,FALL,7,AUTO_FALL_LIKE
2026-07-28 10:39:56.202,-0.68,-0.48,0.63,-281.01,115.54,-25.09,FALL,7,AUTO_FALL_LIKE
2026-07-28 10:39:56.203,-0.68,-0.48,0.63,-281.01,115.54,-25.09,FALL,7,AUTO_FALL_LIKE
2026-07-28 10:39:56.262,-1.24,-1.01,0.93,-608.4,311.4,-150.76,FALL,7,AUTO_FALL_LIKE
2026-07-28 10:39:56.262,-1.24,-1.01,0.93,-608.4,311.4,-150.76,FALL,7,AUTO_FALL_LIKE
2026-07-28 10:39:56.263,-0.36,-0.77,-0.01,-785.4,597.84,-167.6,FALL,7,AUTO_FALL_LIKE
2026-07-28 10:39:56.321,-0.36,-0.77,-0.01,-653.63,513.73,-30.15,FALL,7,AUTO_FALL_LIKE
2026-07-28 10:39:56.322,0.24,-0.29,-0.91,-653.63,513.73,-30.15,FALL,7,AUTO_FALL_LIKE
2026-07-28 10:39:56.381,-0.32,-0.15,-1.04,-362.92,66.83,61.4,FALL,7,AUTO_FALL_LIKE
2026-07-28 10:39:56.382,-0.32,-0.15,-1.04,-362.92,66.83,61.4,FALL,7,AUTO_FALL_LIKE
2026-07-28 10:39:56.383,-0.82,-0.25,-0.81,-47.67,-170.84,50.11,FALL,7,AUTO_FALL_LIKE
2026-07-28 10:39:56.442,-0.82,-0.25,-0.81,-47.67,-170.84,50.11,FALL,7,AUTO_FALL_LIKE
2026-07-28 10:39:56.442,-0.75,-0.25,-0.64,60.79,-99.55,7.75,FALL,7,AUTO_FALL_LIKE
2026-07-28 10:39:56.502,-0.5,-0.2,-0.72,11.05,41.75,9.46,FALL,7,AUTO_FALL_LIKE
2026-07-28 10:39:56.502,-0.5,-0.2,-0.72,11.05,41.75,9.46,FALL,7,AUTO_FALL_LIKE
2026-07-28 10:39:56.503,-0.45,-0.13,-0.88,-68.05,96.8,29.3,FALL,7,AUTO_FALL_LIKE
2026-07-28 10:39:56.561,-0.45,-0.13,-0.88,-68.05,96.8,29.3,FALL,7,AUTO_FALL_LIKE
2026-07-28 10:39:56.562,-0.49,-0.06,-0.9,-100.65,83.37,31.07,FALL,7,AUTO_FALL_LIKE
2026-07-28 10:39:56.563,-0.49,-0.06,-0.9,-100.65,83.37,31.07,FALL,7,AUTO_FALL_LIKE
2026-07-28 10:39:56.621,-0.46,-0.03,-0.84,-73.61,57.25,16.97,FALL,7,AUTO_FALL_LIKE
2026-07-28 10:39:56.622,-0.46,-0.03,-0.84,-53.1,26.43,5.37,FALL,7,AUTO_FALL_LIKE
2026-07-28 10:39:56.682,-0.42,0.06,-0.85,-53.1,26.43,5.37,FALL,7,AUTO_FALL_LIKE
2026-07-28 10:39:56.682,-0.44,0.17,-0.96,-60.49,-5.37,6.04,FALL,7,AUTO_FALL_LIKE
2026-07-28 10:39:56.683,-0.44,0.17,-0.96,-60.49,-5.37,6.04,FALL,7,AUTO_FALL_LIKE
2026-07-28 10:39:56.742,-0.45,0.18,-1.0,-49.74,-15.44,6.1,FALL,7,AUTO_FALL_LIKE
2026-07-28 10:39:56.742,-0.45,0.18,-1.0,-49.74,-15.44,6.1,FALL,7,AUTO_FALL_LIKE
2026-07-28 10:39:56.743,-0.43,0.1,-0.91,-32.71,-7.39,-3.78,FALL,7,AUTO_FALL_LIKE
2026-07-28 10:39:56.801,-0.43,0.1,-0.91,-32.71,-7.39,-3.78,FALL,7,AUTO_FALL_LIKE
2026-07-28 10:39:56.802,-0.53,0.16,-1.0,-104.43,-29.11,-18.37,FALL,7,AUTO_FALL_LIKE
2026-07-28 10:39:56.861,-0.82,0.32,-1.14,-246.95,-98.63,-70.25,FALL,7,AUTO_FALL_LIKE
2026-07-28 10:39:56.862,-0.82,0.32,-1.14,-246.95,-98.63,-70.25,FALL,7,AUTO_FALL_LIKE
2026-07-28 10:39:56.863,-1.02,0.41,-0.98,-343.44,-199.83,-154.1,FALL,7,AUTO_FALL_LIKE
2026-07-28 10:39:56.922,-1.02,0.41,-0.98,-343.44,-199.83,-154.1,FALL,7,AUTO_FALL_LIKE
2026-07-28 10:39:56.922,-1.04,0.45,-0.57,-331.54,-298.83,-134.6,FALL,7,AUTO_FALL_LIKE
2026-07-28 10:39:56.923,-1.04,0.45,-0.57,-331.54,-298.83,-134.6,FALL,7,AUTO_FALL_LIKE
2026-07-28 10:39:56.982,-0.98,0.49,-0.09,-239.75,-415.83,-54.93,FALL,7,AUTO_FALL_LIKE
2026-07-28 10:39:56.982,-0.81,0.55,0.36,-146.67,-547.91,-71.78,FALL,7,AUTO_FALL_LIKE
2026-07-28 10:39:57.041,-0.81,0.55,0.36,-146.67,-547.91,-71.78,FALL,7,AUTO_FALL_LIKE
2026-07-28 10:39:57.042,-0.41,0.49,0.68,-73.36,-571.78,-115.3,FALL,7,AUTO_FALL_LIKE
2026-07-28 10:39:57.043,-0.41,0.49,0.68,-73.36,-571.78,-115.3,FALL,7,AUTO_FALL_LIKE
2026-07-28 10:39:57.102,-0.06,0.34,0.88,-50.05,-444.27,-117.55,FALL,7,AUTO_FALL_LIKE
2026-07-28 10:39:57.103,-0.02,0.15,0.94,-84.78,-245.67,-102.97,FALL,7,AUTO_FALL_LIKE
2026-07-28 10:39:57.162,-0.02,0.15,0.94,-84.78,-245.67,-102.97,FALL,7,AUTO_FALL_LIKE
2026-07-28 10:39:57.162,-0.14,-0.02,0.86,-133.67,-78.25,-81.54,FALL,7,AUTO_FALL_LIKE
2026-07-28 10:39:57.163,-0.14,-0.02,0.86,-133.67,-78.25,-81.54,FALL,7,AUTO_FALL_LIKE
2026-07-28 10:39:57.222,-0.26,-0.16,0.79,-175.84,7.57,-62.99,FALL,7,AUTO_FALL_LIKE
2026-07-28 10:39:57.222,-0.26,-0.16,0.79,-175.84,7.57,-62.99,FALL,7,AUTO_FALL_LIKE
2026-07-28 10:39:57.223,-0.32,-0.27,0.79,-188.11,24.6,-43.21,FALL,7,AUTO_FALL_LIKE
2026-07-28 10:39:57.281,-0.31,-0.32,0.81,-141.36,1.46,-22.16,FALL,7,AUTO_FALL_LIKE
2026-07-28 10:39:57.282,-0.31,-0.32,0.81,-141.36,1.46,-22.16,FALL,7,AUTO_FALL_LIKE
2026-07-28 10:39:57.341,-0.27,-0.34,0.8,-69.46,-31.56,-10.5,FALL,7,AUTO_FALL_LIKE
2026-07-28 10:39:57.342,-0.27,-0.34,0.8,-69.46,-31.56,-10.5,FALL,7,AUTO_FALL_LIKE
2026-07-28 10:39:57.343,-0.22,-0.36,0.81,-23.8,-50.17,-8.91,FALL,7,AUTO_FALL_LIKE
2026-07-28 10:39:57.402,-0.22,-0.36,0.81,-23.8,-50.17,-8.91,FALL,7,AUTO_FALL_LIKE
2026-07-28 10:39:57.402,-0.19,-0.38,0.84,-5.55,-44.13,-8.97,FALL,7,AUTO_FALL_LIKE
2026-07-28 10:39:57.462,-0.19,-0.38,0.86,2.08,-27.22,-5.13,FALL,7,AUTO_FALL_LIKE
2026-07-28 10:39:57.462,-0.19,-0.38,0.86,2.08,-27.22,-5.13,FALL,7,AUTO_FALL_LIKE
2026-07-28 10:39:57.463,-0.18,-0.37,0.85,1.71,-13.49,-2.14,FALL,7,AUTO_FALL_LIKE
2026-07-28 10:39:57.522,-0.18,-0.37,0.85,1.71,-13.49,-2.14,FALL,7,AUTO_FALL_LIKE
2026-07-28 10:39:57.522,-0.19,-0.39,0.83,-5.86,-0.49,-1.89,FALL,7,AUTO_FALL_LIKE
2026-07-28 10:39:57.523,-0.19,-0.39,0.83,-5.86,-0.49,-1.89,FALL,7,AUTO_FALL_LIKE
2026-07-28 10:39:57.581,-0.2,-0.4,0.84,-8.67,7.32,-3.05,FALL,7,AUTO_FALL_LIKE
2026-07-28 10:39:57.582,-0.2,-0.38,0.88,-1.95,4.52,-6.16,FALL,7,AUTO_FALL_LIKE
2026-07-28 10:39:57.582,-0.2,-0.38,0.88,-1.95,4.52,-6.16,FALL,7,AUTO_FALL_LIKE
2026-07-28 10:39:57.642,-0.17,-0.36,0.92,5.31,-4.7,-6.16,FALL,7,AUTO_FALL_LIKE
2026-07-28 10:39:57.642,-0.17,-0.36,0.92,5.31,-4.7,-6.16,FALL,7,AUTO_FALL_LIKE
2026-07-28 10:39:57.702,-0.15,-0.36,0.92,6.53,-10.07,-0.49,FALL,7,AUTO_FALL_LIKE
2026-07-28 10:39:57.702,-0.15,-0.36,0.92,6.53,-10.07,-0.49,FALL,7,AUTO_FALL_LIKE
2026-07-28 10:39:57.703,-0.16,-0.38,0.9,0.24,-8.0,4.21,FALL,7,AUTO_FALL_LIKE
2026-07-28 10:39:57.761,-0.16,-0.38,0.9,0.24,-8.0,4.21,FALL,7,AUTO_FALL_LIKE
2026-07-28 10:39:57.762,-0.16,-0.38,0.9,0.24,-8.0,4.21,FALL,7,AUTO_FALL_LIKE
2026-07-28 10:39:57.762,-0.16,-0.38,0.9,0.24,-8.0,4.21,FALL,7,AUTO_FALL_LIKE
2026-07-28 10:39:57.821,-0.2,-0.41,0.88,-4.27,-2.32,4.76,NO_FALL,,
2026-07-28 10:39:57.822,-0.2,-0.41,0.88,-4.27,-2.32,4.76,NO_FALL,,
2026-07-28 10:39:57.823,-0.2,-0.41,0.88,1.59,-2.44,1.4,NO_FALL,,
2026-07-28 10:39:57.882,-0.18,-0.4,0.88,2.81,-4.76,-3.72,NO_FALL,,
2026-07-28 10:39:57.882,-0.18,-0.4,0.88,2.81,-4.76,-3.72,NO_FALL,,
2026-07-28 10:39:57.942,-0.17,-0.4,0.89,2.99,-6.53,-4.88,NO_FALL,,
2026-07-28 10:39:57.942,-0.17,-0.4,0.89,2.99,-6.53,-4.88,NO_FALL,,
2026-07-28 10:39:57.943,-0.15,-0.4,0.9,5.55,-6.35,-2.56,NO_FALL,,
2026-07-28 10:39:58.001,-0.15,-0.4,0.9,5.55,-6.35,-2.56,NO_FALL,,
2026-07-28 10:39:58.002,-0.15,-0.39,0.92,4.88,-4.27,-1.16,NO_FALL,,
2026-07-28 10:39:58.003,-0.15,-0.39,0.92,4.88,-4.27,-1.16,NO_FALL,,
2026-07-28 10:39:58.061,-0.17,-0.4,0.93,1.71,-2.75,0.18,NO_FALL,,
2026-07-28 10:39:58.062,-0.17,-0.4,0.93,1.65,-3.17,1.59,NO_FALL,,
2026-07-28 10:39:58.062,-0.16,-0.39,0.92,1.65,-3.17,1.59,NO_FALL,,
2026-07-28 10:39:58.121,-0.15,-0.38,0.9,2.81,-3.23,1.4,NO_FALL,,
2026-07-28 10:39:58.122,-0.15,-0.38,0.9,2.81,-3.23,1.4,NO_FALL,,
2026-07-28 10:39:58.181,-0.15,-0.38,0.9,2.38,-2.32,0.37,NO_FALL,,
2026-07-28 10:39:58.182,-0.15,-0.38,0.9,2.38,-2.32,0.37,NO_FALL,,
2026-07-28 10:39:58.182,-0.15,-0.38,0.9,2.62,-1.89,-0.06,NO_FALL,,
2026-07-28 10:39:58.241,-0.15,-0.38,0.9,2.62,-1.89,-0.06,NO_FALL,,
2026-07-28 10:39:58.242,-0.15,-0.38,0.92,4.76,-2.01,0.73,NO_FALL,,
2026-07-28 10:39:58.243,-0.15,-0.38,0.92,4.76,-2.01,0.73,NO_FALL,,
2026-07-28 10:39:58.301,-0.16,-0.38,0.93,4.94,-2.93,0.79,NO_FALL,,
2026-07-28 10:39:58.302,-0.16,-0.38,0.93,0.92,-5.55,-1.53,NO_FALL,,
2026-07-28 10:39:58.303,-0.16,-0.38,0.93,0.92,-5.55,-1.53,NO_FALL,,
2026-07-28 10:39:58.362,-0.14,-0.38,0.92,-1.71,-7.51,-2.93,NO_FALL,,
2026-07-28 10:39:58.362,-0.14,-0.38,0.92,-1.71,-7.51,-2.93,NO_FALL,,
2026-07-28 10:39:58.421,-0.14,-0.37,0.93,0.31,-6.53,-1.77,NO_FALL,,
2026-07-28 10:39:58.422,-0.14,-0.37,0.93,0.31,-6.53,-1.77,NO_FALL,,
2026-07-28 10:39:58.422,-0.13,-0.37,0.93,2.2,-8.48,0.49,NO_FALL,,
2026-07-28 10:39:58.481,-0.13,-0.37,0.93,2.2,-8.48,0.49,NO_FALL,,
2026-07-28 10:39:58.482,-0.13,-0.37,0.92,2.87,-11.9,4.27,NO_FALL,,
2026-07-28 10:39:58.482,-0.13,-0.37,0.91,3.85,-9.77,5.92,NO_FALL,,
2026-07-28 10:39:58.541,-0.13,-0.37,0.91,3.85,-9.77,5.92,NO_FALL,,
2026-07-28 10:39:58.542,-0.12,-0.36,0.91,2.62,-6.59,2.69,NO_FALL,,
2026-07-28 10:39:58.542,-0.12,-0.36,0.91,2.62,-6.59,2.69,NO_FALL,,
2026-07-28 10:39:58.601,-0.11,-0.37,0.91,-1.22,-4.7,-0.37,NO_FALL,,
2026-07-28 10:39:58.602,-0.11,-0.37,0.91,-1.22,-4.7,-0.37,NO_FALL,,
2026-07-28 10:39:58.662,-0.11,-0.38,0.91,-3.91,-0.12,-1.28,FALL,8,AUTO_FALL_LIKE
2026-07-28 10:39:58.662,-0.11,-0.38,0.91,-3.91,-0.12,-1.28,FALL,8,AUTO_FALL_LIKE
2026-07-28 10:39:58.663,-0.12,-0.38,0.92,-6.35,3.91,-3.66,FALL,8,AUTO_FALL_LIKE
2026-07-28 10:39:58.721,-0.12,-0.38,0.92,-8.18,3.05,-6.29,FALL,8,AUTO_FALL_LIKE
2026-07-28 10:39:58.722,-0.12,-0.38,0.92,-8.18,3.05,-6.29,FALL,8,AUTO_FALL_LIKE
2026-07-28 10:39:58.723,-0.11,-0.39,0.91,-5.92,-0.31,-3.97,FALL,8,AUTO_FALL_LIKE
2026-07-28 10:39:58.781,-0.11,-0.39,0.91,-5.92,-0.31,-3.97,FALL,8,AUTO_FALL_LIKE
2026-07-28 10:39:58.782,-0.11,-0.4,0.91,-0.79,-2.08,0.67,FALL,8,AUTO_FALL_LIKE
2026-07-28 10:39:58.782,-0.11,-0.4,0.91,-0.79,-2.08,0.67,FALL,8,AUTO_FALL_LIKE
2026-07-28 10:39:58.842,-0.11,-0.4,0.92,3.11,-2.2,2.32,FALL,8,AUTO_FALL_LIKE
2026-07-28 10:39:58.842,-0.11,-0.4,0.92,3.11,-2.2,2.32,FALL,8,AUTO_FALL_LIKE
2026-07-28 10:39:58.902,-0.1,-0.39,0.94,2.44,-1.83,0.79,FALL,8,AUTO_FALL_LIKE
2026-07-28 10:39:58.902,-0.1,-0.39,0.94,2.44,-1.83,0.79,FALL,8,AUTO_FALL_LIKE
2026-07-28 10:39:58.903,-0.1,-0.39,0.96,-2.26,1.22,-1.65,FALL,8,AUTO_FALL_LIKE
2026-07-28 10:39:58.961,-0.12,-0.38,0.94,-5.62,5.62,-2.26,FALL,8,AUTO_FALL_LIKE
2026-07-28 10:39:58.962,-0.12,-0.38,0.94,-5.62,5.62,-2.26,FALL,8,AUTO_FALL_LIKE
2026-07-28 10:39:58.962,-0.12,-0.38,0.9,-5.62,7.26,0.06,FALL,8,AUTO_FALL_LIKE
2026-07-28 10:39:59.021,-0.12,-0.38,0.9,-5.62,7.26,0.06,FALL,8,AUTO_FALL_LIKE
2026-07-28 10:39:59.022,-0.13,-0.39,0.86,-4.82,5.92,1.83,FALL,8,AUTO_FALL_LIKE
2026-07-28 10:39:59.022,-0.13,-0.39,0.86,-4.82,5.92,1.83,FALL,8,AUTO_FALL_LIKE
2026-07-28 10:39:59.082,-0.12,-0.4,0.86,-3.23,3.85,0.49,FALL,8,AUTO_FALL_LIKE
2026-07-28 10:39:59.082,-0.12,-0.4,0.86,-3.23,3.85,0.49,FALL,8,AUTO_FALL_LIKE
2026-07-28 10:39:59.142,-0.12,-0.4,0.9,1.46,3.3,-2.81,FALL,8,AUTO_FALL_LIKE
2026-07-28 10:39:59.142,-0.12,-0.4,0.9,8.54,2.32,-5.43,FALL,8,AUTO_FALL_LIKE
2026-07-28 10:39:59.143,-0.11,-0.38,0.95,8.54,2.32,-5.43,FALL,8,AUTO_FALL_LIKE
2026-07-28 10:39:59.201,-0.1,-0.37,0.94,16.48,-1.22,-4.64,FALL,8,AUTO_FALL_LIKE
2026-07-28 10:39:59.202,-0.1,-0.37,0.94,16.48,-1.22,-4.64,FALL,8,AUTO_FALL_LIKE
2026-07-28 10:39:59.203,-0.12,-0.38,0.86,28.63,-2.01,2.87,FALL,8,AUTO_FALL_LIKE
2026-07-28 10:39:59.261,-0.12,-0.38,0.86,28.63,-2.01,2.87,FALL,8,AUTO_FALL_LIKE
2026-07-28 10:39:59.262,-0.12,-0.36,0.74,54.32,3.85,15.81,FALL,8,AUTO_FALL_LIKE
2026-07-28 10:39:59.321,-0.12,-0.36,0.74,54.32,3.85,15.81,FALL,8,AUTO_FALL_LIKE
2026-07-28 10:39:59.322,-0.06,-0.28,0.6,78.98,11.54,10.07,FALL,8,AUTO_FALL_LIKE
2026-07-28 10:39:59.323,-0.04,-0.22,0.47,87.16,28.38,-13.79,FALL,8,AUTO_FALL_LIKE
2026-07-28 10:39:59.382,-0.04,-0.22,0.47,87.16,28.38,-13.79,FALL,8,AUTO_FALL_LIKE
2026-07-28 10:39:59.382,-0.07,-0.15,0.41,113.53,60.73,-10.38,FALL,8,AUTO_FALL_LIKE
2026-07-28 10:39:59.383,-0.07,-0.15,0.41,113.53,60.73,-10.38,FALL,8,AUTO_FALL_LIKE
2026-07-28 10:39:59.441,-0.12,0.0,0.44,160.58,79.77,12.63,FALL,8,AUTO_FALL_LIKE
2026-07-28 10:39:59.442,-0.12,0.0,0.44,160.58,79.77,12.63,FALL,8,AUTO_FALL_LIKE
2026-07-28 10:39:59.501,-0.19,0.21,0.53,183.04,63.96,23.56,FALL,8,AUTO_FALL_LIKE
2026-07-28 10:39:59.502,-0.27,0.48,0.67,182.8,49.5,37.41,FALL,8,AUTO_FALL_LIKE
2026-07-28 10:39:59.503,-0.27,0.48,0.67,182.8,49.5,37.41,FALL,8,AUTO_FALL_LIKE
2026-07-28 10:39:59.561,-0.58,0.93,1.34,184.94,69.82,75.07,FALL,8,AUTO_FALL_LIKE
2026-07-28 10:39:59.562,-0.58,0.93,1.34,184.94,69.82,75.07,FALL,8,AUTO_FALL_LIKE
2026-07-28 10:39:59.622,-0.7,1.17,1.98,127.32,74.16,127.32,FALL,8,AUTO_FALL_LIKE
2026-07-28 10:39:59.622,-0.46,0.86,1.6,13.67,76.29,145.08,FALL,8,AUTO_FALL_LIKE
2026-07-28 10:39:59.623,-0.46,0.86,1.6,13.67,76.29,145.08,FALL,8,AUTO_FALL_LIKE
2026-07-28 10:39:59.681,-0.31,0.39,0.69,-48.65,100.46,136.96,FALL,8,AUTO_FALL_LIKE
2026-07-28 10:39:59.682,-0.31,0.39,0.69,-48.65,100.46,136.96,FALL,8,AUTO_FALL_LIKE
2026-07-28 10:39:59.741,-0.22,0.16,0.19,-34.73,90.33,136.17,FALL,8,AUTO_FALL_LIKE
2026-07-28 10:39:59.742,-0.22,0.16,0.19,-34.73,90.33,136.17,FALL,8,AUTO_FALL_LIKE
2026-07-28 10:39:59.743,-0.2,0.37,0.47,-0.49,44.86,114.75,FALL,8,AUTO_FALL_LIKE
2026-07-28 10:39:59.802,-0.13,0.71,1.01,10.99,-2.56,78.0,FALL,8,AUTO_FALL_LIKE
2026-07-28 10:39:59.802,-0.13,0.71,1.01,10.99,-2.56,78.0,FALL,8,AUTO_FALL_LIKE
2026-07-28 10:39:59.803,-0.06,0.78,1.09,17.88,-3.17,45.47,FALL,8,AUTO_FALL_LIKE
2026-07-28 10:39:59.862,-0.06,0.78,1.09,17.88,-3.17,45.47,FALL,8,AUTO_FALL_LIKE
2026-07-28 10:39:59.862,-0.21,0.65,0.75,25.51,49.32,18.43,FALL,8,AUTO_FALL_LIKE
2026-07-28 10:39:59.863,-0.21,0.65,0.75,25.51,49.32,18.43,FALL,8,AUTO_FALL_LIKE
2026-07-28 10:39:59.921,-0.4,0.56,0.51,16.3,79.22,20.02,FALL,8,AUTO_FALL_LIKE
2026-07-28 10:39:59.922,-0.4,0.59,0.57,-1.46,54.02,47.61,FALL,8,AUTO_FALL_LIKE
2026-07-28 10:39:59.981,-0.4,0.59,0.57,-1.46,54.02,47.61,FALL,8,AUTO_FALL_LIKE
2026-07-28 10:39:59.982,-0.31,0.63,0.7,-5.49,29.66,57.43,FALL,8,AUTO_FALL_LIKE
2026-07-28 10:39:59.982,-0.31,0.63,0.7,-5.49,29.66,57.43,FALL,8,AUTO_FALL_LIKE
2026-07-28 10:40:00.041,-0.28,0.65,0.66,17.21,36.8,47.97,FALL,8,AUTO_FALL_LIKE
2026-07-28 10:40:00.042,-0.28,0.65,0.66,17.21,36.8,47.97,FALL,8,AUTO_FALL_LIKE
2026-07-28 10:40:00.102,-0.34,0.7,0.58,46.02,53.59,30.21,FALL,8,AUTO_FALL_LIKE
2026-07-28 10:40:00.102,-0.42,0.71,0.55,48.46,60.18,-1.04,FALL,8,AUTO_FALL_LIKE
2026-07-28 10:40:00.103,-0.42,0.71,0.55,48.46,60.18,-1.04,FALL,8,AUTO_FALL_LIKE
2026-07-28 10:40:00.161,-0.43,0.72,0.53,39.86,56.64,-24.78,FALL,8,AUTO_FALL_LIKE
2026-07-28 10:40:00.162,-0.43,0.72,0.53,39.86,56.64,-24.78,FALL,8,AUTO_FALL_LIKE
2026-07-28 10:40:00.163,-0.42,0.77,0.53,37.6,53.59,-41.63,FALL,8,AUTO_FALL_LIKE
2026-07-28 10:40:00.221,-0.42,0.77,0.53,37.6,53.59,-41.63,FALL,8,AUTO_FALL_LIKE
2026-07-28 10:40:00.222,-0.44,0.77,0.48,26.79,59.63,-51.88,FALL,8,AUTO_FALL_LIKE
2026-07-28 10:40:00.281,-0.46,0.68,0.37,11.84,72.27,-29.72,FALL,8,AUTO_FALL_LIKE
2026-07-28 10:40:00.282,-0.46,0.68,0.37,11.84,72.27,-29.72,FALL,8,AUTO_FALL_LIKE
2026-07-28 10:40:00.283,-0.5,0.61,0.26,12.76,82.64,17.52,FALL,8,AUTO_FALL_LIKE
2026-07-28 10:40:00.341,-0.5,0.61,0.26,12.76,82.64,17.52,FALL,8,AUTO_FALL_LIKE
2026-07-28 10:40:00.342,-0.6,0.7,0.22,28.5,82.52,57.01,FALL,8,AUTO_FALL_LIKE
2026-07-28 10:40:00.342,-0.6,0.7,0.22,28.5,82.52,57.01,FALL,8,AUTO_FALL_LIKE
2026-07-28 10:40:00.401,-0.69,0.87,0.23,38.94,64.7,68.05,FALL,8,AUTO_FALL_LIKE
2026-07-28 10:40:00.402,-0.65,0.92,0.24,26.67,35.83,49.74,FALL,8,AUTO_FALL_LIKE
2026-07-28 10:40:00.461,-0.65,0.92,0.24,26.67,35.83,49.74,FALL,8,AUTO_FALL_LIKE
2026-07-28 10:40:00.462,-0.53,0.84,0.25,1.28,15.01,22.46,FALL,8,AUTO_FALL_LIKE
2026-07-28 10:40:00.462,-0.53,0.84,0.25,1.28,15.01,22.46,FALL,8,AUTO_FALL_LIKE
2026-07-28 10:40:00.522,-0.44,0.75,0.27,-10.44,7.51,7.87,FALL,8,AUTO_FALL_LIKE
2026-07-28 10:40:00.522,-0.44,0.75,0.27,-10.44,7.51,7.87,FALL,8,AUTO_FALL_LIKE
2026-07-28 10:40:00.523,-0.41,0.76,0.3,-1.65,3.66,10.8,FALL,8,AUTO_FALL_LIKE
2026-07-28 10:40:00.581,-0.41,0.76,0.3,11.41,-1.46,22.95,FALL,8,AUTO_FALL_LIKE
2026-07-28 10:40:00.582,-0.4,0.82,0.31,11.41,-1.46,22.95,FALL,8,AUTO_FALL_LIKE
2026-07-28 10:40:00.641,-0.4,0.86,0.29,16.24,-2.81,28.93,FALL,8,AUTO_FALL_LIKE
2026-07-28 10:40:00.642,-0.4,0.86,0.29,16.24,-2.81,28.93,FALL,8,AUTO_FALL_LIKE
2026-07-28 10:40:00.643,-0.41,0.87,0.26,15.08,3.05,19.29,FALL,8,AUTO_FALL_LIKE
2026-07-28 10:40:00.701,-0.41,0.87,0.26,15.08,3.05,19.29,FALL,8,AUTO_FALL_LIKE
2026-07-28 10:40:00.702,-0.44,0.86,0.24,9.89,11.41,-1.77,FALL,8,AUTO_FALL_LIKE
2026-07-28 10:40:00.703,-0.44,0.86,0.24,9.89,11.41,-1.77,FALL,8,AUTO_FALL_LIKE
2026-07-28 10:40:00.761,-0.47,0.82,0.21,5.0,17.64,-22.4,FALL,8,AUTO_FALL_LIKE
2026-07-28 10:40:00.762,-0.55,0.81,0.14,8.24,13.12,-31.01,FALL,8,AUTO_FALL_LIKE
2026-07-28 10:40:00.821,-0.55,0.81,0.14,8.24,13.12,-31.01,FALL,8,AUTO_FALL_LIKE
2026-07-28 10:40:00.822,-0.66,0.89,0.09,13.06,-11.17,-27.53,FALL,8,AUTO_FALL_LIKE
2026-07-28 10:40:00.823,-0.66,0.89,0.09,13.06,-11.17,-27.53,FALL,8,AUTO_FALL_LIKE
2026-07-28 10:40:00.881,-0.77,1.08,0.14,8.06,-46.51,-21.85,FALL,8,AUTO_FALL_LIKE
2026-07-28 10:40:00.882,-0.77,1.08,0.14,8.06,-46.51,-21.85,FALL,8,AUTO_FALL_LIKE
2026-07-28 10:40:00.883,-0.86,1.34,0.31,1.46,-66.77,-33.81,FALL,8,AUTO_FALL_LIKE
2026-07-28 10:40:00.941,-0.86,1.34,0.31,-2.32,-57.19,-68.85,FALL,8,AUTO_FALL_LIKE
2026-07-28 10:40:00.942,-0.92,1.51,0.52,-2.32,-57.19,-68.85,FALL,8,AUTO_FALL_LIKE
2026-07-28 10:40:01.001,-0.95,1.51,0.64,-14.77,-30.58,-113.59,FALL,8,AUTO_FALL_LIKE
2026-07-28 10:40:01.002,-0.95,1.51,0.64,-14.77,-30.58,-113.59,FALL,8,AUTO_FALL_LIKE
2026-07-28 10:40:01.003,-0.91,1.29,0.61,-26.55,3.54,-167.3,FALL,8,AUTO_FALL_LIKE
2026-07-28 10:40:01.061,-0.91,1.29,0.61,-26.55,3.54,-167.3,FALL,8,AUTO_FALL_LIKE
2026-07-28 10:40:01.062,-0.77,0.85,0.41,-18.92,42.54,-222.35,FALL,8,AUTO_FALL_LIKE
2026-07-28 10:40:01.063,-0.77,0.85,0.41,-18.92,42.54,-222.35,FALL,8,AUTO_FALL_LIKE
2026-07-28 10:40:01.122,-0.64,0.39,0.21,0.67,69.89,-256.9,FALL,8,AUTO_FALL_LIKE
2026-07-28 10:40:01.122,-0.58,0.07,0.18,13.98,67.02,-260.07,FALL,8,AUTO_FALL_LIKE
2026-07-28 10:40:01.181,-0.58,0.07,0.18,13.98,67.02,-260.07,NO_FALL,,
2026-07-28 10:40:01.182,-0.57,-0.04,0.25,16.24,36.13,-235.66,NO_FALL,,
2026-07-28 10:40:01.183,-0.57,-0.04,0.25,16.24,36.13,-235.66,NO_FALL,,
2026-07-28 10:40:01.242,-0.58,-0.08,0.3,2.38,0.85,-194.95,NO_FALL,,
2026-07-28 10:40:01.242,-0.58,-0.08,0.3,2.38,0.85,-194.95,NO_FALL,,
2026-07-28 10:40:01.243,-0.61,-0.17,0.28,-24.29,-17.27,-153.56,NO_FALL,,
2026-07-28 10:40:01.301,-0.64,-0.26,0.24,-36.25,-16.6,-127.75,NO_FALL,,
2026-07-28 10:40:01.302,-0.64,-0.26,0.24,-36.25,-16.6,-127.75,NO_FALL,,
2026-07-28 10:40:01.361,-0.62,-0.3,0.2,-26.92,-11.96,-120.48,NO_FALL,,
2026-07-28 10:40:01.362,-0.62,-0.3,0.2,-26.92,-11.96,-120.48,NO_FALL,,
2026-07-28 10:40:01.363,-0.54,-0.29,0.19,-24.17,-16.36,-105.77,NO_FALL,,
2026-07-28 10:40:01.422,-0.34,-0.22,0.21,-38.64,-28.02,-67.69,NO_FALL,,
2026-07-28 10:40:01.422,-0.34,-0.22,0.21,-38.64,-28.02,-67.69,NO_FALL,,
2026-07-28 10:40:01.481,-0.07,-0.13,0.21,-55.79,-24.84,-29.11,NO_FALL,,
2026-07-28 10:40:01.482,-0.07,-0.13,0.21,-55.79,-24.84,-29.11,NO_FALL,,
2026-07-28 10:40:01.483,0.01,-0.09,0.12,-61.52,15.14,-4.82,NO_FALL,,
2026-07-28 10:40:01.541,0.01,-0.09,0.12,-61.52,15.14,-4.82,NO_FALL,,
2026-07-28 10:40:01.542,-0.07,-0.07,0.02,-49.38,76.78,19.65,NO_FALL,,
2026-07-28 10:40:01.601,-0.08,-0.02,-0.02,-31.25,140.14,25.02,NO_FALL,,
2026-07-28 10:40:01.602,-0.08,-0.02,-0.02,-31.25,140.14,25.02,NO_FALL,,
2026-07-28 10:40:01.603,-0.02,0.01,-0.02,-27.22,195.13,-7.14,NO_FALL,,
2026-07-28 10:40:01.661,-0.02,0.01,-0.02,-27.22,195.13,-7.14,NO_FALL,,
2026-07-28 10:40:01.662,0.02,0.01,-0.01,-36.44,223.33,-39.86,NO_FALL,,
2026-07-28 10:40:01.663,0.02,0.01,-0.01,-48.16,227.23,-48.95,NO_FALL,,
2026-07-28 10:40:01.721,0.02,-0.01,-0.02,-48.16,227.23,-48.95,NO_FALL,,
2026-07-28 10:40:01.722,0.02,-0.01,-0.02,-60.42,226.2,-43.33,NO_FALL,,
2026-07-28 10:40:01.781,0.02,-0.01,-0.02,-60.42,226.2,-43.33,NO_FALL,,
2026-07-28 10:40:01.782,-0.07,-0.15,-0.58,-102.97,253.72,-55.85,NO_FALL,,
2026-07-28 10:40:01.783,-0.07,-0.15,-0.58,-102.97,253.72,-55.85,NO_FALL,,
2026-07-28 10:40:01.841,0.27,-0.1,-1.4,-260.99,419.43,-227.17,NO_FALL,,
2026-07-28 10:40:01.843,0.31,0.16,-1.4,-302.31,447.88,-469.3,NO_FALL,,
2026-07-28 10:40:01.843,0.31,0.16,-1.4,-302.31,447.88,-469.3,NO_FALL,,
2026-07-28 10:40:01.901,-0.14,0.25,-1.0,-90.7,139.89,-440.61,NO_FALL,,
2026-07-28 10:40:01.902,-0.14,0.25,-1.0,-90.7,139.89,-440.61,NO_FALL,,
2026-07-28 10:40:01.962,-0.03,0.08,-0.93,116.27,-119.51,-149.17,NO_FALL,,
2026-07-28 10:40:01.962,-0.03,0.08,-0.93,175.23,-163.64,75.26,NO_FALL,,
2026-07-28 10:40:01.963,0.18,-0.19,-1.0,175.23,-163.64,75.26,NO_FALL,,
2026-07-28 10:40:02.021,0.09,-0.24,-1.01,107.3,-117.43,88.99,NO_FALL,,
2026-07-28 10:40:02.022,0.09,-0.24,-1.01,107.3,-117.43,88.99,NO_FALL,,
2026-07-28 10:40:02.081,-0.08,-0.2,-1.02,30.21,-74.95,30.33,NO_FALL,,
2026-07-28 10:40:02.082,-0.08,-0.2,-1.02,30.21,-74.95,30.33,NO_FALL,,
2026-07-28 10:40:02.083,-0.15,-0.17,-1.03,-9.03,-62.81,10.38,NO_FALL,,
2026-07-28 10:40:02.141,-0.15,-0.17,-1.03,-37.84,-67.93,15.26,NO_FALL,,
2026-07-28 10:40:02.142,-0.19,-0.11,-0.98,-37.84,-67.93,15.26,NO_FALL,,
2026-07-28 10:40:02.201,-0.27,-0.07,-0.98,-46.75,-72.2,14.47,NO_FALL,,
2026-07-28 10:40:02.202,-0.27,-0.07,-0.98,-46.75,-72.2,14.47,NO_FALL,,
2026-07-28 10:40:02.203,-0.33,-0.04,-0.98,-37.84,-65.37,7.57,NO_FALL,,
2026-07-28 10:40:02.261,-0.33,-0.04,-0.98,-37.84,-65.37,7.57,NO_FALL,,
2026-07-28 10:40:02.262,-0.34,-0.01,-0.94,-33.39,-39.18,-8.42,NO_FALL,,
2026-07-28 10:40:02.262,-0.34,-0.01,-0.94,-33.39,-39.18,-8.42,NO_FALL,,
2026-07-28 10:40:02.322,-0.32,-0.04,-0.94,-6.9,-20.51,-29.91,NO_FALL,,
2026-07-28 10:40:02.322,-0.33,-0.12,-0.93,55.36,-47.79,-23.07,NO_FALL,,
2026-07-28 10:40:02.323,-0.33,-0.12,-0.93,55.36,-47.79,-23.07,NO_FALL,,
2026-07-28 10:40:02.381,-0.39,-0.18,-0.87,95.95,-75.07,4.94,NO_FALL,,
2026-07-28 10:40:02.382,-0.39,-0.18,-0.87,95.95,-75.07,4.94,NO_FALL,,
2026-07-28 10:40:02.441,-0.46,-0.19,-0.87,75.56,-48.71,14.59,NO_FALL,,
2026-07-28 10:40:02.442,-0.46,-0.19,-0.87,75.56,-48.71,14.59,NO_FALL,,
2026-07-28 10:40:02.443,-0.41,-0.13,-0.97,30.52,-2.81,6.59,NO_FALL,,
2026-07-28 10:40:02.501,-0.27,-0.13,-1.18,-9.89,38.21,-12.63,NO_FALL,,
2026-07-28 10:40:02.502,-0.27,-0.13,-1.18,-9.89,38.21,-12.63,NO_FALL,,
2026-07-28 10:40:02.561,-0.27,-0.21,-1.38,-30.33,79.35,-32.1,NO_FALL,,
2026-07-28 10:40:02.562,-0.27,-0.21,-1.38,-30.33,79.35,-32.1,NO_FALL,,
2026-07-28 10:40:02.563,-0.36,-0.32,-1.46,-12.33,88.62,-21.85,NO_FALL,,
2026-07-28 10:40:02.621,-0.36,-0.32,-1.46,-12.33,88.62,-21.85,NO_FALL,,
2026-07-28 10:40:02.622,-0.41,-0.42,-1.49,30.4,63.17,7.02,NO_FALL,,
2026-07-28 10:40:02.623,-0.43,-0.48,-1.47,68.05,53.1,12.51,NO_FALL,,
2026-07-28 10:40:02.681,-0.43,-0.48,-1.47,68.05,53.1,12.51,NO_FALL,,
2026-07-28 10:40:02.682,-0.4,-0.47,-1.34,96.56,63.96,-8.42,NO_FALL,,
2026-07-28 10:40:02.683,-0.4,-0.47,-1.34,96.56,63.96,-8.42,NO_FALL,,
2026-07-28 10:40:02.741,-0.3,-0.46,-1.16,116.21,71.11,-33.87,NO_FALL,,
2026-07-28 10:40:02.742,-0.3,-0.46,-1.16,116.21,71.11,-33.87,NO_FALL,,
2026-07-28 10:40:02.801,-0.16,-0.44,-0.93,125.37,70.56,-49.01,NO_FALL,,
2026-07-28 10:40:02.802,-0.04,-0.43,-0.72,122.01,74.58,-58.65,NO_FALL,,
2026-07-28 10:40:02.803,-0.04,-0.43,-0.72,122.01,74.58,-58.65,NO_FALL,,
2026-07-28 10:40:02.861,0.01,-0.47,-0.57,107.97,80.81,-65.43,NO_FALL,,
2026-07-28 10:40:02.862,0.01,-0.47,-0.57,107.97,80.81,-65.43,NO_FALL,,
2026-07-28 10:40:02.921,0.02,-0.51,-0.47,93.81,67.69,-58.04,NO_FALL,,
2026-07-28 10:40:02.922,0.02,-0.51,-0.47,93.81,67.69,-58.04,NO_FALL,,
2026-07-28 10:40:02.923,0.07,-0.54,-0.4,82.34,41.75,-49.44,NO_FALL,,
2026-07-28 10:40:02.981,0.12,-0.55,-0.37,71.23,26.43,-56.21,NO_FALL,,
2026-07-28 10:40:02.982,0.12,-0.55,-0.37,71.23,26.43,-56.21,NO_FALL,,
2026-07-28 10:40:03.041,0.19,-0.54,-0.34,52.49,29.97,-67.81,NO_FALL,,
2026-07-28 10:40:03.042,0.19,-0.54,-0.34,52.49,29.97,-67.81,NO_FALL,,
2026-07-28 10:40:03.043,0.24,-0.55,-0.35,20.32,51.94,-85.57,NO_FALL,,
2026-07-28 10:40:03.101,0.24,-0.55,-0.35,20.32,51.94,-85.57,NO_FALL,,
2026-07-28 10:40:03.102,0.27,-0.54,-0.41,-10.44,67.87,-105.22,NO_FALL,,
2026-07-28 10:40:03.103,0.34,-0.47,-0.42,-10.99,43.7,-97.84,NO_FALL,,
2026-07-28 10:40:03.161,0.34,-0.47,-0.42,-10.99,43.7,-97.84,NO_FALL,,
2026-07-28 10:40:03.162,0.36,-0.36,-0.32,12.08,0.92,-67.99,NO_FALL,,
2026-07-28 10:40:03.163,0.36,-0.36,-0.32,12.08,0.92,-67.99,NO_FALL,,
2026-07-28 10:40:03.221,0.23,-0.24,-0.16,21.55,-32.59,-34.0,NO_FALL,,
2026-07-28 10:40:03.222,0.23,-0.24,-0.16,21.55,-32.59,-34.0,NO_FALL,,
2026-07-28 10:40:03.281,0.06,-0.11,-0.04,-10.62,-66.59,5.55,NO_FALL,,
2026-07-28 10:40:03.282,-0.02,-0.0,0.02,-69.64,-95.64,39.37,NO_FALL,,
2026-07-28 10:40:03.283,-0.02,-0.0,0.02,-69.64,-95.64,39.37,NO_FALL,,
2026-07-28 10:40:03.341,-0.02,0.03,0.01,-111.63,-108.46,52.37,NO_FALL,,
2026-07-28 10:40:03.342,-0.02,0.03,0.01,-111.63,-108.46,52.37,NO_FALL,,
2026-07-28 10:40:03.401,0.01,0.01,-0.01,-125.55,-111.88,49.01,NO_FALL,,
2026-07-28 10:40:03.402,0.01,0.01,-0.01,-125.55,-111.88,49.01,NO_FALL,,
2026-07-28 10:40:03.403,0.02,-0.0,-0.02,-128.78,-114.93,41.02,NO_FALL,,
2026-07-28 10:40:03.462,0.02,-0.01,-0.03,-135.13,-120.42,33.75,NO_FALL,,
2026-07-28 10:40:03.462,0.02,-0.01,-0.03,-135.13,-120.42,33.75,NO_FALL,,
2026-07-28 10:40:03.463,-0.17,-0.2,-0.48,-136.41,-142.94,29.85,NO_FALL,,
2026-07-28 10:40:03.522,-0.17,-0.2,-0.48,-136.41,-142.94,29.85,NO_FALL,,
2026-07-28 10:40:03.522,-1.02,-0.87,-1.15,81.85,-448.43,80.51,NO_FALL,,
2026-07-28 10:40:03.581,-1.02,-0.87,-1.15,81.85,-448.43,80.51,NO_FALL,,
2026-07-28 10:40:03.582,-0.92,-1.04,-0.84,485.96,-1168.76,119.8,NO_FALL,,
2026-07-28 10:40:03.642,0.47,-0.27,-0.02,716.74,-1681.64,11.29,NO_FALL,,
2026-07-28 10:40:03.642,0.47,-0.27,-0.02,716.74,-1681.64,11.29,NO_FALL,,
2026-07-28 10:40:03.643,0.89,0.63,0.07,520.57,-1497.5,-208.37,NO_FALL,,
2026-07-28 10:40:03.701,0.7,0.63,-0.04,-139.83,-777.71,-284.55,NO_FALL,,
2026-07-28 10:40:03.702,0.7,0.63,-0.04,-139.83,-777.71,-284.55,NO_FALL,,
2026-07-28 10:40:03.703,0.8,-0.34,0.33,-800.11,-35.22,-122.19,NO_FALL,,
2026-07-28 10:40:03.762,0.8,-0.34,0.33,-800.11,-35.22,-122.19,NO_FALL,,
2026-07-28 10:40:03.762,0.92,-0.74,0.75,-760.5,260.31,27.53,NO_FALL,,
2026-07-28 10:40:03.821,0.92,-0.74,0.75,-217.83,200.07,27.22,NO_FALL,,
2026-07-28 10:40:03.822,0.87,-0.41,0.96,-217.83,200.07,27.22,NO_FALL,,
2026-07-28 10:40:03.823,0.7,-0.02,0.95,136.35,73.73,-31.49,NO_FALL,,
2026-07-28 10:40:03.881,0.7,-0.02,0.95,136.35,73.73,-31.49,NO_FALL,,
2026-07-28 10:40:03.882,0.6,0.18,0.78,191.83,-9.52,-40.1,NO_FALL,,
2026-07-28 10:40:03.883,0.6,0.18,0.78,191.83,-9.52,-40.1,NO_FALL,,
2026-07-28 10:40:03.941,0.66,0.07,0.62,76.54,-35.71,-6.04,NO_FALL,,
2026-07-28 10:40:03.942,0.66,0.07,0.62,-31.68,-13.24,12.08,NO_FALL,,
2026-07-28 10:40:04.001,0.69,-0.1,0.59,-31.68,-13.24,12.08,NO_FALL,,
2026-07-28 10:40:04.002,0.7,-0.08,0.72,-17.7,22.52,10.19,NO_FALL,,
2026-07-28 10:40:04.003,0.7,-0.08,0.72,-17.7,22.52,10.19,NO_FALL,,
2026-07-28 10:40:04.061,0.74,0.02,0.84,41.02,24.48,10.68,NO_FALL,,
2026-07-28 10:40:04.062,0.74,0.02,0.84,41.02,24.48,10.68,NO_FALL,,
2026-07-28 10:40:04.121,0.7,0.03,0.8,40.22,-10.07,11.72,NO_FALL,,
2026-07-28 10:40:04.122,0.7,0.03,0.8,40.22,-10.07,11.72,NO_FALL,,
2026-07-28 10:40:04.123,0.75,0.01,0.77,10.38,-38.94,6.35,NO_FALL,,
2026-07-28 10:40:04.181,0.97,-0.03,0.89,26.37,-57.13,23.32,NO_FALL,,
2026-07-28 10:40:04.182,0.97,-0.03,0.89,26.37,-57.13,23.32,NO_FALL,,
2026-07-28 10:40:04.183,1.22,-0.08,1.02,73.55,-80.99,56.15,NO_FALL,,
2026-07-28 10:40:04.241,1.22,-0.08,1.02,73.55,-80.99,56.15,NO_FALL,,
2026-07-28 10:40:04.242,1.36,-0.11,1.06,79.65,-91.0,80.14,NO_FALL,,
2026-07-28 10:40:04.242,1.36,-0.11,1.06,79.65,-91.0,80.14,NO_FALL,,
2026-07-28 10:40:04.302,1.41,-0.15,0.99,37.54,-90.39,110.11,NO_FALL,,
2026-07-28 10:40:04.302,1.27,-0.19,0.8,-10.44,-96.37,127.99,NO_FALL,,
2026-07-28 10:40:04.362,1.27,-0.19,0.8,-10.44,-96.37,127.99,NO_FALL,,
2026-07-28 10:40:04.362,0.98,-0.22,0.58,-40.83,-93.26,123.96,NO_FALL,,
2026-07-28 10:40:04.363,0.98,-0.22,0.58,-40.83,-93.26,123.96,NO_FALL,,
2026-07-28 10:40:04.422,0.75,-0.25,0.38,-46.14,-72.45,129.21,NO_FALL,,
2026-07-28 10:40:04.422,0.75,-0.25,0.38,-46.14,-72.45,129.21,NO_FALL,,
2026-07-28 10:40:04.481,0.68,-0.24,0.21,-28.32,-55.54,142.82,NO_FALL,,
2026-07-28 10:40:04.482,0.67,-0.19,0.12,-28.2,-10.13,119.75,NO_FALL,,
2026-07-28 10:40:04.482,0.67,-0.19,0.12,-28.2,-10.13,119.75,NO_FALL,,
2026-07-28 10:40:04.541,0.57,-0.17,0.1,-65.25,96.68,52.0,NO_FALL,,
2026-07-28 10:40:04.542,0.57,-0.17,0.1,-65.25,96.68,52.0,NO_FALL,,
2026-07-28 10:40:04.602,0.45,-0.19,0.15,-84.05,179.75,-6.1,NO_FALL,,
2026-07-28 10:40:04.602,0.45,-0.19,0.15,-45.29,181.34,-10.62,NO_FALL,,
2026-07-28 10:40:04.603,0.41,-0.26,0.25,-45.29,181.34,-10.62,NO_FALL,,
2026-07-28 10:40:04.662,0.43,-0.32,0.35,15.01,125.67,15.44,NO_FALL,,
2026-07-28 10:40:04.662,0.43,-0.32,0.35,15.01,125.67,15.44,NO_FALL,,
2026-07-28 10:40:04.663,0.46,-0.35,0.44,40.59,65.31,28.2,NO_FALL,,
2026-07-28 10:40:04.721,0.46,-0.35,0.44,40.59,65.31,28.2,NO_FALL,,
2026-07-28 10:40:04.722,0.47,-0.33,0.52,24.9,57.25,34.79,NO_FALL,,
2026-07-28 10:40:04.722,0.47,-0.33,0.52,24.9,57.25,34.79,NO_FALL,,
2026-07-28 10:40:04.781,0.35,-0.22,0.45,15.62,105.22,58.23,NO_FALL,,
2026-07-28 10:40:04.782,0.14,-0.07,0.2,40.65,177.43,79.28,NO_FALL,,
2026-07-28 10:40:04.841,0.14,-0.07,0.2,40.65,177.43,79.28,NO_FALL,,
2026-07-28 10:40:04.842,-0.01,0.03,-0.01,63.84,231.93,77.64,NO_FALL,,
2026-07-28 10:40:04.842,-0.01,0.03,-0.01,63.84,231.93,77.64,NO_FALL,,
2026-07-28 10:40:04.901,-0.03,0.03,-0.06,62.44,248.35,64.21,NO_FALL,,
2026-07-28 10:40:04.902,-0.01,0.01,-0.03,51.76,242.25,53.59,NO_FALL,,
2026-07-28 10:40:04.961,-0.01,0.01,-0.03,51.76,242.25,53.59,NO_FALL,,
2026-07-28 10:40:04.962,0.01,-0.01,0.01,43.21,233.46,48.34,NO_FALL,,
2026-07-28 10:40:04.963,0.01,-0.01,0.01,43.21,233.46,48.34,NO_FALL,,
2026-07-28 10:40:05.021,0.02,-0.01,0.02,38.39,228.21,45.41,NO_FALL,,
2026-07-28 10:40:05.022,0.02,-0.01,0.02,38.39,228.21,45.41,NO_FALL,,
2026-07-28 10:40:05.081,-0.38,-0.57,0.47,23.07,184.63,17.4,NO_FALL,,
2026-07-28 10:40:05.082,-0.25,-1.27,1.09,-32.41,-183.96,-161.19,NO_FALL,,
2026-07-28 10:40:05.082,-0.25,-1.27,1.09,-32.41,-183.96,-161.19,NO_FALL,,
2026-07-28 10:40:05.141,0.79,-1.0,0.88,-15.69,-702.09,-393.92,NO_FALL,,
2026-07-28 10:40:05.142,0.79,-1.0,0.88,-15.69,-702.09,-393.92,NO_FALL,,
2026-07-28 10:40:05.143,1.18,-0.3,0.21,43.46,-726.5,-414.61,NO_FALL,,
2026-07-28 10:40:05.202,1.18,-0.3,0.21,43.46,-726.5,-414.61,NO_FALL,,
2026-07-28 10:40:05.202,0.78,0.05,-0.05,22.03,-265.69,-227.17,NO_FALL,,
2026-07-28 10:40:05.261,0.27,-0.22,0.51,-4.58,280.03,26.12,NO_FALL,,
2026-07-28 10:40:05.262,0.27,-0.22,0.51,-4.58,280.03,26.12,NO_FALL,,
2026-07-28 10:40:05.263,-0.15,-0.47,1.17,91.31,573.79,210.63,NO_FALL,,
2026-07-28 10:40:05.322,-0.15,-0.47,1.17,91.31,573.79,210.63,NO_FALL,,
2026-07-28 10:40:05.322,-0.21,-0.07,1.18,323.06,409.36,207.76,NO_FALL,,
2026-07-28 10:40:05.323,-0.21,-0.07,1.18,323.06,409.36,207.76,NO_FALL,,
2026-07-28 10:40:05.382,-0.01,0.37,0.92,448.91,62.01,86.18,NO_FALL,,
2026-07-28 10:40:05.382,0.18,0.74,0.7,471.74,-91.86,19.35,NO_FALL,,
2026-07-28 10:40:05.441,0.18,0.74,0.7,471.74,-91.86,19.35,NO_FALL,,
2026-07-28 10:40:05.442,0.25,1.06,0.55,433.84,-61.65,13.18,NO_FALL,,
2026-07-28 10:40:05.442,0.25,1.06,0.55,433.84,-61.65,13.18,NO_FALL,,
2026-07-28 10:40:05.501,0.11,1.01,0.51,211.91,-5.43,0.31,NO_FALL,,
2026-07-28 10:40:05.502,0.11,1.01,0.51,211.91,-5.43,0.31,NO_FALL,,
2026-07-28 10:40:05.561,0.06,0.83,0.49,-52.67,-23.01,-45.23,NO_FALL,,
2026-07-28 10:40:05.562,0.11,0.74,0.53,-179.81,-62.68,-82.7,NO_FALL,,
2026-07-28 10:40:05.563,0.11,0.74,0.53,-179.81,-62.68,-82.7,NO_FALL,,
2026-07-28 10:40:05.681,0.06,0.74,0.72,-179.08,-57.8,-70.62,NO_FALL,,
2026-07-28 10:40:05.681,0.06,0.74,0.72,-179.08,-57.8,-70.62,NO_FALL,,
2026-07-28 10:40:05.682,0.06,0.63,0.97,-198.06,-43.33,-35.95,NO_FALL,,
2026-07-28 10:40:05.683,0.16,0.37,1.27,-252.5,-28.14,-5.43,NO_FALL,,
2026-07-28 10:40:05.684,0.16,0.37,1.27,-252.5,-28.14,-5.43,NO_FALL,,
2026-07-28 10:40:05.741,0.21,0.19,1.56,-230.47,24.23,10.68,NO_FALL,,
2026-07-28 10:40:05.742,0.21,0.19,1.56,-230.47,24.23,10.68,NO_FALL,,
2026-07-28 10:40:05.742,0.24,0.19,1.79,-155.82,40.89,17.82,NO_FALL,,
2026-07-28 10:40:05.801,0.24,0.19,1.79,-88.2,-43.4,17.09,NO_FALL,,
2026-07-28 10:40:05.802,0.3,0.31,1.8,-88.2,-43.4,17.09,NO_FALL,,
2026-07-28 10:40:05.862,0.3,0.43,1.51,-24.96,-153.69,4.58,NO_FALL,,
2026-07-28 10:40:05.862,0.3,0.43,1.51,-24.96,-153.69,4.58,NO_FALL,,
2026-07-28 10:40:05.862,0.3,0.33,1.12,19.59,-208.98,4.64,NO_FALL,,
2026-07-28 10:40:05.921,0.3,0.33,1.12,19.59,-208.98,4.64,NO_FALL,,
2026-07-28 10:40:05.922,0.4,0.09,0.89,21.24,-207.34,48.03,NO_FALL,,
2026-07-28 10:40:05.923,0.4,0.09,0.89,-18.07,-172.36,102.84,NO_FALL,,
2026-07-28 10:40:05.981,0.5,-0.02,0.72,-18.07,-172.36,102.84,NO_FALL,,
2026-07-28 10:40:05.982,0.55,-0.02,0.56,-82.82,-102.91,116.58,NO_FALL,,
2026-07-28 10:40:06.041,0.55,-0.02,0.56,-82.82,-102.91,116.58,NO_FALL,,
2026-07-28 10:40:06.042,0.62,-0.0,0.46,-133.67,-37.23,107.12,NO_FALL,,
2026-07-28 10:40:06.042,0.62,-0.0,0.46,-133.67,-37.23,107.12,NO_FALL,,
2026-07-28 10:40:06.102,0.59,-0.02,0.36,-123.66,-33.45,98.02,NO_FALL,,
2026-07-28 10:40:06.102,0.45,-0.14,0.21,-54.69,-72.81,89.72,NO_FALL,,
2026-07-28 10:40:06.161,0.45,-0.14,0.21,-54.69,-72.81,89.72,NO_FALL,,
2026-07-28 10:40:06.162,0.3,-0.26,0.13,24.11,-80.32,79.59,NO_FALL,,
2026-07-28 10:40:06.162,0.3,-0.26,0.13,24.11,-80.32,79.59,NO_FALL,,
2026-07-28 10:40:06.221,0.21,-0.2,0.12,55.91,-42.91,60.24,NO_FALL,,
2026-07-28 10:40:06.222,0.21,-0.2,0.12,55.91,-42.91,60.24,NO_FALL,,
2026-07-28 10:40:06.222,0.11,-0.04,0.07,19.17,-13.92,58.96,NO_FALL,,
2026-07-28 10:40:06.281,0.02,0.03,0.01,-51.88,-14.77,93.81,NO_FALL,,
2026-07-28 10:40:06.282,0.02,0.03,0.01,-51.88,-14.77,93.81,NO_FALL,,
2026-07-28 10:40:06.341,-0.01,0.03,-0.01,-101.26,-28.32,127.99,NO_FALL,,
2026-07-28 10:40:06.342,-0.01,0.03,-0.01,-101.26,-28.32,127.99,NO_FALL,,
2026-07-28 10:40:06.343,-0.0,0.0,-0.01,-112.12,-39.37,138.37,NO_FALL,,
2026-07-28 10:40:06.401,-0.0,0.0,-0.01,-112.12,-39.37,138.37,NO_FALL,,
2026-07-28 10:40:06.402,0.01,-0.01,0.01,-106.38,-45.29,134.77,NO_FALL,,
2026-07-28 10:40:06.461,0.02,-0.02,0.01,-102.54,-48.52,130.25,NO_FALL,,
2026-07-28 10:40:06.462,0.02,-0.02,0.01,-102.54,-48.52,130.25,NO_FALL,,
2026-07-28 10:40:06.462,0.02,-0.02,0.01,-106.51,-51.88,129.76,NO_FALL,,
2026-07-28 10:40:06.521,0.02,-0.02,0.01,-106.51,-51.88,129.76,NO_FALL,,
2026-07-28 10:40:06.522,0.02,-0.06,0.0,-118.1,-57.01,132.51,NO_FALL,,
2026-07-28 10:40:06.522,0.02,-0.06,0.0,-118.1,-57.01,132.51,NO_FALL,,
2026-07-28 10:40:06.581,0.43,-0.85,0.16,-132.14,-62.81,81.05,NO_FALL,,
2026-07-28 10:40:06.582,0.76,-1.35,0.21,-156.74,-28.02,-175.66,NO_FALL,,
2026-07-28 10:40:06.641,0.76,-1.35,0.21,-156.74,-28.02,-175.66,NO_FALL,,
2026-07-28 10:40:06.642,0.68,-0.68,0.01,-181.03,80.14,-500.98,NO_FALL,,
2026-07-28 10:40:06.643,0.68,-0.68,0.01,-181.03,80.14,-500.98,NO_FALL,,
2026-07-28 10:40:06.701,0.83,-0.09,-0.05,-147.46,211.55,-553.53,NO_FALL,,
2026-07-28 10:40:06.702,0.83,-0.09,-0.05,-54.2,291.75,-341.86,NO_FALL,,
2026-07-28 10:40:06.703,1.0,0.06,0.14,-54.2,291.75,-341.86,NO_FALL,,
2026-07-28 10:40:06.761,0.95,0.0,0.39,31.74,279.97,-103.88,NO_FALL,,
2026-07-28 10:40:06.762,0.95,0.0,0.39,31.74,279.97,-103.88,NO_FALL,,
2026-07-28 10:40:06.822,0.87,-0.06,0.52,57.01,223.75,15.32,NO_FALL,,
2026-07-28 10:40:06.822,0.87,-0.06,0.52,57.01,223.75,15.32,NO_FALL,,
2026-07-28 10:40:06.823,0.72,-0.15,0.59,30.76,217.59,32.35,NO_FALL,,
2026-07-28 10:40:06.881,0.52,-0.18,0.8,50.78,251.83,13.98,NO_FALL,,
2026-07-28 10:40:06.882,0.52,-0.18,0.8,50.78,251.83,13.98,NO_FALL,,
2026-07-28 10:40:06.941,0.43,0.02,0.97,156.01,211.98,0.85,NO_FALL,,
2026-07-28 10:40:06.942,0.43,0.02,0.97,156.01,211.98,0.85,NO_FALL,,
2026-07-28 10:40:06.942,0.45,0.27,0.93,210.94,88.44,0.12,NO_FALL,,
2026-07-28 10:40:07.002,0.45,0.27,0.93,210.94,88.44,0.12,NO_FALL,,
2026-07-28 10:40:07.002,0.49,0.41,0.84,152.65,-19.04,1.71,NO_FALL,,
2026-07-28 10:40:07.003,0.58,0.28,0.76,17.03,-63.17,10.56,NO_FALL,,
2026-07-28 10:40:07.062,0.58,0.28,0.76,17.03,-63.17,10.56,NO_FALL,,
2026-07-28 10:40:07.062,0.68,0.07,0.78,-61.46,-45.23,23.44,NO_FALL,,
2026-07-28 10:40:07.121,0.68,0.07,0.78,-61.46,-45.23,23.44,NO_FALL,,
2026-07-28 10:40:07.122,0.78,0.2,0.97,39.92,-11.72,38.15,NO_FALL,,
2026-07-28 10:40:07.122,0.78,0.2,0.97,39.92,-11.72,38.15,NO_FALL,,
2026-07-28 10:40:07.181,0.96,0.36,1.22,135.25,-15.32,65.67,NO_FALL,,
2026-07-28 10:40:07.182,1.1,0.37,1.34,85.69,-51.21,82.58,NO_FALL,,
2026-07-28 10:40:07.182,1.1,0.37,1.34,85.69,-51.21,82.58,NO_FALL,,
2026-07-28 10:40:07.242,1.11,0.33,1.21,-19.84,-84.41,74.52,NO_FALL,,
2026-07-28 10:40:07.242,1.11,0.33,1.21,-19.84,-84.41,74.52,NO_FALL,,
2026-07-28 10:40:07.301,1.13,0.28,1.02,-84.78,-101.38,77.15,NO_FALL,,
2026-07-28 10:40:07.302,1.13,0.28,1.02,-84.78,-101.38,77.15,NO_FALL,,
2026-07-28 10:40:07.303,1.11,0.19,0.84,-83.74,-116.58,93.08,NO_FALL,,
2026-07-28 10:40:07.361,1.11,0.19,0.84,-83.74,-116.58,93.08,NO_FALL,,
2026-07-28 10:40:07.362,1.11,0.19,0.84,-83.74,-116.58,93.08,NO_FALL,,
2026-07-28 10:40:07.363,1.11,0.19,0.84,-83.74,-116.58,93.08,NO_FALL,,
2026-07-28 10:40:07.421,0.89,-0.06,0.37,-24.41,-123.9,105.53,NO_FALL,,
2026-07-28 10:40:07.422,0.86,-0.15,0.21,-22.22,-103.15,99.91,NO_FALL,,
2026-07-28 10:40:07.423,0.86,-0.15,0.21,-22.22,-103.15,99.91,NO_FALL,,
2026-07-28 10:40:07.482,0.82,-0.11,0.15,-24.29,-79.9,98.39,NO_FALL,,
2026-07-28 10:40:07.482,0.82,-0.11,0.15,-24.29,-79.9,98.39,NO_FALL,,
2026-07-28 10:40:07.542,0.71,-0.1,0.14,-31.56,-64.03,105.53,NO_FALL,,
2026-07-28 10:40:07.542,0.71,-0.1,0.14,-31.56,-64.03,105.53,NO_FALL,,
2026-07-28 10:40:07.543,0.6,-0.15,0.11,-43.76,-54.57,92.22,NO_FALL,,
2026-07-28 10:40:07.602,0.58,-0.22,0.09,-45.23,-48.03,72.27,NO_FALL,,
2026-07-28 10:40:07.602,0.58,-0.22,0.09,-45.23,-48.03,72.27,NO_FALL,,
2026-07-28 10:40:07.661,0.52,-0.31,0.05,-31.25,-51.09,63.9,NO_FALL,,
2026-07-28 10:40:07.662,0.52,-0.31,0.05,-31.25,-51.09,63.9,NO_FALL,,
2026-07-28 10:40:07.663,0.43,-0.38,0.02,-13.55,-53.96,51.27,NO_FALL,,
2026-07-28 10:40:07.721,0.4,-0.35,0.02,-2.75,-42.42,36.56,NO_FALL,,
2026-07-28 10:40:07.722,0.4,-0.35,0.02,-2.75,-42.42,36.56,NO_FALL,,
2026-07-28 10:40:07.723,0.33,-0.18,0.01,5.0,-22.34,28.93,NO_FALL,,
2026-07-28 10:40:07.781,0.33,-0.18,0.01,5.0,-22.34,28.93,NO_FALL,,
2026-07-28 10:40:07.782,0.16,-0.0,0.0,12.7,-0.06,44.92,NO_FALL,,
2026-07-28 10:40:07.841,0.16,-0.0,0.0,12.7,-0.06,44.92,NO_FALL,,
2026-07-28 10:40:07.842,0.06,-0.03,0.01,27.89,17.94,75.38,NO_FALL,,
2026-07-28 10:40:07.842,0.06,-0.03,0.01,27.89,17.94,75.38,NO_FALL,,
2026-07-28 10:40:07.901,0.06,-0.03,0.01,27.89,17.94,75.38,NO_FALL,,
2026-07-28 10:40:07.902,0.06,-0.03,0.01,27.89,17.94,75.38,NO_FALL,,
2026-07-28 10:40:07.903,0.0,-0.06,-0.01,383.18,1.53,-226.5,NO_FALL,,
2026-07-28 10:40:07.962,-0.02,-0.0,-0.03,551.82,-72.69,-392.94,NO_FALL,,
2026-07-28 10:40:07.962,-0.02,-0.0,-0.03,551.82,-72.69,-392.94,NO_FALL,,
2026-07-28 10:40:07.963,-0.02,0.03,-0.04,577.51,-177.49,-411.93,NO_FALL,,
2026-07-28 10:40:08.022,-0.02,0.03,-0.04,577.51,-177.49,-411.93,NO_FALL,,
2026-07-28 10:40:08.022,-0.01,0.03,-0.05,533.69,-279.66,-345.52,NO_FALL,,
2026-07-28 10:40:08.081,-0.01,0.03,-0.05,533.69,-279.66,-345.52,NO_FALL,,
2026-07-28 10:40:08.082,-0.01,0.03,-0.05,533.69,-279.66,-345.52,NO_FALL,,
2026-07-28 10:40:08.083,-0.01,0.03,-0.05,533.69,-279.66,-345.52,NO_FALL,,
2026-07-28 10:40:08.141,-0.53,-0.36,-0.63,569.64,-528.38,-209.1,NO_FALL,,
2026-07-28 10:40:08.142,-0.95,-0.94,-0.56,725.77,-731.32,-189.0,NO_FALL,,
2026-07-28 10:40:08.143,-0.95,-0.94,-0.56,725.77,-731.32,-189.0,NO_FALL,,
2026-07-28 10:40:08.202,-0.71,-0.85,0.1,677.98,-614.44,-91.92,NO_FALL,,
2026-07-28 10:40:08.202,-0.71,-0.85,0.1,677.98,-614.44,-91.92,NO_FALL,,
2026-07-28 10:40:08.261,-0.6,-0.47,0.35,404.91,-219.3,51.45,NO_FALL,,
2026-07-28 10:40:08.262,-0.6,-0.47,0.35,115.11,85.08,94.97,NO_FALL,,
2026-07-28 10:40:08.263,-0.75,-0.41,0.14,115.11,85.08,94.97,NO_FALL,,
2026-07-28 10:40:08.321,-0.8,-0.55,-0.11,-46.69,168.46,31.31,NO_FALL,,
2026-07-28 10:40:08.322,-0.8,-0.55,-0.11,-46.69,168.46,31.31,NO_FALL,,
2026-07-28 10:40:08.381,-0.75,-0.6,-0.0,-52.92,68.18,-58.35,NO_FALL,,
2026-07-28 10:40:08.382,-0.75,-0.6,-0.0,-52.92,68.18,-58.35,NO_FALL,,
2026-07-28 10:40:08.383,-0.65,-0.71,0.16,-33.39,-46.69,-126.71,NO_FALL,,
2026-07-28 10:40:08.441,-0.53,-0.88,0.09,-78.86,-66.59,-142.4,NO_FALL,,
2026-07-28 10:40:08.442,-0.53,-0.88,0.09,-78.86,-66.59,-142.4,NO_FALL,,
2026-07-28 10:40:08.443,-0.52,-0.88,-0.01,-94.67,-31.86,-72.63,NO_FALL,,
2026-07-28 10:40:08.502,-0.52,-0.88,-0.01,-94.67,-31.86,-72.63,NO_FALL,,
2026-07-28 10:40:08.502,-0.58,-0.76,-0.01,-52.12,4.82,7.81,NO_FALL,,
2026-07-28 10:40:08.503,-0.58,-0.76,-0.01,-52.12,4.82,7.81,NO_FALL,,
2026-07-28 10:40:08.561,-0.61,-0.73,-0.13,-103.39,64.76,18.49,NO_FALL,,
2026-07-28 10:40:08.562,-0.57,-0.79,-0.36,-209.35,126.77,-14.53,NO_FALL,,
2026-07-28 10:40:08.621,-0.57,-0.79,-0.36,-209.35,126.77,-14.53,NO_FALL,,
2026-07-28 10:40:08.622,-0.49,-0.75,-0.46,-204.59,121.03,-29.6,NO_FALL,,
2026-07-28 10:40:08.623,-0.49,-0.75,-0.46,-204.59,121.03,-29.6,NO_FALL,,
2026-07-28 10:40:08.682,-0.48,-0.68,-0.48,-85.39,57.62,-12.82,NO_FALL,,
2026-07-28 10:40:08.682,-0.48,-0.68,-0.48,-85.39,57.62,-12.82,NO_FALL,,
2026-07-28 10:40:08.742,-0.54,-0.75,-0.46,49.68,-10.25,-3.36,NO_FALL,,
2026-07-28 10:40:08.742,-0.53,-0.99,-0.43,92.59,-46.2,-69.09,NO_FALL,,
2026-07-28 10:40:08.743,-0.53,-0.99,-0.43,92.59,-46.2,-69.09,NO_FALL,,
2026-07-28 10:40:08.801,-0.39,-1.1,-0.55,-9.16,-59.57,-201.72,NO_FALL,,
2026-07-28 10:40:08.802,-0.39,-1.1,-0.55,-9.16,-59.57,-201.72,NO_FALL,,
2026-07-28 10:40:08.861,-0.23,-0.98,-0.93,-176.21,-74.58,-260.3,NO_FALL,,
2026-07-28 10:40:08.862,-0.23,-0.98,-0.93,-176.21,-74.58,-260.3,NO_FALL,,
2026-07-28 10:40:08.863,-0.18,-0.87,-1.33,-280.03,-46.51,-199.1,NO_FALL,,
2026-07-28 10:40:08.922,-0.11,-0.85,-1.55,-285.83,45.53,-128.91,NO_FALL,,
2026-07-28 10:40:08.922,-0.11,-0.85,-1.55,-285.83,45.53,-128.91,NO_FALL,,
2026-07-28 10:40:08.923,0.04,-0.83,-1.58,-234.8,148.13,-94.91,NO_FALL,,
2026-07-28 10:40:08.981,0.04,-0.83,-1.58,-234.8,148.13,-94.91,NO_FALL,,
2026-07-28 10:40:08.982,0.2,-0.76,-1.34,-177.0,229.31,-58.11,NO_FALL,,
2026-07-28 10:40:09.041,0.34,-0.59,-0.96,-124.76,268.19,-40.95,NO_FALL,,
2026-07-28 10:40:09.042,0.34,-0.59,-0.96,-124.76,268.19,-40.95,NO_FALL,,
2026-07-28 10:40:09.043,0.51,-0.38,-0.64,-88.87,259.89,-79.59,NO_FALL,,
2026-07-28 10:40:09.101,0.51,-0.38,-0.64,-88.87,259.89,-79.59,NO_FALL,,
2026-07-28 10:40:09.102,0.65,-0.21,-0.41,-112.92,230.96,-153.08,NO_FALL,,
2026-07-28 10:40:09.103,0.65,-0.21,-0.41,-112.92,230.96,-153.08,NO_FALL,,
2026-07-28 10:40:09.162,0.7,-0.07,-0.27,-172.67,213.5,-232.36,NO_FALL,,
2026-07-28 10:40:09.162,0.61,0.02,-0.12,-179.57,206.12,-255.43,NO_FALL,,
2026-07-28 10:40:09.221,0.61,0.02,-0.12,-179.57,206.12,-255.43,NO_FALL,,
2026-07-28 10:40:09.222,0.48,0.1,-0.01,-126.65,174.56,-196.04,NO_FALL,,
2026-07-28 10:40:09.223,0.48,0.1,-0.01,-126.65,174.56,-196.04,NO_FALL,,
2026-07-28 10:40:09.281,0.39,0.17,0.02,-62.32,122.5,-106.75,NO_FALL,,
2026-07-28 10:40:09.282,0.34,0.2,-0.01,-6.47,85.08,-26.67,NO_FALL,,
2026-07-28 10:40:09.341,0.34,0.2,-0.01,-6.47,85.08,-26.67,NO_FALL,,
2026-07-28 10:40:09.342,0.28,0.16,-0.04,33.75,63.78,38.88,NO_FALL,,
2026-07-28 10:40:09.342,0.28,0.16,-0.04,33.75,63.78,38.88,NO_FALL,,
2026-07-28 10:40:09.402,0.15,0.05,-0.04,42.3,34.3,74.34,NO_FALL,,
2026-07-28 10:40:09.402,0.15,0.05,-0.04,42.3,34.3,74.34,NO_FALL,,
2026-07-28 10:40:09.461,0.03,-0.0,-0.01,25.88,-1.22,76.54,NO_FALL,,
2026-07-28 10:40:09.462,0.01,-0.0,0.0,63.17,-27.04,97.29,NO_FALL,,
2026-07-28 10:40:09.462,0.01,-0.0,0.0,63.17,-27.04,97.29,NO_FALL,,
2026-07-28 10:40:09.521,0.03,0.0,-0.01,207.95,-39.18,180.48,NO_FALL,,
2026-07-28 10:40:09.522,0.03,0.0,-0.01,207.95,-39.18,180.48,NO_FALL,,
2026-07-28 10:40:09.523,0.04,0.0,-0.02,358.03,-23.93,269.35,NO_FALL,,
2026-07-28 10:40:09.581,0.04,0.0,-0.02,358.03,-23.93,269.35,NO_FALL,,
2026-07-28 10:40:09.582,0.04,-0.0,-0.02,413.45,20.57,300.6,NO_FALL,,
2026-07-28 10:40:09.641,0.37,-0.34,-0.07,408.02,77.88,292.72,NO_FALL,,
2026-07-28 10:40:09.642,0.37,-0.34,-0.07,408.02,77.88,292.72,NO_FALL,,
2026-07-28 10:40:09.643,0.88,-1.03,-0.28,598.21,310.61,439.33,NO_FALL,,
2026-07-28 10:40:09.701,0.82,-1.35,-0.65,1217.53,980.22,556.64,NO_FALL,,
2026-07-28 10:40:09.702,0.82,-1.35,-0.65,1217.53,980.22,556.64,NO_FALL,,
2026-07-28 10:40:09.761,0.28,-1.14,-0.46,1612.3,1442.63,168.09,NO_FALL,,
2026-07-28 10:40:09.762,0.28,-1.14,-0.46,1612.3,1442.63,168.09,NO_FALL,,
2026-07-28 10:40:09.762,-0.1,-0.9,-0.08,1042.05,1063.05,-205.0,NO_FALL,,
2026-07-28 10:40:09.821,-0.1,-0.9,-0.08,36.62,385.93,-148.62,NO_FALL,,
2026-07-28 10:40:09.822,-0.11,-0.83,-0.31,36.62,385.93,-148.62,NO_FALL,,
2026-07-28 10:40:09.881,0.0,-0.77,-0.56,-438.17,-40.95,-9.89,NO_FALL,,
2026-07-28 10:40:09.882,0.0,-0.77,-0.56,-438.17,-40.95,-9.89,NO_FALL,,
2026-07-28 10:40:09.883,0.03,-0.75,-0.51,-277.95,-152.77,28.2,NO_FALL,,
2026-07-28 10:40:09.941,0.03,-0.75,-0.51,-277.95,-152.77,28.2,NO_FALL,,
2026-07-28 10:40:09.942,0.11,-0.83,-0.44,-15.69,-90.45,-48.52,NO_FALL,,
2026-07-28 10:40:10.001,0.28,-0.91,-0.45,78.74,-13.12,-125.92,NO_FALL,,
2026-07-28 10:40:10.002,0.28,-0.91,-0.45,78.74,-13.12,-125.92,NO_FALL,,
2026-07-28 10:40:10.003,0.32,-0.9,-0.41,105.65,13.37,-133.18,NO_FALL,,
2026-07-28 10:40:10.062,0.32,-0.9,-0.41,105.65,13.37,-133.18,NO_FALL,,
2026-07-28 10:40:10.062,0.35,-0.89,-0.23,157.35,-2.38,-116.15,NO_FALL,,
2026-07-28 10:40:10.063,0.35,-0.89,-0.23,157.35,-2.38,-116.15,NO_FALL,,
2026-07-28 10:40:10.122,0.43,-0.94,-0.08,136.29,-18.68,-105.83,NO_FALL,,
2026-07-28 10:40:10.122,0.46,-0.92,-0.13,3.85,-15.44,-73.67,NO_FALL,,
2026-07-28 10:40:10.181,0.46,-0.92,-0.13,3.85,-15.44,-73.67,NO_FALL,,
2026-07-28 10:40:10.182,0.49,-0.8,-0.21,-84.41,26.79,-47.42,NO_FALL,,
2026-07-28 10:40:10.183,0.49,-0.8,-0.21,-84.41,26.79,-47.42,NO_FALL,,
2026-07-28 10:40:10.241,0.55,-0.78,-0.11,-38.09,100.4,-35.89,NO_FALL,,
2026-07-28 10:40:10.242,0.55,-0.78,-0.11,-38.09,100.4,-35.89,NO_FALL,,
2026-07-28 10:40:10.243,0.61,-0.81,-0.03,41.44,113.34,-24.23,NO_FALL,,
2026-07-28 10:40:10.302,0.61,-0.8,-0.06,59.27,62.01,-12.88,NO_FALL,,
2026-07-28 10:40:10.302,0.61,-0.8,-0.06,59.27,62.01,-12.88,NO_FALL,,
2026-07-28 10:40:10.361,0.58,-0.81,-0.07,22.09,15.87,0.0,NO_FALL,,
2026-07-28 10:40:10.362,0.58,-0.81,-0.07,22.09,15.87,0.0,NO_FALL,,
2026-07-28 10:40:10.363,0.58,-0.83,-0.1,-35.52,-10.01,7.51,NO_FALL,,
2026-07-28 10:40:10.421,0.58,-0.83,-0.1,-35.52,-10.01,7.51,NO_FALL,,
2026-07-28 10:40:10.422,0.61,-0.85,-0.12,-72.39,-14.95,4.82,NO_FALL,,
2026-07-28 10:40:10.482,0.63,-0.82,-0.13,-60.61,-7.93,-2.01,NO_FALL,,
2026-07-28 10:40:10.482,0.63,-0.82,-0.13,-60.61,-7.93,-2.01,NO_FALL,,
2026-07-28 10:40:10.483,0.59,-0.77,-0.13,-20.08,1.65,-5.62,NO_FALL,,
2026-07-28 10:40:10.541,0.59,-0.77,-0.13,-20.08,1.65,-5.62,NO_FALL,,
2026-07-28 10:40:10.542,0.54,-0.75,-0.15,1.89,7.08,-12.33,NO_FALL,,
2026-07-28 10:40:10.542,0.54,-0.75,-0.15,1.89,7.08,-12.33,NO_FALL,,
2026-07-28 10:40:10.602,0.54,-0.78,-0.19,-3.17,4.76,-19.1,NO_FALL,,
2026-07-28 10:40:10.602,0.54,-0.78,-0.19,-3.17,4.76,-19.1,NO_FALL,,
2026-07-28 10:40:10.603,0.57,-0.8,-0.21,-15.69,-1.1,-21.12,NO_FALL,,
2026-07-28 10:40:10.662,0.61,-0.79,-0.21,-23.86,-5.8,-19.84,NO_FALL,,
2026-07-28 10:40:10.662,0.61,-0.79,-0.21,-23.86,-5.8,-19.84,NO_FALL,,
2026-07-28 10:40:10.721,0.63,-0.78,-0.21,-24.41,-7.93,-15.38,NO_FALL,,
2026-07-28 10:40:10.722,0.63,-0.78,-0.21,-24.41,-7.93,-15.38,NO_FALL,,
2026-07-28 10:40:10.723,0.64,-0.76,-0.22,-17.82,-6.65,-8.67,NO_FALL,,
2026-07-28 10:40:10.781,0.64,-0.76,-0.22,-17.82,-6.65,-8.67,NO_FALL,,
2026-07-28 10:40:10.782,0.63,-0.75,-0.23,-9.7,-2.26,-2.87,NO_FALL,,
2026-07-28 10:40:10.783,0.63,-0.75,-0.23,-4.39,1.46,-0.67,NO_FALL,,
2026-07-28 10:40:10.841,0.62,-0.75,-0.24,-4.39,1.46,-0.67,NO_FALL,,
2026-07-28 10:40:10.842,0.62,-0.74,-0.24,-1.34,2.62,-0.31,NO_FALL,,
2026-07-28 10:40:10.843,0.62,-0.74,-0.24,-1.34,2.62,-0.31,NO_FALL,,
2026-07-28 10:40:10.902,0.63,-0.73,-0.23,0.92,4.09,-0.37,NO_FALL,,
2026-07-28 10:40:10.902,0.63,-0.73,-0.23,0.92,4.09,-0.37,NO_FALL,,
2026-07-28 10:40:10.961,0.63,-0.74,-0.22,-0.61,6.16,-0.79,NO_FALL,,
2026-07-28 10:40:10.962,0.63,-0.74,-0.22,-0.61,6.16,-0.79,NO_FALL,,
2026-07-28 10:40:10.962,0.64,-0.79,-0.22,-6.04,7.2,1.28,NO_FALL,,
2026-07-28 10:40:11.021,0.64,-0.79,-0.22,-6.04,7.2,1.28,NO_FALL,,
2026-07-28 10:40:11.022,0.72,-0.89,-0.24,-23.74,18.25,1.28,NO_FALL,,
2026-07-28 10:40:11.082,0.93,-0.95,-0.24,-68.24,91.0,-23.74,NO_FALL,,
2026-07-28 10:40:11.082,0.93,-0.95,-0.24,-68.24,91.0,-23.74,NO_FALL,,
2026-07-28 10:40:11.083,1.11,-0.96,-0.23,-94.67,237.3,-83.13,NO_FALL,,
2026-07-28 10:40:11.141,1.11,-0.96,-0.23,-94.67,237.3,-83.13,NO_FALL,,
2026-07-28 10:40:11.142,1.32,-0.97,-0.27,-69.58,279.72,-113.65,NO_FALL,,
2026-07-28 10:40:11.143,1.32,-0.97,-0.27,-69.58,279.72,-113.65,NO_FALL,,
2026-07-28 10:40:11.201,1.57,-0.98,-0.22,-40.77,82.4,-89.05,NO_FALL,,
2026-07-28 10:40:11.202,1.44,-0.88,-0.13,-29.72,-109.07,-71.53,NO_FALL,,
2026-07-28 10:40:11.203,1.44,-0.88,-0.13,-29.72,-109.07,-71.53,NO_FALL,,
2026-07-28 10:40:11.261,1.06,-0.66,-0.09,-28.14,-97.9,-77.03,NO_FALL,,
2026-07-28 10:40:11.262,1.06,-0.66,-0.09,-28.14,-97.9,-77.03,NO_FALL,,
2026-07-28 10:40:11.321,0.8,-0.44,-0.04,-28.81,-27.28,-94.06,NO_FALL,,
2026-07-28 10:40:11.322,0.8,-0.44,-0.04,-16.54,-7.2,-120.61,NO_FALL,,
2026-07-28 10:40:11.322,0.68,-0.27,-0.02,-16.54,-7.2,-120.61,NO_FALL,,
2026-07-28 10:40:11.381,0.62,-0.12,-0.09,1.95,-18.62,-143.43,NO_FALL,,
2026-07-28 10:40:11.382,0.62,-0.12,-0.09,1.95,-18.62,-143.43,NO_FALL,,
2026-07-28 10:40:11.441,0.59,0.0,-0.18,19.71,-54.5,-132.63,NO_FALL,,
2026-07-28 10:40:11.442,0.59,0.0,-0.18,19.71,-54.5,-132.63,NO_FALL,,
2026-07-28 10:40:11.443,0.63,0.06,-0.23,22.34,-104.43,-87.28,NO_FALL,,
2026-07-28 10:40:11.501,0.63,0.06,-0.23,3.91,-120.3,-51.27,NO_FALL,,
2026-07-28 10:40:11.502,0.7,0.05,-0.25,3.91,-120.3,-51.27,NO_FALL,,
2026-07-28 10:40:11.561,0.72,0.04,-0.29,-13.49,-85.39,-42.36,NO_FALL,,
2026-07-28 10:40:11.562,0.72,0.04,-0.29,-13.49,-85.39,-42.36,NO_FALL,,
2026-07-28 10:40:11.562,0.65,0.03,-0.33,-19.04,-43.21,-44.25,NO_FALL,,
2026-07-28 10:40:11.622,0.65,0.03,-0.33,-19.04,-43.21,-44.25,NO_FALL,,
2026-07-28 10:40:11.622,0.52,0.04,-0.37,-12.08,-23.68,-37.9,NO_FALL,,
2026-07-28 10:40:11.623,0.41,0.04,-0.38,-2.26,-10.07,-18.8,NO_FALL,,
2026-07-28 10:40:11.681,0.41,0.04,-0.38,-2.26,-10.07,-18.8,NO_FALL,,
2026-07-28 10:40:11.682,0.37,0.06,-0.22,10.99,-1.59,0.18,NO_FALL,,
2026-07-28 10:40:11.741,0.37,0.06,-0.22,10.99,-1.59,0.18,NO_FALL,,
2026-07-28 10:40:11.742,0.33,0.08,-0.02,36.07,39.61,3.48,NO_FALL,,
2026-07-28 10:40:11.743,0.33,0.08,-0.02,36.07,39.61,3.48,NO_FALL,,
2026-07-28 10:40:11.801,0.17,0.04,0.06,60.42,160.52,-3.42,NO_FALL,,
2026-07-28 10:40:11.802,0.02,0.0,0.03,73.24,286.32,-8.24,NO_FALL,,
2026-07-28 10:40:11.803,0.02,0.0,0.03,73.24,286.32,-8.24,NO_FALL,,
2026-07-28 10:40:11.862,-0.02,-0.01,-0.0,78.86,334.23,-11.6,NO_FALL,,
2026-07-28 10:40:11.862,-0.02,-0.01,-0.0,78.86,334.23,-11.6,NO_FALL,,
2026-07-28 10:40:11.921,-0.0,-0.01,-0.01,82.7,325.26,-17.88,NO_FALL,,
2026-07-28 10:40:11.922,-0.0,-0.01,-0.01,82.7,325.26,-17.88,NO_FALL,,
2026-07-28 10:40:11.923,0.02,-0.0,-0.01,87.83,306.27,-27.16,NO_FALL,,
2026-07-28 10:40:11.981,0.53,-0.1,0.43,125.79,326.48,-62.07,NO_FALL,,
2026-07-28 10:40:11.982,0.53,-0.1,0.43,125.79,326.48,-62.07,NO_FALL,,
2026-07-28 10:40:12.041,0.55,-0.39,0.59,496.7,638.49,-436.65,NO_FALL,,
2026-07-28 10:40:12.042,0.55,-0.39,0.59,496.7,638.49,-436.65,NO_FALL,,
2026-07-28 10:40:12.042,0.33,-0.93,0.3,1145.69,971.13,-1132.93,NO_FALL,,
2026-07-28 10:40:12.101,0.23,-1.17,0.24,1217.53,715.94,-1162.54,NO_FALL,,
2026-07-28 10:40:12.102,0.23,-1.17,0.24,1217.53,715.94,-1162.54,NO_FALL,,
2026-07-28 10:40:12.161,-0.36,-0.94,0.23,586.18,214.36,-419.37,NO_FALL,,
2026-07-28 10:40:12.162,-0.36,-0.94,0.23,586.18,214.36,-419.37,NO_FALL,,
2026-07-28 10:40:12.163,-0.59,-0.8,0.27,12.02,-49.26,114.75,NO_FALL,,
2026-07-28 10:40:12.221,-0.59,-0.8,0.27,-165.22,-103.09,144.78,NO_FALL,,
2026-07-28 10:40:12.222,-0.51,-0.78,0.23,-165.22,-103.09,144.78,NO_FALL,,
2026-07-28 10:40:12.223,-0.18,-0.94,0.23,-98.33,-78.06,-57.13,NO_FALL,,
2026-07-28 10:40:12.281,-0.18,-0.94,0.23,-98.33,-78.06,-57.13,NO_FALL,,
2026-07-28 10:40:12.282,0.13,-1.04,0.28,10.07,-48.03,-193.48,NO_FALL,,
2026-07-28 10:40:12.341,0.13,-1.04,0.28,10.07,-48.03,-193.48,NO_FALL,,
2026-07-28 10:40:12.342,0.1,-0.93,0.39,104.68,-21.61,-161.5,NO_FALL,,
2026-07-28 10:40:12.343,0.1,-0.93,0.39,104.68,-21.61,-161.5,NO_FALL,,
2026-07-28 10:40:12.402,0.1,-0.93,0.39,104.68,-21.61,-161.5,NO_FALL,,
2026-07-28 10:40:12.402,0.1,-0.93,0.39,104.68,-21.61,-161.5,NO_FALL,,
2026-07-28 10:40:12.403,0.39,-0.85,0.51,53.1,-64.76,-91.55,NO_FALL,,
2026-07-28 10:40:12.461,0.39,-0.85,0.49,-12.08,34.79,-97.11,NO_FALL,,
2026-07-28 10:40:12.462,0.39,-0.85,0.49,-12.08,34.79,-97.11,NO_FALL,,
2026-07-28 10:40:12.462,0.11,-0.94,0.42,-25.33,180.3,-59.63,NO_FALL,,
2026-07-28 10:40:12.522,0.11,-0.94,0.42,-25.33,180.3,-59.63,NO_FALL,,
2026-07-28 10:40:12.522,0.04,-1.06,0.43,-8.97,132.08,-18.92,NO_FALL,,
2026-07-28 10:40:12.582,0.04,-1.06,0.43,-8.97,132.08,-18.92,NO_FALL,,
2026-07-28 10:40:12.582,0.14,-1.13,0.53,23.62,-69.58,26.12,NO_FALL,,
2026-07-28 10:40:12.583,0.38,-1.33,0.59,-22.4,-217.83,89.84,NO_FALL,,
2026-07-28 10:40:12.641,0.38,-1.33,0.59,-22.4,-217.83,89.84,NO_FALL,,
2026-07-28 10:40:12.642,0.27,-1.62,0.55,-166.99,-222.35,110.9,NO_FALL,,
2026-07-28 10:40:12.643,0.27,-1.62,0.55,-166.99,-222.35,110.9,NO_FALL,,
2026-07-28 10:40:12.701,-0.14,-1.64,0.5,-238.65,-131.77,99.12,NO_FALL,,
2026-07-28 10:40:12.702,-0.14,-1.64,0.5,-238.65,-131.77,99.12,NO_FALL,,
2026-07-28 10:40:12.761,-0.34,-1.29,0.41,-135.74,-20.63,138.06,NO_FALL,,
2026-07-28 10:40:12.762,-0.3,-0.75,0.24,75.07,78.06,194.52,NO_FALL,,
2026-07-28 10:40:12.763,-0.3,-0.75,0.24,75.07,78.06,194.52,NO_FALL,,
2026-07-28 10:40:12.822,-0.16,-0.18,0.01,292.91,133.12,180.85,NO_FALL,,
2026-07-28 10:40:12.822,-0.16,-0.18,0.01,292.91,133.12,180.85,NO_FALL,,
2026-07-28 10:40:12.881,0.09,-0.05,-0.11,402.53,119.32,106.81,NO_FALL,,
2026-07-28 10:40:12.882,0.26,-0.27,0.03,386.47,53.59,6.9,NO_FALL,,
2026-07-28 10:40:12.883,0.26,-0.27,0.03,386.47,53.59,6.9,NO_FALL,,
2026-07-28 10:40:12.942,0.34,-0.44,0.34,331.85,-21.18,-70.68,NO_FALL,,
2026-07-28 10:40:12.942,0.34,-0.44,0.34,331.85,-21.18,-70.68,NO_FALL,,
2026-07-28 10:40:13.002,0.36,-0.51,0.75,242.19,-65.98,-79.28,NO_FALL,,
2026-07-28 10:40:13.002,0.36,-0.51,0.75,242.19,-65.98,-79.28,NO_FALL,,
2026-07-28 10:40:13.003,0.22,-0.46,1.06,130.74,-78.74,-56.34,NO_FALL,,
2026-07-28 10:40:13.061,0.11,-0.11,1.07,144.96,-94.91,-43.15,NO_FALL,,
2026-07-28 10:40:13.062,0.11,-0.11,1.07,144.96,-94.91,-43.15,NO_FALL,,
2026-07-28 10:40:13.062,0.11,0.25,0.97,187.07,-85.08,-23.13,NO_FALL,,
2026-07-28 10:40:13.122,0.11,0.25,0.97,187.07,-85.08,-23.13,NO_FALL,,
2026-07-28 10:40:13.122,0.07,0.23,0.96,101.81,-31.43,4.82,NO_FALL,,
2026-07-28 10:40:13.122,0.07,0.23,0.96,101.81,-31.43,4.82,NO_FALL,,
2026-07-28 10:40:13.181,0.01,0.06,0.99,6.53,5.74,13.18,NO_FALL,,
2026-07-28 10:40:13.182,-0.01,-0.03,1.0,-24.9,12.15,6.65,NO_FALL,,
2026-07-28 10:40:13.241,-0.01,-0.03,1.0,-24.9,12.15,6.65,NO_FALL,,
2026-07-28 10:40:13.242,-0.01,-0.04,1.01,-16.17,5.37,0.24,NO_FALL,,
2026-07-28 10:40:13.242,-0.01,-0.04,1.01,-16.17,5.37,0.24,NO_FALL,,
2026-07-28 10:40:13.301,0.0,-0.01,1.0,-2.26,-0.37,-1.59,NO_FALL,,
2026-07-28 10:40:13.302,0.0,-0.01,1.0,-2.26,-0.37,-1.59,NO_FALL,,
2026-07-28 10:40:13.302,0.01,0.0,1.0,3.3,-1.77,-0.85,NO_FALL,,
2026-07-28 10:40:13.361,0.01,0.0,1.0,3.3,-1.77,-0.85,NO_FALL,,
2026-07-28 10:40:13.362,0.01,0.01,1.0,2.62,-0.98,0.06,NO_FALL,,
2026-07-28 10:40:13.421,0.01,0.01,1.0,0.67,-0.12,0.43,NO_FALL,,
2026-07-28 10:40:13.422,0.0,0.0,1.0,0.67,-0.12,0.43,NO_FALL,,
2026-07-28 10:40:13.422,0.0,-0.0,1.0,-0.31,0.18,0.31,NO_FALL,,
2026-07-28 10:40:13.481,0.0,-0.0,1.0,-0.31,0.18,0.31,NO_FALL,,
2026-07-28 10:40:13.482,0.0,-0.0,1.0,-0.31,0.12,0.18,NO_FALL,,
2026-07-28 10:40:13.482,0.0,-0.0,1.0,-0.31,0.12,0.18,NO_FALL,,
2026-07-28 10:40:13.541,0.0,-0.0,1.0,0.0,-0.06,0.12,NO_FALL,,
2026-07-28 10:40:13.542,0.0,-0.0,1.0,0.0,-0.06,0.12,NO_FALL,,
2026-07-28 10:40:13.542,0.0,0.0,1.0,0.18,-0.12,0.12,NO_FALL,,
2026-07-28 10:40:13.601,0.0,0.0,1.0,0.18,-0.12,0.12,NO_FALL,,
2026-07-28 10:40:13.602,0.0,0.0,1.0,0.18,-0.06,0.18,NO_FALL,,
2026-07-28 10:40:13.661,0.0,-0.0,1.0,0.12,0.0,0.18,NO_FALL,,
2026-07-28 10:40:13.662,0.0,-0.0,1.0,0.12,0.0,0.18,NO_FALL,,
2026-07-28 10:40:13.662,0.0,-0.0,1.0,0.12,-0.06,0.18,NO_FALL,,
2026-07-28 10:40:13.722,0.0,-0.0,1.0,0.12,-0.06,0.18,NO_FALL,,
2026-07-28 10:40:13.722,0.01,-0.0,1.0,0.12,-0.06,0.18,NO_FALL,,
2026-07-28 10:40:13.722,0.01,-0.0,1.0,0.12,-0.06,0.18,NO_FALL,,
2026-07-28 10:40:13.782,0.01,0.0,1.0,0.12,-0.06,0.18,NO_FALL,,
2026-07-28 10:40:13.782,0.01,0.0,1.0,0.12,-0.06,0.18,NO_FALL,,
2026-07-28 10:40:13.841,0.0,0.0,1.0,0.12,-0.06,0.18,NO_FALL,,
2026-07-28 10:40:13.842,0.0,-0.0,1.0,0.12,0.0,0.18,NO_FALL,,
2026-07-28 10:40:13.842,0.0,-0.0,1.0,0.12,0.0,0.18,NO_FALL,,
2026-07-28 10:40:13.901,0.0,-0.0,1.0,0.12,0.0,0.18,NO_FALL,,
2026-07-28 10:40:13.902,0.0,-0.0,1.0,0.12,0.0,0.18,NO_FALL,,
2026-07-28 10:40:13.902,0.0,-0.0,1.0,0.12,0.0,0.12,NO_FALL,,
2026-07-28 10:40:13.961,0.0,-0.0,1.0,0.12,0.0,0.12,NO_FALL,,
2026-07-28 10:40:13.962,0.0,-0.0,1.0,0.12,0.0,0.12,NO_FALL,,
2026-07-28 10:40:13.963,0.0,-0.0,1.0,0.12,0.0,0.12,NO_FALL,,
2026-07-28 10:40:14.022,0.0,0.0,1.0,0.12,-0.06,0.18,NO_FALL,,
2026-07-28 10:40:14.022,0.0,0.0,1.0,0.12,-0.06,0.18,NO_FALL,,
2026-07-28 10:40:14.023,0.0,0.0,1.0,0.12,-0.06,0.18,NO_FALL,,
2026-07-28 10:40:14.081,0.0,0.0,1.0,0.12,-0.06,0.18,NO_FALL,,
2026-07-28 10:40:14.082,0.0,-0.0,1.0,0.12,-0.06,0.18,NO_FALL,,
2026-07-28 10:40:14.141,0.0,-0.0,1.0,0.12,-0.06,0.18,NO_FALL,,
2026-07-28 10:40:14.142,0.0,-0.0,1.0,0.12,-0.06,0.18,NO_FALL,,
2026-07-28 10:40:14.142,0.0,0.0,1.0,0.12,-0.06,0.18,NO_FALL,,
2026-07-28 10:40:14.201,0.0,0.0,1.0,0.12,-0.06,0.18,NO_FALL,,
2026-07-28 10:40:14.202,0.0,0.0,1.0,0.12,-0.06,0.18,NO_FALL,,
2026-07-28 10:40:14.203,0.0,0.0,1.0,0.12,-0.06,0.18,NO_FALL,,
2026-07-28 10:40:14.261,0.0,0.0,1.0,0.12,-0.06,0.18,NO_FALL,,
2026-07-28 10:40:14.262,0.0,0.0,1.0,0.12,-0.06,0.18,NO_FALL,,
2026-07-28 10:40:14.262,0.0,-0.0,1.0,0.12,0.0,0.18,NO_FALL,,
2026-07-28 10:40:14.321,0.0,-0.0,1.0,0.12,0.0,0.18,NO_FALL,,
2026-07-28 10:40:14.322,0.0,-0.0,1.0,0.12,0.0,0.18,NO_FALL,,
2026-07-28 10:40:14.381,0.0,0.0,1.0,0.12,0.0,0.12,FALL,9,AUTO_FALL_LIKE
2026-07-28 10:40:14.382,0.0,0.0,1.0,0.12,0.0,0.12,FALL,9,AUTO_FALL_LIKE
2026-07-28 10:40:14.382,0.0,0.0,1.0,0.12,0.0,0.12,FALL,9,AUTO_FALL_LIKE
2026-07-28 10:40:14.441,0.0,0.0,1.0,0.12,0.0,0.12,FALL,9,AUTO_FALL_LIKE
2026-07-28 10:40:14.442,0.0,0.0,1.0,0.12,-0.06,0.18,FALL,9,AUTO_FALL_LIKE
2026-07-28 10:40:14.442,0.0,0.0,1.0,0.12,-0.06,0.18,FALL,9,AUTO_FALL_LIKE
2026-07-28 10:40:14.501,0.01,-0.0,1.0,0.12,-0.06,0.18,FALL,9,AUTO_FALL_LIKE
2026-07-28 10:40:14.502,0.01,-0.0,1.0,0.12,-0.06,0.18,FALL,9,AUTO_FALL_LIKE
2026-07-28 10:40:14.502,0.0,-0.0,1.0,0.12,0.0,0.18,FALL,9,AUTO_FALL_LIKE
2026-07-28 10:40:14.561,0.0,-0.0,1.0,0.12,0.0,0.18,FALL,9,AUTO_FALL_LIKE
2026-07-28 10:40:14.562,0.0,0.0,1.0,0.12,0.0,0.18,FALL,9,AUTO_FALL_LIKE
2026-07-28 10:40:14.621,0.0,0.0,1.0,0.12,0.0,0.18,FALL,9,AUTO_FALL_LIKE
2026-07-28 10:40:14.622,0.0,0.0,1.0,0.12,0.0,0.18,FALL,9,AUTO_FALL_LIKE
2026-07-28 10:40:14.622,0.0,0.0,1.0,0.12,0.0,0.18,FALL,9,AUTO_FALL_LIKE
2026-07-28 10:40:14.681,0.0,0.0,1.0,0.12,0.0,0.18,FALL,9,AUTO_FALL_LIKE
2026-07-28 10:40:14.682,0.01,-0.0,1.0,0.12,-0.06,0.18,FALL,9,AUTO_FALL_LIKE
2026-07-28 10:40:14.682,0.01,-0.0,1.0,0.12,-0.06,0.18,FALL,9,AUTO_FALL_LIKE
2026-07-28 10:40:14.742,0.01,-0.0,1.0,0.12,-0.06,0.18,FALL,9,AUTO_FALL_LIKE
2026-07-28 10:40:14.742,0.01,-0.0,1.0,0.12,-0.06,0.18,FALL,9,AUTO_FALL_LIKE
2026-07-28 10:40:14.743,0.0,-0.0,1.0,0.12,-0.06,0.18,FALL,9,AUTO_FALL_LIKE
2026-07-28 10:40:14.801,0.0,-0.0,1.0,0.12,-0.06,0.18,FALL,9,AUTO_FALL_LIKE
2026-07-28 10:40:14.802,0.0,-0.0,1.0,0.12,0.0,0.12,FALL,9,AUTO_FALL_LIKE
2026-07-28 10:40:14.861,0.0,0.0,1.0,0.24,0.06,0.12,FALL,9,AUTO_FALL_LIKE
2026-07-28 10:40:14.862,0.0,0.0,1.0,0.24,0.06,0.12,FALL,9,AUTO_FALL_LIKE
2026-07-28 10:40:14.862,0.0,0.0,1.0,0.37,-0.06,0.18,FALL,9,AUTO_FALL_LIKE
2026-07-28 10:40:14.922,0.0,0.0,1.0,0.37,-0.06,0.18,FALL,9,AUTO_FALL_LIKE
2026-07-28 10:40:14.922,0.01,-0.0,1.0,0.49,-0.24,0.18,FALL,9,AUTO_FALL_LIKE
2026-07-28 10:40:14.923,0.01,-0.0,1.0,0.49,-0.24,0.18,FALL,9,AUTO_FALL_LIKE
2026-07-28 10:40:14.981,0.01,0.0,1.0,0.61,-0.37,0.18,FALL,9,AUTO_FALL_LIKE
2026-07-28 10:40:14.982,0.01,0.0,1.0,0.61,-0.37,0.18,FALL,9,AUTO_FALL_LIKE
2026-07-28 10:40:14.983,0.01,0.0,1.0,0.55,-0.37,0.18,FALL,9,AUTO_FALL_LIKE
2026-07-28 10:40:15.041,0.01,0.0,1.0,0.55,-0.37,0.18,FALL,9,AUTO_FALL_LIKE
2026-07-28 10:40:15.042,0.01,0.0,1.0,0.31,-0.18,0.18,FALL,9,AUTO_FALL_LIKE
2026-07-28 10:40:15.101,0.01,0.0,1.0,0.12,-0.12,0.18,FALL,9,AUTO_FALL_LIKE
2026-07-28 10:40:15.102,0.01,0.0,1.0,0.12,-0.12,0.18,FALL,9,AUTO_FALL_LIKE
2026-07-28 10:40:15.102,0.0,0.0,1.0,0.12,0.0,0.12,FALL,9,AUTO_FALL_LIKE
2026-07-28 10:40:15.162,0.0,0.0,1.0,0.12,0.0,0.12,FALL,9,AUTO_FALL_LIKE
2026-07-28 10:40:15.162,-0.04,-0.14,1.0,0.24,0.0,-6.47,FALL,9,AUTO_FALL_LIKE
2026-07-28 10:40:15.163,-0.04,-0.14,1.0,0.24,0.0,-6.47,FALL,9,AUTO_FALL_LIKE
2026-07-28 10:40:15.221,0.07,-0.11,1.0,2.08,0.67,-110.11,FALL,9,AUTO_FALL_LIKE
2026-07-28 10:40:15.222,0.07,-0.11,1.0,2.08,0.67,-110.11,FALL,9,AUTO_FALL_LIKE
2026-07-28 10:40:15.223,0.32,0.27,1.07,5.0,0.49,-251.89,FALL,9,AUTO_FALL_LIKE
2026-07-28 10:40:15.281,0.41,0.61,1.61,10.62,-2.44,-266.72,FALL,9,AUTO_FALL_LIKE
2026-07-28 10:40:15.282,0.41,0.61,1.61,10.62,-2.44,-266.72,FALL,9,AUTO_FALL_LIKE
2026-07-28 10:40:15.341,0.38,0.55,1.93,38.15,70.92,-260.62,FALL,9,AUTO_FALL_LIKE
2026-07-28 10:40:15.342,0.38,0.55,1.93,38.15,70.92,-260.62,FALL,9,AUTO_FALL_LIKE
2026-07-28 10:40:15.342,0.22,0.16,1.27,68.48,257.75,-319.76,FALL,9,AUTO_FALL_LIKE
2026-07-28 10:40:15.402,0.22,0.16,1.27,68.48,257.75,-319.76,FALL,9,AUTO_FALL_LIKE
2026-07-28 10:40:15.402,-0.04,-0.31,0.39,92.96,410.83,-349.98,FALL,9,AUTO_FALL_LIKE
2026-07-28 10:40:15.462,-0.32,-0.63,-0.02,135.31,391.85,-300.66,FALL,9,AUTO_FALL_LIKE
2026-07-28 10:40:15.462,-0.32,-0.63,-0.02,135.31,391.85,-300.66,FALL,9,AUTO_FALL_LIKE
2026-07-28 10:40:15.463,-0.59,-0.64,0.2,121.52,209.72,-201.84,FALL,9,AUTO_FALL_LIKE
2026-07-28 10:40:15.521,-0.59,-0.64,0.2,121.52,209.72,-201.84,FALL,9,AUTO_FALL_LIKE
2026-07-28 10:40:15.522,-0.76,-0.49,0.59,32.9,22.58,-108.7,FALL,9,AUTO_FALL_LIKE
2026-07-28 10:40:15.523,-0.76,-0.49,0.59,-29.79,-41.93,-46.02,FALL,9,AUTO_FALL_LIKE
2026-07-28 10:40:15.581,-0.8,-0.33,0.63,-29.79,-41.93,-46.02,FALL,9,AUTO_FALL_LIKE
2026-07-28 10:40:15.582,-0.76,-0.23,0.52,-43.46,-36.87,-16.66,FALL,9,AUTO_FALL_LIKE
2026-07-28 10:40:15.642,-0.76,-0.23,0.52,-43.46,-36.87,-16.66,FALL,9,AUTO_FALL_LIKE
2026-07-28 10:40:15.642,-0.71,-0.26,0.55,-44.01,-38.88,-23.25,FALL,9,AUTO_FALL_LIKE
2026-07-28 10:40:15.643,-0.71,-0.26,0.55,-35.95,-41.99,-39.79,FALL,9,AUTO_FALL_LIKE
2026-07-28 10:40:15.702,-0.71,-0.32,0.7,-35.95,-41.99,-39.79,FALL,9,AUTO_FALL_LIKE
2026-07-28 10:40:15.702,-0.69,-0.33,0.71,-15.62,-26.61,-34.79,FALL,9,AUTO_FALL_LIKE
2026-07-28 10:40:15.761,-0.69,-0.33,0.71,-15.62,-26.61,-34.79,FALL,9,AUTO_FALL_LIKE
2026-07-28 10:40:15.762,-0.62,-0.35,0.61,-5.49,-13.37,-21.0,FALL,9,AUTO_FALL_LIKE
2026-07-28 10:40:15.763,-0.62,-0.35,0.61,-5.49,-13.37,-21.0,FALL,9,AUTO_FALL_LIKE
2026-07-28 10:40:15.821,-0.61,-0.36,0.57,-20.94,-25.45,-20.45,FALL,9,AUTO_FALL_LIKE
2026-07-28 10:40:15.822,-0.62,-0.37,0.63,-37.9,-45.84,-26.73,FALL,9,AUTO_FALL_LIKE
2026-07-28 10:40:15.823,-0.62,-0.37,0.63,-37.9,-45.84,-26.73,FALL,9,AUTO_FALL_LIKE
2026-07-28 10:40:15.881,-0.6,-0.43,0.71,-44.43,-48.34,-31.86,FALL,9,AUTO_FALL_LIKE
2026-07-28 10:40:15.882,-0.6,-0.43,0.71,-44.43,-48.34,-31.86,FALL,9,AUTO_FALL_LIKE
2026-07-28 10:40:15.941,-0.54,-0.47,0.71,-47.67,-30.27,-29.97,FALL,9,AUTO_FALL_LIKE
2026-07-28 10:40:15.942,-0.54,-0.47,0.71,-47.67,-30.27,-29.97,FALL,9,AUTO_FALL_LIKE
2026-07-28 10:40:15.943,-0.49,-0.48,0.64,-42.97,-13.24,-27.28,FALL,9,AUTO_FALL_LIKE
2026-07-28 10:40:16.001,-0.49,-0.48,0.64,-42.97,-13.24,-27.28,FALL,9,AUTO_FALL_LIKE
2026-07-28 10:40:16.002,-0.49,-0.48,0.64,-42.97,-13.24,-27.28,FALL,9,AUTO_FALL_LIKE
2026-07-28 10:40:16.003,-0.49,-0.48,0.64,-42.97,-13.24,-27.28,FALL,9,AUTO_FALL_LIKE
2026-07-28 10:40:16.061,-0.49,-0.47,0.73,-5.49,-49.87,-5.31,FALL,9,AUTO_FALL_LIKE
2026-07-28 10:40:16.062,-0.48,-0.47,0.75,-5.74,-44.25,12.21,FALL,9,AUTO_FALL_LIKE
2026-07-28 10:40:16.062,-0.48,-0.47,0.75,-5.74,-44.25,12.21,FALL,9,AUTO_FALL_LIKE
2026-07-28 10:40:16.121,-0.46,-0.47,0.76,-21.12,-47.24,14.65,FALL,9,AUTO_FALL_LIKE
2026-07-28 10:40:16.122,-0.46,-0.47,0.76,-21.12,-47.24,14.65,FALL,9,AUTO_FALL_LIKE
2026-07-28 10:40:16.182,-0.38,-0.47,0.8,-23.5,-100.65,-2.5,FALL,9,AUTO_FALL_LIKE
2026-07-28 10:40:16.182,-0.38,-0.47,0.8,-23.5,-100.65,-2.5,FALL,9,AUTO_FALL_LIKE
2026-07-28 10:40:16.183,-0.25,-0.49,0.87,6.53,-190.43,-31.68,FALL,9,AUTO_FALL_LIKE
2026-07-28 10:40:16.241,-0.25,-0.49,0.87,6.53,-190.43,-31.68,FALL,9,AUTO_FALL_LIKE
2026-07-28 10:40:16.242,-0.25,-0.49,0.87,6.53,-190.43,-31.68,FALL,9,AUTO_FALL_LIKE
2026-07-28 10:40:16.243,-0.25,-0.49,0.87,6.53,-190.43,-31.68,FALL,9,AUTO_FALL_LIKE
2026-07-28 10:40:16.301,-0.1,-0.49,0.91,77.33,-133.54,7.63,FALL,9,AUTO_FALL_LIKE
2026-07-28 10:40:16.302,-0.11,-0.43,0.89,60.79,-37.48,44.68,FALL,9,AUTO_FALL_LIKE
2026-07-28 10:40:16.303,-0.11,-0.43,0.89,60.79,-37.48,44.68,FALL,9,AUTO_FALL_LIKE
2026-07-28 10:40:16.362,-0.12,-0.36,0.89,27.59,7.81,52.31,FALL,9,AUTO_FALL_LIKE
2026-07-28 10:40:16.362,-0.12,-0.36,0.89,27.59,7.81,52.31,FALL,9,AUTO_FALL_LIKE
2026-07-28 10:40:16.422,-0.12,-0.32,0.84,3.23,4.7,49.99,FALL,9,AUTO_FALL_LIKE
2026-07-28 10:40:16.422,-0.12,-0.32,0.84,3.23,4.7,49.99,FALL,9,AUTO_FALL_LIKE
2026-07-28 10:40:16.423,-0.1,-0.35,0.81,-17.4,-24.23,36.93,FALL,9,AUTO_FALL_LIKE
2026-07-28 10:40:16.481,-0.1,-0.35,0.81,-17.4,-24.23,36.93,FALL,9,AUTO_FALL_LIKE
2026-07-28 10:40:16.482,-0.1,-0.43,0.88,-30.64,-35.83,5.68,FALL,9,AUTO_FALL_LIKE
2026-07-28 10:40:16.483,-0.08,-0.48,0.94,-24.41,-19.59,-10.5,FALL,9,AUTO_FALL_LIKE
2026-07-28 10:40:16.541,-0.08,-0.48,0.94,-24.41,-19.59,-10.5,FALL,9,AUTO_FALL_LIKE
2026-07-28 10:41:32.629,0.01,-0.02,1.0,0.12,0.0,0.12,NO_FALL,,
2026-07-28 10:42:50.643,0.01,-0.02,1.0,0.06,-0.06,0.18,NO_FALL,,
2026-07-28 10:44:08.690,0.01,-0.02,1.0,0.06,-0.12,0.12,NO_FALL,,
2026-07-28 10:45:24.712,0.01,-0.02,1.0,0.12,0.0,0.12,NO_FALL,,
2026-07-28 10:46:42.715,0.01,-0.02,1.0,0.18,-0.06,0.06,NO_FALL,,
2026-07-28 10:48:00.777,0.01,-0.02,1.0,0.0,-0.12,0.06,NO_FALL,,
2026-07-28 10:49:20.822,0.01,-0.02,1.0,-0.06,-0.06,0.12,NO_FALL,,
2026-07-28 10:50:40.805,0.02,-0.99,-0.01,0.18,-0.12,0.12,NO_FALL,,
2026-07-28 10:52:00.845,0.03,-0.99,-0.01,-0.43,3.05,0.92,NO_FALL,,
2026-07-28 10:53:20.887,0.02,-0.99,-0.01,0.12,-0.06,0.12,NO_FALL,,
2026-07-28 10:54:38.889,0.02,-0.99,-0.01,0.06,0.0,0.18,NO_FALL,,
2026-07-28 10:55:56.953,0.02,-0.99,-0.01,0.12,0.06,0.18,NO_FALL,,
2026-07-28 10:57:16.996,0.02,-0.99,-0.0,-0.37,0.06,0.06,NO_FALL,,
2026-07-28 10:58:34.995,0.03,-0.99,-0.01,0.12,0.0,0.18,NO_FALL,,
2026-07-28 10:59:52.999,0.02,-0.99,-0.01,0.12,0.0,0.18,NO_FALL,,
2026-07-28 11:01:11.060,0.02,-0.99,-0.0,0.12,0.0,0.18,NO_FALL,,
2026-07-28 11:02:21.081,0.02,-0.99,-0.0,0.18,0.06,0.18,NO_FALL,,
2026-07-28 11:02:21.081,0.19,-0.03,0.99,-9.89,3.97,5.68,NO_FALL,,
2026-07-28 11:02:21.081,0.2,-0.05,1.0,-10.99,2.38,9.16,NO_FALL,,
2026-07-28 11:02:21.082,0.2,-0.05,1.0,-10.99,2.38,9.16,NO_FALL,,
2026-07-28 11:02:21.138,0.21,-0.04,0.98,-8.36,-1.46,6.77,NO_FALL,,
2026-07-28 11:02:21.139,0.21,-0.04,0.98,-8.36,-1.46,6.77,NO_FALL,,
2026-07-28 11:02:21.139,0.21,-0.05,0.98,-13.43,0.31,6.1,NO_FALL,,
2026-07-28 11:02:21.197,0.21,-0.05,0.98,-13.43,0.31,6.1,NO_FALL,,
2026-07-28 11:02:21.198,0.19,-0.09,1.01,-21.55,2.14,13.12,NO_FALL,,
2026-07-28 11:02:21.199,0.2,-0.09,1.05,-15.93,-5.13,18.92,NO_FALL,,
2026-07-28 11:02:21.257,0.2,-0.09,1.05,-15.93,-5.13,18.92,NO_FALL,,
2026-07-28 11:02:21.258,0.22,-0.06,1.07,-3.85,-18.8,22.58,NO_FALL,,
2026-07-28 11:02:21.258,0.22,-0.06,1.07,-3.85,-18.8,22.58,NO_FALL,,
2026-07-28 11:02:21.318,0.26,-0.08,1.14,-9.09,-31.56,33.02,NO_FALL,,
2026-07-28 11:02:21.318,0.26,-0.08,1.14,-9.09,-31.56,33.02,NO_FALL,,
2026-07-28 11:02:21.378,0.31,-0.15,1.27,-22.95,-47.55,45.35,NO_FALL,,
2026-07-28 11:02:21.378,0.4,-0.14,1.4,-9.4,-80.26,46.63,NO_FALL,,
2026-07-28 11:02:21.379,0.4,-0.14,1.4,-9.4,-80.26,46.63,NO_FALL,,
2026-07-28 11:02:21.439,0.52,-0.14,1.38,18.92,-118.59,41.44,NO_FALL,,
2026-07-28 11:02:21.440,0.52,-0.14,1.38,18.92,-118.59,41.44,NO_FALL,,
2026-07-28 11:02:21.497,0.66,-0.11,1.22,32.84,-138.92,28.81,NO_FALL,,
2026-07-28 11:02:21.498,0.66,-0.11,1.22,32.84,-138.92,28.81,NO_FALL,,
2026-07-28 11:02:21.498,0.82,0.06,0.97,32.71,-142.15,7.45,NO_FALL,,
2026-07-28 11:02:21.557,0.86,0.12,0.61,25.45,-139.4,11.66,NO_FALL,,
2026-07-28 11:02:21.558,0.86,0.12,0.61,25.45,-139.4,11.66,NO_FALL,,
2026-07-28 11:02:21.559,0.61,-0.05,0.14,8.67,-126.22,56.03,NO_FALL,,
2026-07-28 11:02:21.618,0.61,-0.05,0.14,8.67,-126.22,56.03,NO_FALL,,
2026-07-28 11:02:21.618,0.13,-0.39,-0.08,-16.66,-70.62,98.57,NO_FALL,,
2026-07-28 11:02:21.677,0.13,-0.39,-0.08,-16.66,-70.62,98.57,NO_FALL,,
2026-07-28 11:02:21.678,-0.35,-0.79,0.27,-6.1,34.0,100.4,NO_FALL,,
2026-07-28 11:02:21.678,-0.61,-0.96,0.55,56.88,86.06,51.64,NO_FALL,,
2026-07-28 11:02:21.737,-0.61,-0.96,0.55,56.88,86.06,51.64,NO_FALL,,
2026-07-28 11:02:21.738,-0.46,-0.55,0.44,117.55,26.06,-41.38,NO_FALL,,
2026-07-28 11:02:21.739,-0.46,-0.55,0.44,117.55,26.06,-41.38,NO_FALL,,
2026-07-28 11:02:21.797,0.18,0.36,0.64,124.15,-35.4,-138.49,NO_FALL,,
2026-07-28 11:02:21.798,0.18,0.36,0.64,124.15,-35.4,-138.49,NO_FALL,,
2026-07-28 11:02:21.858,0.95,1.1,1.11,65.67,-41.32,-186.4,NO_FALL,,
2026-07-28 11:02:21.858,1.35,1.12,1.15,1.04,-67.57,-165.65,NO_FALL,,
2026-07-28 11:02:21.859,1.35,1.12,1.15,1.04,-67.57,-165.65,NO_FALL,,
2026-07-28 11:02:21.917,1.3,0.65,0.75,-18.19,-123.72,-102.36,NO_FALL,,
2026-07-28 11:02:21.918,1.3,0.65,0.75,-18.19,-123.72,-102.36,NO_FALL,,
2026-07-28 11:02:21.978,1.08,0.19,0.4,-22.89,-136.29,-42.24,NO_FALL,,
2026-07-28 11:02:21.978,1.08,0.19,0.4,-22.89,-136.29,-42.24,NO_FALL,,
2026-07-28 11:02:21.979,0.89,-0.0,0.38,-39.79,-83.19,-9.16,NO_FALL,,
2026-07-28 11:02:22.038,0.79,0.04,0.58,-48.28,-18.37,0.49,NO_FALL,,
2026-07-28 11:02:22.044,0.79,0.04,0.58,-48.28,-18.37,0.49,NO_FALL,,
2026-07-28 11:02:22.044,0.73,0.18,0.7,-30.76,10.25,-1.65,NO_FALL,,
2026-07-28 11:02:22.098,0.73,0.18,0.7,-30.76,10.25,-1.65,NO_FALL,,
2026-07-28 11:02:22.098,0.67,0.22,0.62,-0.31,7.45,-3.11,NO_FALL,,
2026-07-28 11:02:22.099,0.67,0.22,0.62,-0.31,7.45,-3.11,NO_FALL,,
2026-07-28 11:02:22.158,0.64,0.11,0.48,26.49,2.26,1.04,NO_FALL,,
2026-07-28 11:02:22.158,0.72,0.03,0.47,37.72,12.94,0.85,NO_FALL,,
2026-07-28 11:02:22.218,0.72,0.03,0.47,37.72,12.94,0.85,NO_FALL,,
2026-07-28 11:02:22.218,0.85,0.09,0.58,35.1,25.88,-11.72,NO_FALL,,
2026-07-28 11:02:22.219,0.85,0.09,0.58,35.1,25.88,-11.72,NO_FALL,,
2026-07-28 11:02:22.278,0.95,0.25,0.6,26.61,17.52,-26.92,NO_FALL,,
2026-07-28 11:02:22.278,0.95,0.25,0.6,26.61,17.52,-26.92,NO_FALL,,
2026-07-28 11:02:22.338,0.98,0.4,0.53,9.52,-1.59,-28.81,NO_FALL,,
2026-07-28 11:02:22.338,0.96,0.47,0.47,-12.7,-5.25,-14.59,NO_FALL,,
2026-07-28 11:02:22.339,0.96,0.47,0.47,-12.7,-5.25,-14.59,NO_FALL,,
2026-07-28 11:02:22.398,0.93,0.51,0.43,-32.53,9.09,6.59,NO_FALL,,
2026-07-28 11:02:22.398,0.93,0.51,0.43,-32.53,9.09,6.59,NO_FALL,,
2026-07-28 11:02:22.399,0.91,0.61,0.41,-52.73,31.98,35.16,NO_FALL,,
2026-07-28 11:02:22.458,0.91,0.61,0.41,-52.73,31.98,35.16,NO_FALL,,
2026-07-28 11:02:22.458,0.86,0.51,0.49,-50.54,56.95,93.26,NO_FALL,,
2026-07-28 11:02:22.518,0.86,0.51,0.49,-17.76,77.58,168.95,NO_FALL,,
2026-07-28 11:02:22.518,0.75,0.19,0.69,-17.76,77.58,168.95,NO_FALL,,
2026-07-28 11:02:22.519,0.61,-0.16,0.95,12.27,80.75,218.26,NO_FALL,,
2026-07-28 11:02:22.578,0.61,-0.16,0.95,12.27,80.75,218.26,NO_FALL,,
2026-07-28 11:02:22.578,0.5,-0.43,1.04,53.53,33.81,202.7,NO_FALL,,
2026-07-28 11:02:22.579,0.5,-0.43,1.04,53.53,33.81,202.7,NO_FALL,,
2026-07-28 11:02:22.638,0.55,-0.4,0.81,82.21,-44.13,117.0,NO_FALL,,
2026-07-28 11:02:22.638,0.71,-0.18,0.71,67.2,-58.78,18.19,NO_FALL,,
2026-07-28 11:02:22.698,0.71,-0.18,0.71,67.2,-58.78,18.19,NO_FALL,,
2026-07-28 11:02:22.698,0.83,0.03,0.8,69.21,-24.9,-39.25,NO_FALL,,
2026-07-28 11:02:22.699,0.83,0.03,0.8,69.21,-24.9,-39.25,NO_FALL,,
2026-07-28 11:02:22.758,0.86,0.07,0.74,78.98,-29.85,-50.48,NO_FALL,,
2026-07-28 11:02:22.758,0.86,0.07,0.74,78.98,-29.85,-50.48,NO_FALL,,
2026-07-28 11:02:22.818,0.85,-0.02,0.65,13.24,-40.34,-44.86,NO_FALL,,
2026-07-28 11:02:22.818,0.86,-0.02,0.7,-85.63,-11.05,-42.97,NO_FALL,,
2026-07-28 11:02:22.819,0.86,-0.02,0.7,-85.63,-11.05,-42.97,NO_FALL,,
2026-07-28 11:02:22.878,0.85,0.01,0.71,-87.16,14.59,-27.16,FALL,10,AUTO_FALL_LIKE
2026-07-28 11:02:22.878,0.85,0.01,0.71,-87.16,14.59,-27.16,FALL,10,AUTO_FALL_LIKE
2026-07-28 11:02:22.879,0.81,-0.01,0.62,-15.69,19.47,13.31,FALL,10,AUTO_FALL_LIKE
2026-07-28 11:02:22.938,0.81,-0.01,0.62,-15.69,19.47,13.31,FALL,10,AUTO_FALL_LIKE
2026-07-28 11:02:22.938,0.76,-0.07,0.52,13.0,29.54,47.61,FALL,10,AUTO_FALL_LIKE
2026-07-28 11:02:22.998,0.69,-0.06,0.47,-1.4,49.8,57.31,FALL,10,AUTO_FALL_LIKE
2026-07-28 11:02:22.998,0.69,-0.06,0.47,-1.4,49.8,57.31,FALL,10,AUTO_FALL_LIKE
2026-07-28 11:02:22.999,0.65,0.01,0.57,10.74,68.73,58.35,FALL,10,AUTO_FALL_LIKE
2026-07-28 11:02:23.057,0.65,0.01,0.57,33.45,73.85,68.54,FALL,10,AUTO_FALL_LIKE
2026-07-28 11:02:23.058,0.61,-0.01,0.68,33.45,73.85,68.54,FALL,10,AUTO_FALL_LIKE
2026-07-28 11:02:23.117,0.56,-0.13,0.64,11.47,61.52,79.28,FALL,10,AUTO_FALL_LIKE
2026-07-28 11:02:23.118,0.56,-0.13,0.64,11.47,61.52,79.28,FALL,10,AUTO_FALL_LIKE
2026-07-28 11:02:23.119,0.5,-0.28,0.62,-36.38,50.78,80.57,FALL,10,AUTO_FALL_LIKE
2026-07-28 11:02:23.178,0.5,-0.28,0.62,-36.38,50.78,80.57,FALL,10,AUTO_FALL_LIKE
2026-07-28 11:02:23.178,0.38,-0.45,0.69,-59.2,42.66,75.5,FALL,10,AUTO_FALL_LIKE
2026-07-28 11:02:23.179,0.38,-0.45,0.69,-59.2,42.66,75.5,FALL,10,AUTO_FALL_LIKE
2026-07-28 11:02:23.238,0.38,-0.45,0.69,-59.2,42.66,75.5,FALL,10,AUTO_FALL_LIKE
2026-07-28 11:02:23.238,0.38,-0.45,0.69,-59.2,42.66,75.5,FALL,10,AUTO_FALL_LIKE
2026-07-28 11:02:23.298,0.24,-0.5,0.92,-17.76,13.92,26.43,FALL,10,AUTO_FALL_LIKE
2026-07-28 11:02:23.298,0.21,-0.49,1.12,-14.47,19.78,2.38,FALL,10,AUTO_FALL_LIKE
2026-07-28 11:02:23.299,0.21,-0.49,1.12,-14.47,19.78,2.38,FALL,10,AUTO_FALL_LIKE
2026-07-28 11:02:23.358,0.23,-0.4,0.98,-21.67,-9.52,-31.43,FALL,10,AUTO_FALL_LIKE
2026-07-28 11:02:23.359,0.23,-0.4,0.98,-21.67,-9.52,-31.43,FALL,10,AUTO_FALL_LIKE
2026-07-28 11:02:23.359,0.27,-0.26,0.63,-11.96,-66.16,-76.72,FALL,10,AUTO_FALL_LIKE
2026-07-28 11:02:23.418,0.27,-0.26,0.63,-11.96,-66.16,-76.72,FALL,10,AUTO_FALL_LIKE
2026-07-28 11:02:23.419,0.33,-0.16,0.52,-2.75,-72.88,-92.59,FALL,10,AUTO_FALL_LIKE
2026-07-28 11:02:23.478,0.42,-0.16,0.63,10.44,-42.3,-67.32,FALL,10,AUTO_FALL_LIKE
2026-07-28 11:02:23.478,0.42,-0.16,0.63,10.44,-42.3,-67.32,FALL,10,AUTO_FALL_LIKE
2026-07-28 11:02:23.479,0.51,-0.16,0.7,41.2,-70.86,-62.32,FALL,10,AUTO_FALL_LIKE
2026-07-28 11:02:23.538,0.51,-0.16,0.7,41.2,-70.86,-62.32,FALL,10,AUTO_FALL_LIKE
2026-07-28 11:02:23.538,0.72,-0.14,0.63,50.42,-170.84,-116.03,FALL,10,AUTO_FALL_LIKE
2026-07-28 11:02:23.539,0.72,-0.14,0.63,50.42,-170.84,-116.03,FALL,10,AUTO_FALL_LIKE
2026-07-28 11:02:23.598,0.92,-0.13,0.43,3.42,-279.24,-211.06,FALL,10,AUTO_FALL_LIKE
2026-07-28 11:02:23.598,0.74,-0.08,0.19,-60.24,-370.3,-345.58,FALL,10,AUTO_FALL_LIKE
2026-07-28 11:02:23.658,0.74,-0.08,0.19,-60.24,-370.3,-345.58,FALL,10,AUTO_FALL_LIKE
2026-07-28 11:02:23.658,-0.01,0.09,-0.05,0.31,-478.15,-516.11,FALL,10,AUTO_FALL_LIKE
2026-07-28 11:02:23.659,-0.01,0.09,-0.05,0.31,-478.15,-516.11,FALL,10,AUTO_FALL_LIKE
2026-07-28 11:02:23.727,-0.89,0.29,-0.2,128.3,-522.03,-646.79,FALL,10,AUTO_FALL_LIKE
2026-07-28 11:02:23.727,-0.89,0.29,-0.2,34.55,-393.8,-711.91,FALL,10,AUTO_FALL_LIKE
2026-07-28 11:02:23.786,-1.57,0.35,-0.19,34.55,-393.8,-711.91,FALL,10,AUTO_FALL_LIKE
2026-07-28 11:02:23.787,-2.2,0.33,-0.1,-143.01,-197.2,-766.4,FALL,10,AUTO_FALL_LIKE
2026-07-28 11:02:23.787,-2.2,0.33,-0.1,-143.01,-197.2,-766.4,FALL,10,AUTO_FALL_LIKE
2026-07-28 11:02:23.837,-2.45,0.33,-0.06,-138.67,-74.77,-812.99,FALL,10,AUTO_FALL_LIKE
2026-07-28 11:02:23.838,-2.45,0.33,-0.06,-138.67,-74.77,-812.99,FALL,10,AUTO_FALL_LIKE
2026-07-28 11:02:23.839,-2.4,0.31,-0.05,-99.24,-25.45,-821.35,FALL,10,AUTO_FALL_LIKE
2026-07-28 11:02:23.898,-2.07,0.32,-0.03,-150.15,11.66,-705.63,FALL,10,AUTO_FALL_LIKE
2026-07-28 11:02:23.898,-2.07,0.32,-0.03,-150.15,11.66,-705.63,FALL,10,AUTO_FALL_LIKE
2026-07-28 11:02:23.958,-1.23,0.4,-0.02,-226.99,47.85,-457.28,FALL,10,AUTO_FALL_LIKE
2026-07-28 11:02:23.959,-1.23,0.4,-0.02,-226.99,47.85,-457.28,FALL,10,AUTO_FALL_LIKE
2026-07-28 11:02:23.959,-0.6,0.42,-0.0,-228.15,45.04,-130.0,FALL,10,AUTO_FALL_LIKE
2026-07-28 11:02:24.018,-0.6,0.42,-0.0,-140.32,-26.55,234.31,FALL,10,AUTO_FALL_LIKE
2026-07-28 11:02:24.018,-0.79,0.28,-0.01,-140.32,-26.55,234.31,FALL,10,AUTO_FALL_LIKE
2026-07-28 11:02:24.078,-1.43,0.11,-0.03,-22.71,-113.83,507.08,FALL,10,AUTO_FALL_LIKE
2026-07-28 11:02:24.078,-1.43,0.11,-0.03,-22.71,-113.83,507.08,FALL,10,AUTO_FALL_LIKE
2026-07-28 11:02:24.079,-1.85,0.03,-0.04,62.38,-151.43,601.01,FALL,10,AUTO_FALL_LIKE
2026-07-28 11:02:24.138,-1.85,0.03,-0.04,62.38,-151.43,601.01,FALL,10,AUTO_FALL_LIKE
2026-07-28 11:02:24.138,-1.73,0.03,-0.05,77.21,-148.93,554.81,FALL,10,AUTO_FALL_LIKE
2026-07-28 11:02:24.198,-1.23,0.05,-0.06,32.1,-159.48,453.86,FALL,10,AUTO_FALL_LIKE
2026-07-28 11:02:24.198,-1.23,0.05,-0.06,32.1,-159.48,453.86,FALL,10,AUTO_FALL_LIKE
2026-07-28 11:02:24.199,-0.7,0.07,-0.08,-38.76,-204.59,352.29,FALL,10,AUTO_FALL_LIKE
2026-07-28 11:02:24.258,-0.7,0.07,-0.08,-38.76,-204.59,352.29,FALL,10,AUTO_FALL_LIKE
2026-07-28 11:02:24.258,-0.33,0.06,-0.1,-77.7,-235.29,255.98,FALL,10,AUTO_FALL_LIKE
2026-07-28 11:02:24.259,-0.33,0.06,-0.1,-59.33,-197.02,142.15,FALL,10,AUTO_FALL_LIKE
2026-07-28 11:02:24.318,-0.26,0.07,-0.11,-59.33,-197.02,142.15,FALL,10,AUTO_FALL_LIKE
2026-07-28 11:02:24.318,-0.47,0.08,-0.11,-37.72,-103.94,-9.09,FALL,10,AUTO_FALL_LIKE
2026-07-28 11:02:24.378,-0.47,0.08,-0.11,-37.72,-103.94,-9.09,FALL,10,AUTO_FALL_LIKE
2026-07-28 11:02:24.378,-0.46,0.2,-0.2,6.96,5.25,-162.23,FALL,10,AUTO_FALL_LIKE
2026-07-28 11:02:24.379,-0.46,0.2,-0.2,6.96,5.25,-162.23,FALL,10,AUTO_FALL_LIKE
2026-07-28 11:02:24.438,-0.13,0.49,-0.4,150.82,58.17,-132.87,FALL,10,AUTO_FALL_LIKE
2026-07-28 11:02:24.439,-0.17,0.59,-0.38,64.76,39.73,15.75,FALL,10,AUTO_FALL_LIKE
2026-07-28 11:02:24.498,-0.17,0.59,-0.38,64.76,39.73,15.75,FALL,10,AUTO_FALL_LIKE
2026-07-28 11:02:24.498,-0.41,0.61,-0.16,-120.3,23.99,83.25,FALL,10,AUTO_FALL_LIKE
2026-07-28 11:02:24.499,-0.41,0.61,-0.16,-120.3,23.99,83.25,FALL,10,AUTO_FALL_LIKE
2026-07-28 11:02:24.558,-0.44,0.78,-0.03,-65.61,36.62,105.53,FALL,10,AUTO_FALL_LIKE
2026-07-28 11:02:24.558,-0.44,0.78,-0.03,-65.61,36.62,105.53,FALL,10,AUTO_FALL_LIKE
2026-07-28 11:02:24.559,-0.43,0.89,0.0,-4.39,70.37,125.61,FALL,10,AUTO_FALL_LIKE
2026-07-28 11:02:24.618,-0.38,0.91,0.01,-8.79,103.76,158.69,FALL,10,AUTO_FALL_LIKE
2026-07-28 11:02:24.618,-0.38,0.91,0.01,-8.79,103.76,158.69,FALL,10,AUTO_FALL_LIKE
2026-07-28 11:02:24.678,-0.28,0.94,0.01,-23.01,115.42,192.5,FALL,10,AUTO_FALL_LIKE
2026-07-28 11:02:24.678,-0.28,0.94,0.01,-23.01,115.42,192.5,FALL,10,AUTO_FALL_LIKE
2026-07-28 11:02:24.679,-0.1,0.98,0.02,-20.32,98.94,184.39,FALL,10,AUTO_FALL_LIKE
2026-07-28 11:02:24.738,0.1,0.98,0.01,-7.32,60.42,106.75,FALL,10,AUTO_FALL_LIKE
2026-07-28 11:02:24.738,0.1,0.98,0.01,-7.32,60.42,106.75,FALL,10,AUTO_FALL_LIKE
2026-07-28 11:02:24.798,0.21,0.99,0.01,3.17,20.51,16.72,FALL,10,AUTO_FALL_LIKE
2026-07-28 11:02:24.798,0.21,0.99,0.01,3.17,20.51,16.72,FALL,10,AUTO_FALL_LIKE
2026-07-28 11:02:24.799,0.15,0.99,0.01,4.27,13.79,-20.32,FALL,10,AUTO_FALL_LIKE
2026-07-28 11:02:24.858,0.15,0.99,0.01,4.27,13.79,-20.32,FALL,10,AUTO_FALL_LIKE
2026-07-28 11:02:24.858,0.03,0.99,0.02,0.43,31.25,-15.99,FALL,10,AUTO_FALL_LIKE
2026-07-28 11:02:24.859,0.03,0.99,0.02,0.43,31.25,-15.99,FALL,10,AUTO_FALL_LIKE
2026-07-28 11:02:24.918,-0.04,0.98,0.03,-2.62,56.95,-2.87,FALL,10,AUTO_FALL_LIKE
2026-07-28 11:02:24.918,-0.07,0.99,0.07,-2.87,121.64,3.97,FALL,10,AUTO_FALL_LIKE
2026-07-28 11:02:24.919,-0.07,0.99,0.07,-2.87,121.64,3.97,FALL,10,AUTO_FALL_LIKE
2026-07-28 11:02:24.977,-0.03,0.99,0.09,-1.4,141.54,4.03,FALL,10,AUTO_FALL_LIKE
2026-07-28 11:02:24.978,-0.03,0.99,0.09,-1.4,141.54,4.03,FALL,10,AUTO_FALL_LIKE
2026-07-28 11:02:25.038,0.02,0.99,0.06,-0.31,55.97,1.46,FALL,10,AUTO_FALL_LIKE
2026-07-28 11:02:25.038,0.02,0.99,0.06,-0.31,55.97,1.46,FALL,10,AUTO_FALL_LIKE
2026-07-28 11:02:25.039,0.04,0.99,-0.0,0.24,-39.61,-0.49,FALL,10,AUTO_FALL_LIKE
2026-07-28 11:02:25.098,0.04,0.99,-0.05,0.18,-77.51,-0.55,FALL,10,AUTO_FALL_LIKE
2026-07-28 11:02:25.098,0.04,0.99,-0.05,0.18,-77.51,-0.55,FALL,10,AUTO_FALL_LIKE
2026-07-28 11:02:25.158,0.03,0.99,-0.05,-0.24,-58.41,0.31,FALL,10,AUTO_FALL_LIKE
2026-07-28 11:02:25.158,0.03,0.99,-0.05,-0.24,-58.41,0.31,FALL,10,AUTO_FALL_LIKE
2026-07-28 11:02:25.159,0.02,0.99,-0.03,-0.37,-18.86,0.0,FALL,10,AUTO_FALL_LIKE
2026-07-28 11:02:25.218,0.02,0.99,-0.01,-0.31,3.36,-0.55,FALL,10,AUTO_FALL_LIKE
2026-07-28 11:02:25.218,0.02,0.99,-0.01,-0.31,3.36,-0.55,FALL,10,AUTO_FALL_LIKE
2026-07-28 11:02:25.278,0.01,0.99,0.01,-2.44,-2.01,-0.31,FALL,10,AUTO_FALL_LIKE
2026-07-28 11:02:25.278,0.01,0.99,0.01,-2.44,-2.01,-0.31,FALL,10,AUTO_FALL_LIKE
2026-07-28 11:02:25.279,0.02,0.99,-0.0,-5.62,-26.31,-0.24,FALL,10,AUTO_FALL_LIKE
2026-07-28 11:02:25.338,0.02,0.99,-0.0,-5.62,-26.31,-0.24,NO_FALL,,
2026-07-28 11:02:25.338,0.03,0.99,-0.03,-6.23,-42.97,-0.49,NO_FALL,,
2026-07-28 11:02:25.339,0.03,0.99,-0.03,-6.23,-42.97,-0.49,NO_FALL,,
2026-07-28 11:02:25.398,0.03,0.98,-0.01,-11.29,-32.65,-0.31,NO_FALL,,
2026-07-28 11:02:25.398,0.03,0.99,0.02,-4.94,-10.38,0.0,NO_FALL,,
2026-07-28 11:02:25.399,0.03,0.99,0.02,-4.94,-10.38,0.0,NO_FALL,,
2026-07-28 11:02:25.458,0.03,1.0,-0.01,13.92,4.39,0.31,NO_FALL,,
2026-07-28 11:02:25.458,0.03,1.0,-0.01,13.92,4.39,0.31,NO_FALL,,
2026-07-28 11:02:25.518,0.02,0.99,-0.03,16.11,8.61,0.37,NO_FALL,,
2026-07-28 11:02:25.518,0.02,0.99,-0.03,16.11,8.61,0.37,NO_FALL,,
2026-07-28 11:02:25.519,0.02,0.99,-0.02,6.04,6.84,0.0,NO_FALL,,
2026-07-28 11:02:25.578,0.02,0.99,-0.02,-0.98,3.11,-0.06,NO_FALL,,
2026-07-28 11:02:25.579,0.02,0.99,-0.02,-0.98,3.11,-0.06,NO_FALL,,
2026-07-28 11:02:25.579,0.02,0.99,-0.02,-2.26,0.0,0.06,NO_FALL,,
2026-07-28 11:02:25.638,0.02,0.99,-0.02,-2.26,0.0,0.06,NO_FALL,,
2026-07-28 11:02:25.639,0.02,0.99,-0.01,-0.98,-0.98,0.12,NO_FALL,,
2026-07-28 11:02:25.639,0.02,0.99,-0.01,-0.98,-0.98,0.12,NO_FALL,,
2026-07-28 11:02:25.698,0.02,0.99,-0.02,0.12,-0.61,0.12,NO_FALL,,
2026-07-28 11:02:25.698,0.02,0.99,-0.02,0.12,-0.61,0.12,NO_FALL,,
2026-07-28 11:02:25.758,0.02,0.99,-0.02,0.43,-0.12,0.12,NO_FALL,,
2026-07-28 11:02:25.758,0.02,0.99,-0.02,0.43,-0.12,0.12,NO_FALL,,
2026-07-28 11:02:25.759,0.02,0.99,-0.02,0.31,0.06,0.12,NO_FALL,,
2026-07-28 11:02:25.818,0.02,0.99,-0.02,0.12,0.06,0.18,NO_FALL,,
2026-07-28 11:02:25.818,0.02,0.99,-0.02,0.12,0.06,0.18,NO_FALL,,
2026-07-28 11:02:25.819,0.02,0.99,-0.02,0.06,-0.06,0.18,NO_FALL,,
2026-07-28 11:02:25.878,0.02,0.99,-0.02,0.06,-0.06,0.18,NO_FALL,,
2026-07-28 11:02:25.878,0.02,0.99,-0.02,0.06,-0.06,0.12,NO_FALL,,
2026-07-28 11:02:25.938,0.02,0.99,-0.02,0.06,-0.06,0.12,NO_FALL,,
2026-07-28 11:02:25.938,0.02,0.99,-0.02,0.12,-0.06,0.12,NO_FALL,,
2026-07-28 11:02:25.939,0.02,0.99,-0.02,0.12,-0.06,0.12,NO_FALL,,
2026-07-28 11:02:25.998,0.02,0.99,-0.02,0.12,-0.06,0.18,NO_FALL,,
2026-07-28 11:02:25.998,0.02,0.99,-0.02,0.12,-0.06,0.12,NO_FALL,,
2026-07-28 11:02:25.999,0.02,0.99,-0.02,0.12,-0.06,0.12,NO_FALL,,
2026-07-28 11:02:26.058,0.02,0.99,-0.02,0.12,-0.06,0.12,NO_FALL,,
2026-07-28 11:02:26.059,0.02,0.99,-0.02,0.12,-0.06,0.12,NO_FALL,,
2026-07-28 11:02:26.059,0.02,0.99,-0.02,0.12,-0.06,0.12,NO_FALL,,
2026-07-28 11:02:26.117,0.02,0.99,-0.02,0.12,-0.06,0.12,NO_FALL,,
2026-07-28 11:02:26.118,0.02,0.99,-0.02,0.12,-0.06,0.18,NO_FALL,,
2026-07-28 11:02:26.177,0.02,0.99,-0.02,0.12,-0.06,0.18,NO_FALL,,
2026-07-28 11:02:26.178,0.02,0.99,-0.02,0.12,-0.06,0.18,NO_FALL,,
2026-07-28 11:02:26.179,0.02,0.99,-0.02,0.12,-0.06,0.18,NO_FALL,,
2026-07-28 11:02:26.238,0.02,0.99,-0.02,0.12,-0.06,0.18,NO_FALL,,
2026-07-28 11:02:26.238,0.02,0.99,-0.02,0.12,-0.06,0.18,NO_FALL,,
2026-07-28 11:02:26.239,0.02,0.99,-0.02,0.12,-0.06,0.18,NO_FALL,,
2026-07-28 11:02:26.297,0.02,0.99,-0.02,0.12,-0.06,0.12,NO_FALL,,
2026-07-28 11:02:26.298,0.02,0.99,-0.02,0.12,-0.06,0.12,NO_FALL,,
2026-07-28 11:02:26.358,0.02,0.99,-0.02,0.12,0.0,0.12,NO_FALL,,
2026-07-28 11:02:26.358,0.02,0.99,-0.02,0.12,0.0,0.12,NO_FALL,,
2026-07-28 11:02:26.359,0.02,0.99,-0.02,0.12,0.0,0.18,NO_FALL,,
2026-07-28 11:02:26.418,0.02,0.99,-0.02,0.12,0.0,0.18,NO_FALL,,
2026-07-28 11:02:26.418,0.02,0.99,-0.02,0.12,-0.06,0.18,NO_FALL,,
2026-07-28 11:02:26.419,0.02,0.99,-0.02,0.12,-0.06,0.12,NO_FALL,,
2026-07-28 11:02:26.478,0.02,0.99,-0.02,0.12,-0.06,0.12,NO_FALL,,
2026-07-28 11:02:26.478,0.02,0.99,-0.02,0.06,-0.06,0.12,NO_FALL,,
2026-07-28 11:02:26.478,0.02,0.99,-0.02,0.06,-0.06,0.12,NO_FALL,,
2026-07-28 11:02:26.537,0.02,0.99,-0.02,0.12,-0.06,0.12,NO_FALL,,
2026-07-28 11:02:26.538,0.02,0.99,-0.02,0.12,-0.06,0.12,NO_FALL,,
2026-07-28 11:02:26.598,0.02,0.99,-0.02,0.12,-0.06,0.18,NO_FALL,,
2026-07-28 11:02:26.598,0.02,0.99,-0.02,0.12,-0.06,0.18,NO_FALL,,
2026-07-28 11:02:26.599,0.02,0.99,-0.02,0.12,-0.06,0.18,NO_FALL,,
2026-07-28 11:02:26.658,0.02,0.99,-0.02,0.12,-0.06,0.18,NO_FALL,,
2026-07-28 11:02:26.658,0.02,0.99,-0.02,0.12,-0.06,0.18,NO_FALL,,
2026-07-28 11:02:26.659,0.02,0.99,-0.02,0.12,-0.06,0.12,NO_FALL,,
2026-07-28 11:02:26.718,0.02,0.99,-0.02,0.12,-0.06,0.12,NO_FALL,,
2026-07-28 11:02:26.718,0.02,0.99,-0.02,0.12,-0.06,0.12,NO_FALL,,
2026-07-28 11:02:26.718,0.02,0.99,-0.02,0.12,-0.06,0.12,NO_FALL,,
2026-07-28 11:02:26.777,0.02,0.99,-0.02,0.12,-0.06,0.12,NO_FALL,,
2026-07-28 11:02:26.778,0.02,0.99,-0.02,0.12,-0.06,0.12,NO_FALL,,
2026-07-28 11:02:26.838,0.02,0.99,-0.02,0.12,0.0,0.12,NO_FALL,,
2026-07-28 11:02:26.838,0.02,0.99,-0.02,0.12,0.0,0.12,NO_FALL,,
2026-07-28 11:02:26.839,0.02,0.99,-0.02,0.06,0.0,0.12,NO_FALL,,
2026-07-28 11:02:26.898,0.02,0.99,-0.02,0.06,0.0,0.12,NO_FALL,,
2026-07-28 11:02:26.898,0.02,0.99,-0.02,0.06,0.0,0.12,NO_FALL,,
2026-07-28 11:02:26.898,0.02,0.99,-0.02,0.06,-0.06,0.12,NO_FALL,,
2026-07-28 11:02:26.957,0.02,0.99,-0.02,0.06,-0.06,0.12,NO_FALL,,
2026-07-28 11:02:26.958,0.02,0.99,-0.02,0.12,-0.06,0.12,NO_FALL,,
2026-07-28 11:02:26.958,0.02,0.99,-0.02,0.12,-0.06,0.12,NO_FALL,,
2026-07-28 11:02:27.019,0.02,0.99,-0.02,0.12,-0.06,0.12,NO_FALL,,
2026-07-28 11:02:27.020,0.02,0.99,-0.02,0.12,-0.06,0.12,NO_FALL,,
2026-07-28 11:02:27.078,0.02,0.99,-0.02,0.12,-0.06,0.12,FALL,11,AUTO_FALL_LIKE
2026-07-28 11:02:27.078,0.02,0.99,-0.02,0.12,-0.06,0.12,FALL,11,AUTO_FALL_LIKE
2026-07-28 11:02:27.078,0.02,0.99,-0.02,0.12,-0.06,0.12,FALL,11,AUTO_FALL_LIKE
2026-07-28 11:02:27.138,0.02,0.99,-0.02,0.06,-0.06,0.12,FALL,11,AUTO_FALL_LIKE
2026-07-28 11:02:27.139,0.02,0.99,-0.02,0.06,-0.06,0.12,FALL,11,AUTO_FALL_LIKE
2026-07-28 11:02:27.140,0.02,0.99,-0.02,0.06,-0.06,0.18,FALL,11,AUTO_FALL_LIKE
2026-07-28 11:02:27.197,0.02,0.99,-0.02,0.06,-0.06,0.18,FALL,11,AUTO_FALL_LIKE
2026-07-28 11:02:27.198,0.02,0.99,-0.02,0.06,-0.06,0.18,FALL,11,AUTO_FALL_LIKE
2026-07-28 11:02:27.198,0.02,0.99,-0.02,0.06,-0.06,0.18,FALL,11,AUTO_FALL_LIKE
2026-07-28 11:02:27.258,0.02,0.99,-0.02,0.12,-0.06,0.12,FALL,11,AUTO_FALL_LIKE
2026-07-28 11:02:27.258,0.02,0.99,-0.02,0.12,-0.06,0.12,FALL,11,AUTO_FALL_LIKE
2026-07-28 11:02:27.317,0.02,0.99,-0.02,0.12,-0.06,0.12,FALL,11,AUTO_FALL_LIKE
2026-07-28 11:02:27.318,0.02,0.99,-0.02,0.12,-0.06,0.12,FALL,11,AUTO_FALL_LIKE
2026-07-28 11:02:27.318,0.02,0.99,-0.02,0.12,-0.06,0.12,FALL,11,AUTO_FALL_LIKE
2026-07-28 11:02:27.378,0.02,0.99,-0.02,0.12,-0.06,0.12,FALL,11,AUTO_FALL_LIKE
2026-07-28 11:02:27.378,0.02,0.99,-0.02,0.12,-0.06,0.12,FALL,11,AUTO_FALL_LIKE
2026-07-28 11:02:27.378,0.02,0.99,-0.02,0.12,-0.06,0.12,FALL,11,AUTO_FALL_LIKE
2026-07-28 11:02:27.438,0.02,0.99,-0.02,0.12,-0.06,0.12,FALL,11,AUTO_FALL_LIKE
2026-07-28 11:02:27.438,0.02,0.99,-0.02,0.12,0.0,0.12,FALL,11,AUTO_FALL_LIKE
2026-07-28 11:02:27.439,0.02,0.99,-0.02,0.12,0.0,0.12,FALL,11,AUTO_FALL_LIKE
2026-07-28 11:02:27.498,0.03,0.99,-0.02,0.06,0.0,0.12,FALL,11,AUTO_FALL_LIKE
2026-07-28 11:02:27.498,0.02,0.99,-0.02,-0.18,-0.37,0.61,FALL,11,AUTO_FALL_LIKE
2026-07-28 11:02:27.558,0.02,0.99,-0.02,-0.18,-0.37,0.61,FALL,11,AUTO_FALL_LIKE
2026-07-28 11:02:27.558,0.03,0.99,-0.01,-1.04,-2.81,2.38,FALL,11,AUTO_FALL_LIKE
2026-07-28 11:02:27.559,0.03,0.99,-0.01,-1.04,-2.81,2.38,FALL,11,AUTO_FALL_LIKE
2026-07-28 11:02:27.618,0.04,0.99,-0.02,-0.55,-1.65,1.4,FALL,11,AUTO_FALL_LIKE
2026-07-28 11:02:27.618,0.04,0.99,-0.02,-0.55,-1.65,1.4,FALL,11,AUTO_FALL_LIKE
2026-07-28 11:02:27.619,0.0,0.99,-0.04,0.85,31.19,-1.46,FALL,11,AUTO_FALL_LIKE
2026-07-28 11:02:27.678,0.0,0.99,-0.04,0.85,31.19,-1.46,FALL,11,AUTO_FALL_LIKE
2026-07-28 11:02:27.678,-0.06,0.99,-0.02,0.31,120.18,-0.67,FALL,11,AUTO_FALL_LIKE
2026-07-28 11:02:27.738,0.02,1.02,0.01,-0.49,174.32,0.85,FALL,11,AUTO_FALL_LIKE
2026-07-28 11:02:27.738,0.02,1.02,0.01,-0.49,174.32,0.85,FALL,11,AUTO_FALL_LIKE
2026-07-28 11:02:27.739,-0.02,1.01,0.01,1.59,111.57,-12.45,FALL,11,AUTO_FALL_LIKE
2026-07-28 11:02:27.797,-0.02,1.01,0.01,1.59,111.57,-12.45,FALL,11,AUTO_FALL_LIKE
2026-07-28 11:02:27.798,-0.17,1.02,0.06,-1.22,67.87,-44.74,FALL,11,AUTO_FALL_LIKE
2026-07-28 11:02:27.799,-0.17,1.02,0.06,-1.22,67.87,-44.74,FALL,11,AUTO_FALL_LIKE
2026-07-28 11:02:27.858,-0.31,1.06,0.12,-17.82,141.05,-101.5,FALL,11,AUTO_FALL_LIKE
2026-07-28 11:02:27.858,-0.7,0.94,0.15,-81.91,224.61,-222.66,FALL,11,AUTO_FALL_LIKE
2026-07-28 11:02:27.918,-0.7,0.94,0.15,-81.91,224.61,-222.66,FALL,11,AUTO_FALL_LIKE
2026-07-28 11:02:27.918,-1.3,0.54,0.19,-286.74,259.46,-400.09,FALL,11,AUTO_FALL_LIKE
2026-07-28 11:02:27.919,-1.3,0.54,0.19,-286.74,259.46,-400.09,FALL,11,AUTO_FALL_LIKE
2026-07-28 11:02:27.978,-1.74,0.1,0.27,-511.11,342.1,-480.77,FALL,11,AUTO_FALL_LIKE
2026-07-28 11:02:27.978,-1.74,0.1,0.27,-511.11,342.1,-480.77,FALL,11,AUTO_FALL_LIKE
2026-07-28 11:02:28.038,-1.88,-0.04,0.32,-370.54,438.23,-364.14,FALL,11,AUTO_FALL_LIKE
2026-07-28 11:02:28.038,-1.83,0.02,0.3,-2.69,382.63,-198.73,FALL,11,AUTO_FALL_LIKE
2026-07-28 11:02:28.039,-1.83,0.02,0.3,-2.69,382.63,-198.73,FALL,11,AUTO_FALL_LIKE
2026-07-28 11:02:28.098,-1.48,0.07,0.3,195.98,185.67,-130.13,FALL,11,AUTO_FALL_LIKE
2026-07-28 11:02:28.098,-1.48,0.07,0.3,195.98,185.67,-130.13,FALL,11,AUTO_FALL_LIKE
2026-07-28 11:02:28.099,-1.0,0.08,0.28,231.38,-59.88,-123.78,FALL,11,AUTO_FALL_LIKE
2026-07-28 11:02:28.158,-0.84,0.08,0.17,198.49,-293.88,-100.52,FALL,11,AUTO_FALL_LIKE
2026-07-28 11:02:28.158,-0.84,0.08,0.17,198.49,-293.88,-100.52,FALL,11,AUTO_FALL_LIKE
2026-07-28 11:02:28.217,-0.85,0.06,0.07,152.59,-432.07,-37.84,FALL,11,AUTO_FALL_LIKE
2026-07-28 11:02:28.218,-0.85,0.06,0.07,152.59,-432.07,-37.84,FALL,11,AUTO_FALL_LIKE
2026-07-28 11:02:28.219,-0.74,0.04,0.02,104.19,-419.25,27.53,FALL,11,AUTO_FALL_LIKE
2026-07-28 11:02:28.278,-0.74,0.04,0.02,50.11,-296.45,56.09,FALL,11,AUTO_FALL_LIKE
2026-07-28 11:02:28.279,-0.52,-0.0,0.04,50.11,-296.45,56.09,FALL,11,AUTO_FALL_LIKE
2026-07-28 11:02:28.338,-0.39,-0.03,0.09,19.47,-142.21,52.37,FALL,11,AUTO_FALL_LIKE
2026-07-28 11:02:28.339,-0.39,-0.03,0.09,19.47,-142.21,52.37,FALL,11,AUTO_FALL_LIKE
2026-07-28 11:02:28.339,-0.38,-0.05,0.16,11.05,9.28,32.53,FALL,11,AUTO_FALL_LIKE
2026-07-28 11:02:28.398,-0.38,-0.05,0.16,11.05,9.28,32.53,FALL,11,AUTO_FALL_LIKE
2026-07-28 11:02:28.398,-0.48,0.08,0.33,-0.61,141.6,1.59,FALL,11,AUTO_FALL_LIKE
2026-07-28 11:02:28.399,-0.48,0.08,0.33,5.49,216.13,-14.59,FALL,11,AUTO_FALL_LIKE
2026-07-28 11:02:28.458,-0.74,0.12,0.56,5.49,216.13,-14.59,FALL,11,AUTO_FALL_LIKE
2026-07-28 11:02:28.458,-0.95,-0.11,0.73,35.34,200.5,-19.47,FALL,11,AUTO_FALL_LIKE
2026-07-28 11:02:28.517,-0.95,-0.11,0.73,35.34,200.5,-19.47,FALL,11,AUTO_FALL_LIKE
2026-07-28 11:02:28.518,-0.9,-0.27,0.67,57.37,97.53,-65.98,FALL,11,AUTO_FALL_LIKE
2026-07-28 11:02:28.519,-0.9,-0.27,0.67,57.37,97.53,-65.98,FALL,11,AUTO_FALL_LIKE
2026-07-28 11:02:28.638,-0.78,-0.2,0.51,54.02,-30.46,-135.5,FALL,11,AUTO_FALL_LIKE
2026-07-28 11:02:28.638,-0.79,-0.02,0.63,40.65,-111.82,-137.08,FALL,11,AUTO_FALL_LIKE
2026-07-28 11:02:28.639,-0.79,-0.02,0.63,40.65,-111.82,-137.08,FALL,11,AUTO_FALL_LIKE
2026-07-28 11:02:28.640,-0.76,0.0,0.8,28.32,-150.51,-80.75,FALL,11,AUTO_FALL_LIKE
2026-07-28 11:02:28.640,-0.76,0.0,0.8,28.32,-150.51,-80.75,FALL,11,AUTO_FALL_LIKE
2026-07-28 11:02:28.698,-0.61,-0.19,0.81,25.02,-188.66,-39.25,FALL,11,AUTO_FALL_LIKE
2026-07-28 11:02:28.698,-0.61,-0.19,0.81,25.02,-188.66,-39.25,FALL,11,AUTO_FALL_LIKE
2026-07-28 11:02:28.699,-0.53,-0.3,0.89,65.73,-228.52,-4.94,FALL,11,AUTO_FALL_LIKE
2026-07-28 11:02:28.757,-0.49,-0.28,0.97,100.22,-242.19,31.49,FALL,11,AUTO_FALL_LIKE
2026-07-28 11:02:28.758,-0.49,-0.28,0.97,100.22,-242.19,31.49,FALL,11,AUTO_FALL_LIKE
2026-07-28 11:02:28.818,-0.41,-0.26,0.83,35.1,-224.85,27.65,FALL,11,AUTO_FALL_LIKE
2026-07-28 11:02:28.818,-0.41,-0.26,0.83,35.1,-224.85,27.65,FALL,11,AUTO_FALL_LIKE
2026-07-28 11:02:28.819,-0.3,-0.25,0.69,-44.86,-168.27,-10.38,FALL,11,AUTO_FALL_LIKE
2026-07-28 11:02:28.878,-0.18,-0.14,0.7,-11.47,-93.44,-21.91,FALL,11,AUTO_FALL_LIKE
2026-07-28 11:02:28.878,-0.18,-0.14,0.7,-11.47,-93.44,-21.91,FALL,11,AUTO_FALL_LIKE
2026-07-28 11:02:28.938,-0.11,-0.05,0.8,63.35,-49.44,-2.5,FALL,11,AUTO_FALL_LIKE
2026-07-28 11:02:28.938,-0.11,-0.05,0.8,63.35,-49.44,-2.5,FALL,11,AUTO_FALL_LIKE
2026-07-28 11:02:28.939,-0.12,-0.06,0.97,76.11,-27.89,10.99,FALL,11,AUTO_FALL_LIKE
2026-07-28 11:02:28.998,-0.12,-0.06,0.97,76.11,-27.89,10.99,FALL,11,AUTO_FALL_LIKE
2026-07-28 11:02:28.998,-0.15,-0.11,1.08,51.27,-14.71,9.7,FALL,11,AUTO_FALL_LIKE
2026-07-28 11:02:29.000,-0.15,-0.11,1.08,31.62,-10.01,5.86,FALL,11,AUTO_FALL_LIKE
2026-07-28 11:02:29.058,-0.16,-0.13,1.11,31.62,-10.01,5.86,FALL,11,AUTO_FALL_LIKE
2026-07-28 11:02:29.058,-0.19,-0.15,1.06,16.91,-0.67,7.75,FALL,11,AUTO_FALL_LIKE
2026-07-28 11:02:29.117,-0.19,-0.15,1.06,16.91,-0.67,7.75,FALL,11,AUTO_FALL_LIKE
2026-07-28 11:02:29.118,-0.19,-0.11,1.01,1.28,12.7,6.35,FALL,11,AUTO_FALL_LIKE
2026-07-28 11:02:29.119,-0.19,-0.11,1.01,1.28,12.7,6.35,FALL,11,AUTO_FALL_LIKE
2026-07-28 11:02:29.178,-0.13,-0.06,0.97,-18.25,14.65,-7.32,FALL,11,AUTO_FALL_LIKE
2026-07-28 11:02:29.178,-0.07,-0.04,0.94,-34.73,8.79,-18.25,FALL,11,AUTO_FALL_LIKE
2026-07-28 11:02:29.179,-0.07,-0.04,0.94,-34.73,8.79,-18.25,FALL,11,AUTO_FALL_LIKE
2026-07-28 11:02:29.238,-0.06,-0.06,0.98,-28.26,6.84,-15.56,FALL,11,AUTO_FALL_LIKE
2026-07-28 11:02:29.238,-0.06,-0.06,0.98,-28.26,6.84,-15.56,FALL,11,AUTO_FALL_LIKE
2026-07-28 11:02:29.298,-0.08,-0.14,1.04,-10.56,6.47,-11.72,FALL,11,AUTO_FALL_LIKE
2026-07-28 11:02:29.298,-0.08,-0.14,1.04,-10.56,6.47,-11.72,FALL,11,AUTO_FALL_LIKE
2026-07-28 11:02:29.299,-0.14,-0.18,1.01,-10.74,5.49,-16.24,FALL,11,AUTO_FALL_LIKE
2026-07-28 11:02:29.358,-0.14,-0.18,1.01,-25.39,0.73,-25.15,FALL,11,AUTO_FALL_LIKE
2026-07-28 11:02:29.358,0.04,0.02,1.06,-25.39,0.73,-25.15,FALL,11,AUTO_FALL_LIKE
2026-07-28 11:02:29.418,0.57,0.22,1.16,-42.48,5.07,-59.81,FALL,11,AUTO_FALL_LIKE
2026-07-28 11:02:29.418,0.57,0.22,1.16,-42.48,5.07,-59.81,FALL,11,AUTO_FALL_LIKE
2026-07-28 11:02:29.419,0.41,-0.25,0.88,-47.85,32.65,-129.88,FALL,11,AUTO_FALL_LIKE
2026-07-28 11:02:29.477,0.41,-0.25,0.88,-47.85,32.65,-129.88,FALL,11,AUTO_FALL_LIKE
2026-07-28 11:02:29.478,-0.77,-0.99,0.61,-29.6,30.46,-139.95,FALL,11,AUTO_FALL_LIKE
2026-07-28 11:02:29.479,-0.77,-0.99,0.61,-29.6,30.46,-139.95,FALL,11,AUTO_FALL_LIKE
2026-07-28 11:02:29.538,-1.3,-0.97,0.92,-21.12,-21.85,-14.04,FALL,11,AUTO_FALL_LIKE
2026-07-28 11:02:29.539,-0.51,-0.32,1.36,-41.75,-45.84,117.07,NO_FALL,,
2026-07-28 11:02:29.539,-0.51,-0.32,1.36,-41.75,-45.84,117.07,NO_FALL,,
2026-07-28 11:02:29.597,0.35,0.01,1.28,-69.64,13.18,108.34,NO_FALL,,
2026-07-28 11:02:29.598,0.35,0.01,1.28,-69.64,13.18,108.34,NO_FALL,,
2026-07-28 11:02:29.658,0.46,-0.12,0.89,-93.02,93.87,37.84,NO_FALL,,
2026-07-28 11:02:29.658,0.13,-0.38,0.72,-100.59,109.68,0.79,NO_FALL,,
2026-07-28 11:02:29.659,0.13,-0.38,0.72,-100.59,109.68,0.79,NO_FALL,,
2026-07-28 11:02:29.718,-0.17,-0.55,0.78,-60.55,65.49,-23.44,NO_FALL,,
2026-07-28 11:02:29.718,-0.17,-0.55,0.78,-60.55,65.49,-23.44,NO_FALL,,
2026-07-28 11:02:29.779,-0.29,-0.6,0.87,25.21,1.89,-52.12,NO_FALL,,
2026-07-28 11:02:29.779,-0.29,-0.6,0.87,25.21,1.89,-52.12,NO_FALL,,
2026-07-28 11:02:29.779,-0.28,-0.54,0.9,92.65,-43.64,-49.01,NO_FALL,,
2026-07-28 11:02:29.837,-0.23,-0.36,0.88,141.11,-61.22,1.53,NO_FALL,,
2026-07-28 11:02:29.838,-0.23,-0.36,0.88,141.11,-61.22,1.53,NO_FALL,,
2026-07-28 11:02:29.898,-0.15,-0.12,0.93,234.62,-76.84,44.37,NO_FALL,,
2026-07-28 11:02:29.898,-0.15,-0.12,0.93,234.62,-76.84,44.37,NO_FALL,,
2026-07-28 11:02:29.899,-0.06,0.17,1.03,371.95,-90.7,31.07,NO_FALL,,
2026-07-28 11:02:29.958,-0.06,0.17,1.03,371.95,-90.7,31.07,NO_FALL,,
2026-07-28 11:02:29.958,-0.03,0.47,0.89,457.03,-71.29,-17.27,NO_FALL,,
2026-07-28 11:02:29.959,-0.0,0.72,0.62,424.13,-57.37,-40.28,NO_FALL,,
2026-07-28 11:02:30.018,-0.0,0.72,0.62,424.13,-57.37,-40.28,NO_FALL,,
2026-07-28 11:02:30.018,0.09,0.91,0.5,326.48,-110.78,-21.42,NO_FALL,,
2026-07-28 11:02:30.078,0.09,0.91,0.5,326.48,-110.78,-21.42,NO_FALL,,
2026-07-28 11:02:30.078,0.2,1.0,0.43,240.23,-171.45,-7.45,NO_FALL,,
2026-07-28 11:02:30.079,0.2,1.0,0.43,240.23,-171.45,-7.45,NO_FALL,,
2026-07-28 11:02:30.137,0.18,0.91,0.29,190.98,-175.6,-25.09,NO_FALL,,
2026-07-28 11:02:30.138,0.12,0.84,0.14,144.78,-124.69,-42.48,NO_FALL,,
2026-07-28 11:02:30.139,0.12,0.84,0.14,144.78,-124.69,-42.48,NO_FALL,,
2026-07-28 11:02:30.197,0.12,0.91,0.06,80.51,-50.23,-34.3,NO_FALL,,
2026-07-28 11:02:30.198,0.12,0.91,0.06,80.51,-50.23,-34.3,NO_FALL,,
2026-07-28 11:02:30.258,0.13,1.0,0.05,26.43,1.16,-23.44,NO_FALL,,
2026-07-28 11:02:30.258,0.13,1.0,0.05,-0.61,19.29,-23.32,NO_FALL,,
2026-07-28 11:02:30.259,0.09,0.97,0.05,-0.61,19.29,-23.32,NO_FALL,,
2026-07-28 11:02:30.318,0.07,0.95,0.05,-14.1,20.51,-23.5,NO_FALL,,
2026-07-28 11:02:30.318,0.07,0.95,0.05,-14.1,20.51,-23.5,NO_FALL,,
2026-07-28 11:02:30.378,0.07,0.96,0.08,-23.8,12.57,-32.04,NO_FALL,,
2026-07-28 11:02:30.378,0.07,0.96,0.08,-23.8,12.57,-32.04,NO_FALL,,
2026-07-28 11:02:30.378,-0.01,0.9,0.13,-19.47,-6.41,-41.44,NO_FALL,,
2026-07-28 11:02:30.438,-0.01,0.9,0.13,-19.47,-6.41,-41.44,NO_FALL,,
2026-07-28 11:02:30.438,-0.01,0.9,0.13,-19.47,-6.41,-41.44,NO_FALL,,
2026-07-28 11:02:30.438,-0.01,0.9,0.13,-19.47,-6.41,-41.44,NO_FALL,,
2026-07-28 11:02:30.498,0.02,1.01,0.18,-7.93,-12.15,2.62,NO_FALL,,
2026-07-28 11:02:30.498,0.02,1.01,0.18,-7.93,-12.15,2.62,NO_FALL,,
2026-07-28 11:02:30.499,0.09,1.06,0.2,-46.94,-28.02,-39.25,NO_FALL,,
2026-07-28 11:02:30.557,-0.06,0.9,0.3,-103.03,-93.57,-139.71,NO_FALL,,
2026-07-28 11:02:30.558,-0.06,0.9,0.3,-103.03,-93.57,-139.71,NO_FALL,,
2026-07-28 11:02:30.618,-0.24,0.75,0.36,-91.8,-142.46,-159.24,NO_FALL,,
2026-07-28 11:02:30.618,-0.24,0.75,0.36,-91.8,-142.46,-159.24,NO_FALL,,
2026-07-28 11:02:30.619,-0.16,0.85,0.43,-14.53,-127.87,-63.96,NO_FALL,,
2026-07-28 11:02:30.678,-0.16,0.85,0.43,-62.19,-78.12,-31.68,NO_FALL,,
2026-07-28 11:02:30.678,-0.08,0.91,0.53,-62.19,-78.12,-31.68,NO_FALL,,
2026-07-28 11:02:30.679,-0.24,0.78,0.59,-233.52,-52.37,-108.52,NO_FALL,,
2026-07-28 11:02:30.738,-0.24,0.78,0.59,-233.52,-52.37,-108.52,NO_FALL,,
2026-07-28 11:02:30.738,-0.3,0.7,0.69,-221.19,-59.63,-129.64,NO_FALL,,
2026-07-28 11:02:30.798,-0.3,0.7,0.69,-221.19,-59.63,-129.64,NO_FALL,,
2026-07-28 11:02:30.798,-0.25,0.65,0.76,-35.95,-49.26,-79.04,NO_FALL,,
2026-07-28 11:02:30.799,-0.3,0.67,0.73,49.93,-7.2,-53.47,NO_FALL,,
2026-07-28 11:02:30.858,-0.3,0.67,0.73,49.93,-7.2,-53.47,NO_FALL,,
2026-07-28 11:02:30.858,-0.36,0.66,0.65,50.11,17.03,-43.76,NO_FALL,,
2026-07-28 11:02:30.859,-0.36,0.66,0.65,50.11,17.03,-43.76,NO_FALL,,
2026-07-28 11:02:30.918,-0.35,0.64,0.59,65.67,-9.03,-23.01,NO_FALL,,
2026-07-28 11:02:30.918,-0.35,0.64,0.59,65.67,-9.03,-23.01,NO_FALL,,
2026-07-28 11:02:30.978,-0.32,0.73,0.55,70.07,-46.81,-4.15,NO_FALL,,
2026-07-28 11:02:30.978,-0.26,0.8,0.55,66.28,-65.49,7.02,NO_FALL,,
2026-07-28 11:02:30.979,-0.26,0.8,0.55,66.28,-65.49,7.02,NO_FALL,,
2026-07-28 11:02:31.038,-0.17,0.79,0.62,61.58,-60.91,13.85,NO_FALL,,
2026-07-28 11:02:31.039,-0.17,0.79,0.62,61.58,-60.91,13.85,NO_FALL,,
2026-07-28 11:02:31.098,-0.16,0.77,0.63,16.66,-31.01,11.11,NO_FALL,,
2026-07-28 11:02:31.099,-0.16,0.77,0.63,16.66,-31.01,11.11,NO_FALL,,
2026-07-28 11:02:31.099,-0.23,0.7,0.62,-49.38,2.44,10.07,NO_FALL,,
2026-07-28 11:02:31.158,-0.25,0.66,0.64,-80.38,15.5,42.42,NO_FALL,,
2026-07-28 11:02:31.158,-0.25,0.66,0.64,-80.38,15.5,42.42,NO_FALL,,
2026-07-28 11:02:31.218,-0.17,0.66,0.66,-67.81,14.4,83.19,NO_FALL,,
2026-07-28 11:02:31.218,-0.17,0.66,0.66,-67.81,14.4,83.19,NO_FALL,,
2026-07-28 11:02:31.219,-0.09,0.66,0.67,-34.67,12.51,77.39,NO_FALL,,
2026-07-28 11:02:31.278,-0.07,0.69,0.73,0.85,17.09,44.31,NO_FALL,,
2026-07-28 11:02:31.279,-0.07,0.69,0.73,0.85,17.09,44.31,NO_FALL,,
2026-07-28 11:02:31.279,-0.06,0.76,0.72,36.07,33.45,26.86,NO_FALL,,
2026-07-28 11:02:31.338,-0.06,0.76,0.72,36.07,33.45,26.86,NO_FALL,,
2026-07-28 11:02:31.338,-0.11,0.8,0.66,52.25,36.01,3.97,NO_FALL,,
2026-07-28 11:02:31.339,-0.11,0.8,0.66,52.25,36.01,3.97,NO_FALL,,
2026-07-28 11:02:31.398,-0.17,0.75,0.63,36.38,20.08,-8.61,NO_FALL,,
2026-07-28 11:02:31.398,-0.16,0.72,0.6,18.01,19.41,19.65,NO_FALL,,
2026-07-28 11:02:31.458,-0.16,0.72,0.6,18.01,19.41,19.65,NO_FALL,,
2026-07-28 11:02:31.459,-0.12,0.73,0.58,9.77,24.84,44.68,NO_FALL,,
2026-07-28 11:02:31.459,-0.12,0.73,0.58,9.77,24.84,44.68,NO_FALL,,
2026-07-28 11:02:31.518,-0.06,0.78,0.55,5.31,25.33,55.91,NO_FALL,,
2026-07-28 11:02:31.518,-0.06,0.78,0.55,5.31,25.33,55.91,NO_FALL,,
2026-07-28 11:02:31.579,0.0,0.86,0.53,3.85,17.4,60.06,NO_FALL,,
2026-07-28 11:02:31.579,-0.02,0.84,0.56,-8.85,7.75,48.58,NO_FALL,,
2026-07-28 11:02:31.579,-0.02,0.84,0.56,-8.85,7.75,48.58,NO_FALL,,
2026-07-28 11:02:31.638,-0.06,0.74,0.58,-30.88,8.97,41.69,NO_FALL,,
2026-07-28 11:02:31.638,-0.06,0.74,0.58,-30.88,8.97,41.69,NO_FALL,,
2026-07-28 11:02:31.639,-0.05,0.69,0.59,-37.35,7.63,43.27,NO_FALL,,
2026-07-28 11:02:31.698,-0.05,0.69,0.59,-37.35,7.63,43.27,NO_FALL,,
2026-07-28 11:02:31.698,0.02,0.75,0.58,-10.31,-1.83,43.88,NO_FALL,,
2026-07-28 11:02:31.758,0.02,0.75,0.58,35.03,-9.4,42.79,NO_FALL,,
2026-07-28 11:02:31.758,0.11,0.82,0.58,35.03,-9.4,42.79,NO_FALL,,
2026-07-28 11:02:31.759,0.12,0.85,0.64,20.75,7.63,37.23,NO_FALL,,
2026-07-28 11:02:31.818,0.12,0.85,0.64,20.75,7.63,37.23,NO_FALL,,
2026-07-28 11:02:31.818,0.05,0.79,0.67,-65.67,37.66,45.96,NO_FALL,,
2026-07-28 11:02:31.819,0.05,0.79,0.67,-65.67,37.66,45.96,NO_FALL,,
2026-07-28 11:02:31.878,0.03,0.69,0.66,-97.23,28.63,67.5,NO_FALL,,
2026-07-28 11:02:31.878,0.03,0.69,0.66,-97.23,28.63,67.5,NO_FALL,,
2026-07-28 11:02:31.938,0.13,0.74,0.63,-18.31,-20.08,61.22,NO_FALL,,
2026-07-28 11:02:31.938,0.22,0.79,0.65,33.51,-53.89,28.14,NO_FALL,,
2026-07-28 11:02:31.939,0.22,0.79,0.65,33.51,-53.89,28.14,NO_FALL,,
2026-07-28 11:02:31.998,0.22,0.69,0.75,-38.02,-43.52,7.57,NO_FALL,,
2026-07-28 11:02:31.998,0.22,0.69,0.75,-38.02,-43.52,7.57,NO_FALL,,
2026-07-28 11:02:31.999,0.2,0.6,0.82,-107.91,-13.49,6.29,NO_FALL,,
2026-07-28 11:02:32.058,0.2,0.6,0.82,-76.6,-6.23,3.91,NO_FALL,,
2026-07-28 11:02:32.058,0.2,0.58,0.81,-76.6,-6.23,3.91,NO_FALL,,
2026-07-28 11:02:32.118,0.21,0.59,0.77,-11.35,-11.84,-3.54,NO_FALL,,
2026-07-28 11:02:32.118,0.21,0.59,0.77,-11.35,-11.84,-3.54,NO_FALL,,
2026-07-28 11:02:32.119,0.2,0.61,0.77,25.02,10.8,-10.01,NO_FALL,,
2026-07-28 11:02:32.177,0.2,0.61,0.77,25.02,10.8,-10.01,NO_FALL,,
2026-07-28 11:02:32.178,0.15,0.64,0.8,31.49,51.82,-15.56,NO_FALL,,
2026-07-28 11:02:32.179,0.15,0.64,0.8,31.49,51.82,-15.56,NO_FALL,,
2026-07-28 11:02:32.238,0.1,0.67,0.79,17.88,66.53,-18.86,NO_FALL,,
2026-07-28 11:02:32.238,0.07,0.64,0.77,-8.42,45.78,-18.62,NO_FALL,,
2026-07-28 11:02:32.297,0.07,0.64,0.77,-8.42,45.78,-18.62,NO_FALL,,
2026-07-28 11:02:32.298,0.06,0.59,0.8,-39.06,25.51,-16.42,NO_FALL,,
2026-07-28 11:02:32.299,0.06,0.59,0.8,-39.06,25.51,-16.42,NO_FALL,,
2026-07-28 11:02:32.358,0.03,0.53,0.82,-65.0,32.47,-11.6,NO_FALL,,
2026-07-28 11:02:32.358,0.03,0.53,0.82,-65.0,32.47,-11.6,NO_FALL,,
2026-07-28 11:02:32.418,-0.01,0.46,0.81,-70.68,37.6,0.61,NO_FALL,,
2026-07-28 11:02:32.418,0.01,0.45,0.85,-54.57,26.37,14.1,NO_FALL,,
2026-07-28 11:02:32.419,0.01,0.45,0.85,-54.57,26.37,14.1,NO_FALL,,
2026-07-28 11:02:32.478,0.01,0.47,0.86,-40.59,25.63,16.97,NO_FALL,,
2026-07-28 11:02:32.478,0.01,0.47,0.86,-40.59,25.63,16.97,NO_FALL,,
2026-07-28 11:02:32.479,-0.01,0.47,0.84,-28.87,23.56,12.7,NO_FALL,,
2026-07-28 11:02:32.538,-0.01,0.47,0.84,-28.87,23.56,12.7,NO_FALL,,
2026-07-28 11:02:32.538,-0.01,0.46,0.85,-10.31,6.71,9.64,NO_FALL,,
